timestamp,iteration,metric_name,metric_value,best_metric,delta_from_prev,delta_from_best
1766894988.9069939,0,combined_score,0.9357279964134871,0.9357279964134871,,
1766895047.199237,4,combined_score,0.9518893348619638,0.9518893348619638,0.01616133844847667,0.01616133844847667
1766895090.4576402,2,combined_score,0.9596242334303386,0.9596242334303386,0.007734898568374837,0.007734898568374837
1766895164.4098053,6,combined_score,0.8733877560363223,0.9596242334303386,-0.0862364773940163,-0.0862364773940163
1766895205.651474,3,combined_score,0.0,0.9596242334303386,-0.8733877560363223,-0.9596242334303386
1766895266.6143982,8,combined_score,0.9423750269906865,0.9596242334303386,0.9423750269906865,-0.01724920643965211
1766895338.8738294,7,combined_score,0.9516477929353615,0.9596242334303386,0.009272765944674966,-0.007976440494977144
1766895415.9163885,1,combined_score,0.0,0.9596242334303386,-0.9516477929353615,-0.9596242334303386
1766895433.0189943,9,combined_score,0.9065694447989654,0.9596242334303386,0.9065694447989654,-0.05305478863137325
1766895437.4505193,10,combined_score,0.9275232043919298,0.9596242334303386,0.020953759592964416,-0.032101029038408835
1766895473.068018,5,combined_score,0.0,0.9596242334303386,-0.9275232043919298,-0.9596242334303386
1766895522.5170238,12,combined_score,0.9626521219376789,0.9626521219376789,0.9626521219376789,0.0030278885073402595
1766895638.8446405,13,combined_score,0.0,0.9626521219376789,-0.9626521219376789,-0.9626521219376789
1766895728.7670748,15,combined_score,0.0,0.9626521219376789,0.0,-0.9626521219376789
1766895780.750029,17,combined_score,0.9440047757055735,0.9626521219376789,0.9440047757055735,-0.0186473462321054
1766895851.6646872,11,combined_score,0.0,0.9626521219376789,-0.9440047757055735,-0.9626521219376789
1766895882.656986,14,combined_score,0.0,0.9626521219376789,0.0,-0.9626521219376789
1766895905.3782256,18,combined_score,0.9648063784165714,0.9648063784165714,0.9648063784165714,0.0021542564788924468
1766895917.7884054,16,combined_score,0.0,0.9648063784165714,-0.9648063784165714,-0.9648063784165714
1766895970.854424,20,combined_score,0.9481595776959413,0.9648063784165714,0.9481595776959413,-0.016646800720630073
1766895999.94838,21,combined_score,0.9635495195560396,0.9648063784165714,0.015389941860098344,-0.0012568588605317288
1766896032.6869602,19,combined_score,0.0,0.9648063784165714,-0.9635495195560396,-0.9648063784165714
1766896058.4984736,22,combined_score,0.0,0.9648063784165714,0.0,-0.9648063784165714
1766896069.2555912,25,combined_score,0.9278690496950819,0.9648063784165714,0.9278690496950819,-0.03693732872148947
1766896163.090581,24,combined_score,0.0,0.9648063784165714,-0.9278690496950819,-0.9648063784165714
1766896163.5082672,23,combined_score,0.8284980643036582,0.9648063784165714,0.8284980643036582,-0.1363083141129131
1766896219.1610892,26,combined_score,0.0,0.9648063784165714,-0.8284980643036582,-0.9648063784165714
1766896315.8092723,27,combined_score,0.0,0.9648063784165714,0.0,-0.9648063784165714
1766896397.1044264,30,combined_score,0.0,0.9648063784165714,0.0,-0.9648063784165714
1766896431.6243203,31,combined_score,0.0,0.9648063784165714,0.0,-0.9648063784165714
1766896550.0227716,33,combined_score,0.9470017310571628,0.9648063784165714,0.9470017310571628,-0.017804647359408565
1766896586.7777467,29,combined_score,0.0,0.9648063784165714,-0.9470017310571628,-0.9648063784165714
1766896589.3813696,28,combined_score,0.0,0.9648063784165714,0.0,-0.9648063784165714
1766896607.3293471,32,combined_score,0.0,0.9648063784165714,0.0,-0.9648063784165714
1766896684.7401521,34,combined_score,0.954430662302737,0.9648063784165714,0.954430662302737,-0.010375716113834366
1766896713.3135605,38,combined_score,0.0,0.9648063784165714,-0.954430662302737,-0.9648063784165714
1766896792.6342978,35,combined_score,0.8312135816844662,0.9648063784165714,0.8312135816844662,-0.1335927967321051
1766896876.757056,39,combined_score,0.8790354819958779,0.9648063784165714,0.04782190031141165,-0.08577089642069347
1766896887.4051602,40,combined_score,0.9538448750977141,0.9648063784165714,0.07480939310183621,-0.010961503318857257
1766896951.9572535,36,combined_score,0.0,0.9648063784165714,-0.9538448750977141,-0.9648063784165714
1766896984.0734658,43,combined_score,0.0,0.9648063784165714,0.0,-0.9648063784165714
1766897017.6864843,37,combined_score,0.0,0.9648063784165714,0.0,-0.9648063784165714
1766897043.0044725,44,combined_score,0.9306730686947198,0.9648063784165714,0.9306730686947198,-0.03413330972185158
1766897059.8323023,41,combined_score,0.8653413555170812,0.9648063784165714,-0.06533171317763853,-0.09946502289949011
1766897195.413447,46,combined_score,0.0,0.9648063784165714,-0.8653413555170812,-0.9648063784165714
1766897202.2225342,47,combined_score,0.0,0.9648063784165714,0.0,-0.9648063784165714
1766897243.3675616,45,combined_score,0.0,0.9648063784165714,0.0,-0.9648063784165714
1766897291.0253057,49,combined_score,0.945198534500758,0.9648063784165714,0.945198534500758,-0.019607843915813383
1766897303.5427613,42,combined_score,0.0,0.9648063784165714,-0.945198534500758,-0.9648063784165714
1766897449.0710385,51,combined_score,0.0,0.9648063784165714,0.0,-0.9648063784165714
1766897510.0045269,52,combined_score,0.0,0.9648063784165714,0.0,-0.9648063784165714
1766897545.207586,54,combined_score,0.0,0.9648063784165714,0.0,-0.9648063784165714
1766897611.6631331,48,combined_score,0.0,0.9648063784165714,0.0,-0.9648063784165714
1766897627.966787,53,combined_score,0.0,0.9648063784165714,0.0,-0.9648063784165714
1766897686.0750053,56,combined_score,0.9242341277194065,0.9648063784165714,0.9242341277194065,-0.04057225069716486
1766897686.784514,50,combined_score,0.0,0.9648063784165714,-0.9242341277194065,-0.9648063784165714
1766897692.682625,55,combined_score,0.9579372967148341,0.9648063784165714,0.9579372967148341,-0.0068690817017372785
1766897719.0032067,59,combined_score,0.7949065562355814,0.9648063784165714,-0.1630307404792527,-0.16989982218098998
1766897772.892253,58,combined_score,0.9483721787193449,0.9648063784165714,0.1534656224837635,-0.01643419969722648
1766897788.7157915,60,combined_score,0.9753669913346422,0.9753669913346422,0.026994812615297348,0.010560612918070866
1766897806.5291846,57,combined_score,0.0,0.9753669913346422,-0.9753669913346422,-0.9753669913346422
1766897811.703755,62,combined_score,0.8963036391570272,0.9753669913346422,0.8963036391570272,-0.07906335217761506
1766897830.3264618,63,combined_score,0.9490011787994557,0.9753669913346422,0.052697539642428515,-0.02636581253518655
1766897860.3343704,61,combined_score,0.9521927045541895,0.9753669913346422,0.003191525754733804,-0.023174286780452746
1766897872.2191627,66,combined_score,0.9369841361421573,0.9753669913346422,-0.01520856841203222,-0.038382855192484966
1766897872.5162048,65,combined_score,0.9325236153626687,0.9753669913346422,-0.004460520779488553,-0.04284337597197352
1766897883.771275,64,combined_score,0.9611189249679895,0.9753669913346422,0.02859530960532075,-0.014248066366652767
1766897919.3231337,68,combined_score,0.9191504499253869,0.9753669913346422,-0.04196847504260259,-0.05621654140925536
1766897963.3868525,67,combined_score,0.9362788444561583,0.9753669913346422,0.017128394530771418,-0.03908814687848394
1766897966.1967108,69,combined_score,0.9568745466472789,0.9753669913346422,0.020595702191120613,-0.01849244468736333
1766898036.042591,71,combined_score,0.9615640549251349,0.9753669913346422,0.004689508277855969,-0.01380293640950736
1766898053.5245936,73,combined_score,0.9208962594174904,0.9753669913346422,-0.04066779550764443,-0.05447073191715179
1766898066.0503602,70,combined_score,0.9581839824087787,0.9753669913346422,0.03728772299128824,-0.017183008925863552
1766898077.625335,74,combined_score,0.9013691277393742,0.9753669913346422,-0.0568148546694045,-0.07399786359526805
1766898177.7833676,77,combined_score,0.9430596813766098,0.9753669913346422,0.04169055363723562,-0.03230730995803244
1766898214.457838,72,combined_score,0.0,0.9753669913346422,-0.9430596813766098,-0.9753669913346422
1766898230.3143966,75,combined_score,0.9682935472663675,0.9753669913346422,0.9682935472663675,-0.0070734440682747035
1766898263.8829546,78,combined_score,0.9501677682298234,0.9753669913346422,-0.01812577903654411,-0.025199223104818813
1766898310.3210876,80,combined_score,0.9524223695711294,0.9753669913346422,0.0022546013413059507,-0.022944621763512862
1766898333.3461993,82,combined_score,0.0,0.9753669913346422,-0.9524223695711294,-0.9753669913346422
1766898359.9229987,79,combined_score,0.0,0.9753669913346422,0.0,-0.9753669913346422
1766898387.9684274,83,combined_score,0.910892216580839,0.9753669913346422,0.910892216580839,-0.06447477475380325
1766898399.6280017,84,combined_score,0.0,0.9753669913346422,-0.910892216580839,-0.9753669913346422
1766898466.682841,81,combined_score,0.9624116826673553,0.9753669913346422,0.9624116826673553,-0.012955308667286891
1766898474.5309756,85,combined_score,0.9171309678347862,0.9753669913346422,-0.045280714832569124,-0.058236023499856016
1766898496.1539054,76,combined_score,0.0,0.9753669913346422,-0.9171309678347862,-0.9753669913346422
1766898513.8271506,86,combined_score,0.9505169725100039,0.9753669913346422,0.9505169725100039,-0.02485001882463833
1766898517.0230985,87,combined_score,0.8850729855340304,0.9753669913346422,-0.06544398697597353,-0.09029400580061187
1766898575.098691,88,combined_score,0.9612551319448227,0.9753669913346422,0.07618214641079235,-0.014111859389819514
1766898577.4328716,90,combined_score,0.9501966929462614,0.9753669913346422,-0.011058438998561293,-0.025170298388380807
1766898597.634267,89,combined_score,0.9550687929854993,0.9753669913346422,0.004872100039237881,-0.020298198349142926
1766898611.7709103,91,combined_score,0.9601784121650935,0.9753669913346422,0.0051096191795941825,-0.015188579169548744
1766898632.5776198,92,combined_score,0.9480208317693862,0.9753669913346422,-0.012157580395707246,-0.02734615956525599
1766898721.6528604,96,combined_score,0.9552894521469097,0.9753669913346422,0.007268620377523516,-0.020077539187732474
1766898746.2160258,94,combined_score,0.9465708615393194,0.9753669913346422,-0.008718590607590393,-0.028796129795322867
1766898761.3130143,95,combined_score,0.9532237988626127,0.9753669913346422,0.0066529373232933064,-0.02214319247202956
1766898768.51115,97,combined_score,0.9066449455610742,0.9753669913346422,-0.046578853301538437,-0.068722045773568
1766898810.0703058,93,combined_score,0.0,0.9753669913346422,-0.9066449455610742,-0.9753669913346422
1766898814.095999,99,combined_score,0.9521725184695331,0.9753669913346422,0.9521725184695331,-0.023194472865109117
1766898845.2646046,101,combined_score,0.8934075569888491,0.9753669913346422,-0.058764961480684,-0.08195943434579311
1766898852.5204449,100,combined_score,0.9552698006037758,0.9753669913346422,0.06186224361492665,-0.020097190730866465
1766898866.1829093,98,combined_score,0.9526300386449185,0.9753669913346422,-0.0026397619588572896,-0.022736952689723755
1766898907.348544,104,combined_score,0.8723955291468195,0.9753669913346422,-0.08023450949809896,-0.10297146218782272
1766898936.068487,106,combined_score,0.0,0.9753669913346422,-0.8723955291468195,-0.9753669913346422
1766898944.5571713,105,combined_score,0.9547023738035961,0.9753669913346422,0.9547023738035961,-0.020664617531046092
1766899030.945322,103,combined_score,0.9494593945704636,0.9753669913346422,-0.00524297923313255,-0.025907596764178642
1766899085.4298427,107,combined_score,0.9602814751305562,0.9753669913346422,0.010822080560092595,-0.015085516204086047
1766899120.3955936,108,combined_score,0.9652942715699937,0.9753669913346422,0.005012796439437528,-0.010072719764648519
1766899128.660761,109,combined_score,0.9448135499527357,0.9753669913346422,-0.020480721617258002,-0.03055344138190652
1766899178.8747704,110,combined_score,0.9417213922546579,0.9753669913346422,-0.003092157698077802,-0.03364559907998432
1766899241.7648864,111,combined_score,0.9573180626412612,0.9753669913346422,0.015596670386603284,-0.01804892869338104
1766899244.7688918,102,combined_score,0.0,0.9753669913346422,-0.9573180626412612,-0.9753669913346422
1766899262.5473273,112,combined_score,0.9637183048797431,0.9753669913346422,0.9637183048797431,-0.011648686454899138
1766899332.269645,113,combined_score,0.9617421529252974,0.9753669913346422,-0.0019761519544456707,-0.013624838409344808
1766899356.1253316,116,combined_score,0.9400952886238437,0.9753669913346422,-0.021646864301453683,-0.03527170271079849
1766899361.6741128,114,combined_score,0.9540650907174073,0.9753669913346422,0.013969802093563577,-0.021301900617234915
1766899377.3836787,115,combined_score,0.9605019368145488,0.9753669913346422,0.006436846097141458,-0.014865054520093457
1766899387.4119852,118,combined_score,0.0,0.9753669913346422,-0.9605019368145488,-0.9753669913346422
1766899452.9644914,121,combined_score,0.9398867307948673,0.9753669913346422,0.9398867307948673,-0.03548026053977493
1766899482.955386,119,combined_score,0.9599036183540136,0.9753669913346422,0.020016887559146324,-0.015463372980628609
1766899512.6336386,123,combined_score,0.0,0.9753669913346422,-0.9599036183540136,-0.9753669913346422
1766899635.17541,122,combined_score,0.9710960515128082,0.9753669913346422,0.9710960515128082,-0.004270939821834019
1766899668.1194701,124,combined_score,0.0,0.9753669913346422,-0.9710960515128082,-0.9753669913346422
1766899707.2435832,120,combined_score,0.0,0.9753669913346422,0.0,-0.9753669913346422
1766899763.0279737,125,combined_score,0.0,0.9753669913346422,0.0,-0.9753669913346422
1766899795.292074,117,combined_score,0.0,0.9753669913346422,0.0,-0.9753669913346422
1766899822.5958982,127,combined_score,0.0,0.9753669913346422,0.0,-0.9753669913346422
1766899882.4144123,128,combined_score,0.9677861017043525,0.9753669913346422,0.9677861017043525,-0.007580889630289689
1766899913.7852526,130,combined_score,0.9557019198980443,0.9753669913346422,-0.012084181806308214,-0.019665071436597903
1766899959.736401,129,combined_score,0.0,0.9753669913346422,-0.9557019198980443,-0.9753669913346422
1766900023.4361675,131,combined_score,0.9581833363950206,0.9753669913346422,0.9581833363950206,-0.017183654939621595
1766900060.5829356,132,combined_score,0.9654501155524703,0.9753669913346422,0.007266779157449665,-0.00991687578217193
1766900093.8213453,126,combined_score,0.0,0.9753669913346422,-0.9654501155524703,-0.9753669913346422
1766900122.6488252,133,combined_score,0.9687424134590076,0.9753669913346422,0.9687424134590076,-0.006624577875634641
1766900231.8429334,136,combined_score,0.0,0.9753669913346422,-0.9687424134590076,-0.9753669913346422
1766900263.3847272,137,combined_score,0.0,0.9753669913346422,0.0,-0.9753669913346422
1766900288.4291973,139,combined_score,0.8713178218947207,0.9753669913346422,0.8713178218947207,-0.10404916943992149
1766900342.4534125,140,combined_score,0.9594004898988956,0.9753669913346422,0.08808266800417486,-0.015966501435746627
1766900385.3310652,138,combined_score,0.9636707443889528,0.9753669913346422,0.004270254490057246,-0.011696246945689381
1766900476.6268456,134,combined_score,0.0,0.9753669913346422,-0.9636707443889528,-0.9753669913346422
1766900481.847414,135,combined_score,0.0,0.9753669913346422,0.0,-0.9753669913346422
1766900511.6845589,143,combined_score,0.0,0.9753669913346422,0.0,-0.9753669913346422
1766900549.1741145,142,combined_score,0.0,0.9753669913346422,0.0,-0.9753669913346422
1766900646.5197408,144,combined_score,0.9647725067978365,0.9753669913346422,0.9647725067978365,-0.01059448453680567
1766900646.7866328,145,combined_score,0.9615088104919463,0.9753669913346422,-0.0032636963058902957,-0.013858180842695966
1766900715.3127959,146,combined_score,0.9052737467227145,0.9753669913346422,-0.05623506376923171,-0.07009324461192767
1766900771.9785616,141,combined_score,0.0,0.9753669913346422,-0.9052737467227145,-0.9753669913346422
1766900845.7883775,149,combined_score,0.0,0.9753669913346422,0.0,-0.9753669913346422
1766900852.8498778,147,combined_score,0.9651116141699039,0.9753669913346422,0.9651116141699039,-0.010255377164738344
1766900871.4777253,148,combined_score,0.9632237831849577,0.9753669913346422,-0.0018878309849461594,-0.012143208149684503
1766900920.624015,153,combined_score,0.0,0.9753669913346422,-0.9632237831849577,-0.9753669913346422
1766900989.9876757,152,combined_score,0.0,0.9753669913346422,0.0,-0.9753669913346422
1766901189.8771214,150,combined_score,0.0,0.9753669913346422,0.0,-0.9753669913346422
1766901264.4609067,151,combined_score,0.0,0.9753669913346422,0.0,-0.9753669913346422
1766901333.1445656,155,combined_score,0.0,0.9753669913346422,0.0,-0.9753669913346422
1766901367.3498347,154,combined_score,0.0,0.9753669913346422,0.0,-0.9753669913346422
1766901508.4053898,158,combined_score,0.979036126199171,0.979036126199171,0.979036126199171,0.0036691348645288002
1766901597.030552,157,combined_score,0.0,0.979036126199171,-0.979036126199171,-0.979036126199171
1766901643.6436443,156,combined_score,0.0,0.979036126199171,0.0,-0.979036126199171
1766901659.9795454,160,combined_score,0.9587143439134183,0.979036126199171,0.9587143439134183,-0.020321782285752765
1766901784.515352,159,combined_score,0.0,0.979036126199171,-0.9587143439134183,-0.979036126199171
1766901803.4923463,162,combined_score,0.0,0.979036126199171,0.0,-0.979036126199171
1766901916.4343064,164,combined_score,0.9454450461657946,0.979036126199171,0.9454450461657946,-0.03359108003337641
1766901963.6599019,165,combined_score,0.0,0.979036126199171,-0.9454450461657946,-0.979036126199171
1766902012.1790354,166,combined_score,0.9580360932348739,0.979036126199171,0.9580360932348739,-0.02100003296429709
1766902023.4925306,167,combined_score,0.0,0.979036126199171,-0.9580360932348739,-0.979036126199171
1766902030.327785,161,combined_score,0.0,0.979036126199171,0.0,-0.979036126199171
1766902097.5875137,163,combined_score,0.0,0.979036126199171,0.0,-0.979036126199171
1766902146.0402043,169,combined_score,0.9606347352978936,0.979036126199171,0.9606347352978936,-0.01840139090127746
1766902156.0104873,168,combined_score,0.9613767810977952,0.979036126199171,0.0007420457999016694,-0.01765934510137579
1766902192.8870113,170,combined_score,0.9232656444616103,0.979036126199171,-0.03811113663618493,-0.05577048173756072
1766902317.0756364,174,combined_score,0.9602076495849835,0.979036126199171,0.0369420051233732,-0.018828476614187517
1766902357.8864894,175,combined_score,0.0,0.979036126199171,-0.9602076495849835,-0.979036126199171
1766902362.5183048,173,combined_score,0.9654867248535917,0.979036126199171,0.9654867248535917,-0.01354940134557936
1766902411.9018693,172,combined_score,0.9687167279391512,0.979036126199171,0.0032300030855595407,-0.010319398260019819
1766902515.0739632,176,combined_score,0.9566524206200715,0.979036126199171,-0.012064307319079703,-0.022383705579099522
1766902518.6318042,171,combined_score,0.0,0.979036126199171,-0.9566524206200715,-0.979036126199171
1766902662.7145898,180,combined_score,0.9652176016520472,0.979036126199171,0.9652176016520472,-0.013818524547123845
1766902701.1312962,178,combined_score,0.0,0.979036126199171,-0.9652176016520472,-0.979036126199171
1766902821.8673756,177,combined_score,0.0,0.979036126199171,0.0,-0.979036126199171
1766902839.5166519,182,combined_score,0.9680397600765471,0.979036126199171,0.9680397600765471,-0.01099636612262389
1766902946.2111757,179,combined_score,0.0,0.979036126199171,-0.9680397600765471,-0.979036126199171
1766902969.7173548,183,combined_score,0.9605253063780702,0.979036126199171,0.9605253063780702,-0.01851081982110081
1766902970.311481,184,combined_score,0.9606849041668744,0.979036126199171,0.00015959778880414444,-0.018351222032296666
1766903085.1611059,181,combined_score,0.0,0.979036126199171,-0.9606849041668744,-0.979036126199171
1766903094.4397721,185,combined_score,0.9598864169766507,0.979036126199171,0.9598864169766507,-0.01914970922252035
1766903146.390906,187,combined_score,0.9585048235270895,0.979036126199171,-0.0013815934495611248,-0.020531302672081475
1766903247.907836,189,combined_score,0.9590713895611943,0.979036126199171,0.0005665660341047651,-0.01996473663797671
1766903298.3489118,190,combined_score,0.9648237821043306,0.979036126199171,0.005752392543136309,-0.014212344094840401
1766903343.8799782,191,combined_score,0.9584014765458744,0.979036126199171,-0.006422305558456243,-0.020634649653296644
1766903370.4068763,192,combined_score,0.9137888250415259,0.979036126199171,-0.044612651504348455,-0.0652473011576451
1766903396.4781966,193,combined_score,0.9084089385323132,0.979036126199171,-0.005379886509212728,-0.07062718766685783
1766903403.6343129,186,combined_score,0.0,0.979036126199171,-0.9084089385323132,-0.979036126199171
1766903454.6493113,195,combined_score,0.9001202630210341,0.979036126199171,0.9001202630210341,-0.07891586317813692
1766903515.032415,188,combined_score,0.0,0.979036126199171,-0.9001202630210341,-0.979036126199171
1766903523.6328547,194,combined_score,0.9735367849822608,0.979036126199171,0.9735367849822608,-0.005499341216910203
1766903548.7757432,198,combined_score,0.0,0.979036126199171,-0.9735367849822608,-0.979036126199171
1766903572.641097,196,combined_score,0.9630002419203239,0.979036126199171,0.9630002419203239,-0.016035884278847168
1766903601.328184,201,combined_score,0.0,0.979036126199171,-0.9630002419203239,-0.979036126199171
1766903649.0112724,197,combined_score,0.9595409490249273,0.979036126199171,0.9595409490249273,-0.01949517717424376
1766903737.7264915,199,combined_score,0.9683661627259036,0.979036126199171,0.008825213700976331,-0.01066996347326743
1766903759.542555,203,combined_score,0.9286899779570499,0.979036126199171,-0.039676184768853706,-0.050346148242121136
1766903777.7676797,202,combined_score,0.9584581471445464,0.979036126199171,0.029768169187496474,-0.020577979054624662
1766903781.8384666,200,combined_score,0.9654291905763679,0.979036126199171,0.006971043431821533,-0.013606935622803129
1766903826.7777863,206,combined_score,0.9403344775829912,0.979036126199171,-0.025094712993376733,-0.03870164861617986
1766903843.7633114,204,combined_score,0.9590336361737375,0.979036126199171,0.018699158590746334,-0.020002490025433528
1766903904.3246193,207,combined_score,0.9579963794171912,0.979036126199171,-0.001037256756546312,-0.02103974678197984
1766903904.8018332,209,combined_score,0.9431190020090929,0.979036126199171,-0.014877377408098247,-0.03591712419007809
1766903922.566795,205,combined_score,0.9661776295151183,0.979036126199171,0.023058627506025386,-0.0128584966840527
1766903944.1551945,208,combined_score,0.9646711623727839,0.979036126199171,-0.0015064671423343778,-0.014364963826387078
1766903978.8844154,212,combined_score,0.9368047650479654,0.979036126199171,-0.027866397324818548,-0.042231361151205626
1766904016.3650875,211,combined_score,0.9591209752427972,0.979036126199171,0.022316210194831765,-0.01991515095637386
1766904073.823083,210,combined_score,0.962233752689537,0.979036126199171,0.0031127774467398783,-0.016802373509633983
1766904097.477777,213,combined_score,0.966096454360598,0.979036126199171,0.003862701671060953,-0.01293967183857303
1766904152.0904214,216,combined_score,0.890478946713022,0.979036126199171,-0.07561750764757602,-0.08855717948614905
1766904163.2736177,214,combined_score,0.9718134428457056,0.979036126199171,0.08133449613268362,-0.007222683353465431
1766904180.3737972,215,combined_score,0.9311982518755302,0.979036126199171,-0.04061519097017541,-0.04783787432364084
1766904205.5082264,219,combined_score,0.0,0.979036126199171,-0.9311982518755302,-0.979036126199171
1766904247.6046984,217,combined_score,0.9642620370127303,0.979036126199171,0.9642620370127303,-0.014774089186440742
1766904335.2839348,220,combined_score,0.9666670032109876,0.979036126199171,0.0024049661982573634,-0.012369122988183379
1766904343.6043823,218,combined_score,0.9700283095162127,0.979036126199171,0.0033613063052250203,-0.009007816682958358
1766904378.4405458,223,combined_score,0.0,0.979036126199171,-0.9700283095162127,-0.979036126199171
1766904386.9118571,222,combined_score,0.9577119299306728,0.979036126199171,0.9577119299306728,-0.02132419626849824
1766904476.470652,226,combined_score,0.8844191785339225,0.979036126199171,-0.07329275139675029,-0.09461694766524853
1766904581.9306428,225,combined_score,0.9634399041255954,0.979036126199171,0.07902072559167295,-0.015596222073575583
1766904588.9810274,227,combined_score,0.960622914177728,0.979036126199171,-0.0028169899478673877,-0.01841321202144297
1766904632.8813004,221,combined_score,0.0,0.979036126199171,-0.960622914177728,-0.979036126199171
1766904745.9296427,228,combined_score,0.9545140462132187,0.979036126199171,0.9545140462132187,-0.02452207998595235
1766904753.6475601,230,combined_score,0.9667618261437367,0.979036126199171,0.012247779930518066,-0.012274300055434284
1766904815.1447961,224,combined_score,0.0,0.979036126199171,-0.9667618261437367,-0.979036126199171
1766904890.3323712,231,combined_score,0.9596337412343696,0.979036126199171,0.9596337412343696,-0.0194023849648014
1766904937.5464425,234,combined_score,0.0,0.979036126199171,-0.9596337412343696,-0.979036126199171
1766904967.197399,233,combined_score,0.9548612081628179,0.979036126199171,0.9548612081628179,-0.024174918036353077
1766905060.1801503,229,combined_score,0.0,0.979036126199171,-0.9548612081628179,-0.979036126199171
1766905089.495626,236,combined_score,0.9498691752805902,0.979036126199171,0.9498691752805902,-0.029166950918580792
1766905111.971244,235,combined_score,0.0,0.979036126199171,-0.9498691752805902,-0.979036126199171
1766905186.1770496,232,combined_score,0.0,0.979036126199171,0.0,-0.979036126199171
1766905219.6408255,237,combined_score,0.9685511538626101,0.979036126199171,0.9685511538626101,-0.010484972336560872
1766905298.1101959,240,combined_score,0.9448633601642134,0.979036126199171,-0.023687793698396797,-0.03417276603495767
1766905307.1915429,238,combined_score,0.9631079345533531,0.979036126199171,0.018244574389139734,-0.015928191645817935
1766905476.2264845,242,combined_score,0.97173493115277,0.979036126199171,0.008626996599416903,-0.007301195046401032
1766905548.555544,239,combined_score,0.0,0.979036126199171,-0.97173493115277,-0.979036126199171
1766905553.606369,241,combined_score,0.0,0.979036126199171,0.0,-0.979036126199171
1766905610.1336024,246,combined_score,0.6604950671732298,0.979036126199171,0.6604950671732298,-0.3185410590259412
1766905691.4372692,244,combined_score,0.0,0.979036126199171,-0.6604950671732298,-0.979036126199171
1766905723.309811,248,combined_score,0.0,0.979036126199171,0.0,-0.979036126199171
1766905726.7946124,243,combined_score,0.0,0.979036126199171,0.0,-0.979036126199171
1766905753.6871486,247,combined_score,0.9564594359863369,0.979036126199171,0.9564594359863369,-0.02257669021283415
1766905755.6109338,245,combined_score,0.9694256259006867,0.979036126199171,0.012966189914349835,-0.009610500298484315
1766905794.4469593,252,combined_score,0.0,0.979036126199171,-0.9694256259006867,-0.979036126199171
1766905804.8811405,251,combined_score,0.9374002725067158,0.979036126199171,0.9374002725067158,-0.04163585369245526
1766905927.848677,253,combined_score,0.9613912119997049,0.979036126199171,0.02399093949298914,-0.017644914199466122
1766905976.3661907,254,combined_score,0.9285222536811745,0.979036126199171,-0.03286895831853043,-0.05051387251799655
1766906101.4992769,256,combined_score,0.9566018160977232,0.979036126199171,0.028079562416548742,-0.022434310101447807
1766906118.8017917,255,combined_score,0.9324305210941728,0.979036126199171,-0.02417129500355042,-0.04660560510499823
1766906152.6486018,250,combined_score,0.0,0.979036126199171,-0.9324305210941728,-0.979036126199171
1766906193.0357907,249,combined_score,0.0,0.979036126199171,0.0,-0.979036126199171
1766906198.0519934,259,combined_score,0.9270993827673697,0.979036126199171,0.9270993827673697,-0.051936743431801324
1766906220.6470919,257,combined_score,0.9496571512642646,0.979036126199171,0.022557768496894948,-0.029378974934906377
1766906225.7728932,258,combined_score,0.958412640609953,0.979036126199171,0.008755489345688372,-0.020623485589218005
1766906295.2845342,263,combined_score,0.9388576481492449,0.979036126199171,-0.01955499246070813,-0.040178478049926136
1766906353.0608082,262,combined_score,0.938059153521656,0.979036126199171,-0.0007984946275888527,-0.04097697267751499
1766906409.2669978,264,combined_score,0.9654458297445271,0.979036126199171,0.027386676222871054,-0.013590296454643935
1766906465.9401884,261,combined_score,0.0,0.979036126199171,-0.9654458297445271,-0.979036126199171
1766906472.0708094,265,combined_score,0.9617555647809903,0.979036126199171,0.9617555647809903,-0.017280561418180684
1766906502.0975242,266,combined_score,0.9387298815100024,0.979036126199171,-0.023025683270987973,-0.04030624468916866
1766906543.0636446,269,combined_score,0.0,0.979036126199171,-0.9387298815100024,-0.979036126199171
1766906613.412497,260,combined_score,0.0,0.979036126199171,0.0,-0.979036126199171
1766906651.475622,267,combined_score,0.8817802801014387,0.979036126199171,0.8817802801014387,-0.0972558460977323
1766906688.211642,268,combined_score,0.9667344178972805,0.979036126199171,0.08495413779584182,-0.01230170830189048
1766906696.6582444,270,combined_score,0.9451229884208409,0.979036126199171,-0.02161142947643968,-0.03391313777833016
1766906802.657554,271,combined_score,0.9257272503209946,0.979036126199171,-0.019395738099846294,-0.053308875878176454
1766906912.0807815,274,combined_score,0.9655537216961028,0.979036126199171,0.0398264713751082,-0.013482404503068257
1766907076.900487,272,combined_score,0.0,0.979036126199171,-0.9655537216961028,-0.979036126199171
1766907108.1949189,273,combined_score,0.0,0.979036126199171,0.0,-0.979036126199171
1766907113.9841833,276,combined_score,0.0,0.979036126199171,0.0,-0.979036126199171
1766907223.026861,275,combined_score,0.0,0.979036126199171,0.0,-0.979036126199171
1766907252.3792496,277,combined_score,0.0,0.979036126199171,0.0,-0.979036126199171
1766907258.027647,279,combined_score,0.0,0.979036126199171,0.0,-0.979036126199171
1766907406.3889575,280,combined_score,0.9689240094833533,0.979036126199171,0.9689240094833533,-0.010112116715817687
1766907532.1799579,278,combined_score,0.0,0.979036126199171,-0.9689240094833533,-0.979036126199171
1766907559.7674985,283,combined_score,0.0,0.979036126199171,0.0,-0.979036126199171
1766907680.7897184,281,combined_score,0.0,0.979036126199171,0.0,-0.979036126199171
1766907687.978824,282,combined_score,0.0,0.979036126199171,0.0,-0.979036126199171
1766907736.8319006,284,combined_score,0.0,0.979036126199171,0.0,-0.979036126199171
1766907804.96771,286,combined_score,0.9356750816874463,0.979036126199171,0.9356750816874463,-0.04336104451172473
1766907881.6590528,288,combined_score,0.9473584809467513,0.979036126199171,0.01168339925930506,-0.03167764525241967
1766907929.9743834,287,combined_score,0.0,0.979036126199171,-0.9473584809467513,-0.979036126199171
1766907976.7759745,285,combined_score,0.0,0.979036126199171,0.0,-0.979036126199171
1766908002.9692025,289,combined_score,0.0,0.979036126199171,0.0,-0.979036126199171
1766908090.0301461,291,combined_score,0.9578766578830729,0.979036126199171,0.9578766578830729,-0.021159468316098162
1766908105.20881,292,combined_score,0.0,0.979036126199171,-0.9578766578830729,-0.979036126199171
1766908110.5064259,290,combined_score,0.0,0.979036126199171,0.0,-0.979036126199171
1766908129.6012516,294,combined_score,0.0,0.979036126199171,0.0,-0.979036126199171
1766908155.6810915,296,combined_score,0.9308516012571925,0.979036126199171,0.9308516012571925,-0.04818452494197856
1766908224.5010521,298,combined_score,0.955716940557013,0.979036126199171,0.024865339299820488,-0.02331918564215807
1766908231.5848045,295,combined_score,0.9560449654481304,0.979036126199171,0.00032802489111749544,-0.022991160751040574
1766908269.3215034,297,combined_score,0.9582455151029716,0.979036126199171,0.0022005496548411774,-0.020790611096199396
1766908275.5317185,299,combined_score,0.928367931563063,0.979036126199171,-0.02987758353990866,-0.050668194636108055
1766908386.121082,300,combined_score,0.9561584450653604,0.979036126199171,0.027790513502297443,-0.022877681133810612
1766908426.4173114,302,combined_score,0.9675829886535007,0.979036126199171,0.011424543588140268,-0.011453137545670344
1766908426.622179,293,combined_score,0.0,0.979036126199171,-0.9675829886535007,-0.979036126199171
1766908490.2792404,305,combined_score,0.8995186981637829,0.979036126199171,0.8995186981637829,-0.07951742803538808
1766908520.1665466,306,combined_score,0.0,0.979036126199171,-0.8995186981637829,-0.979036126199171
1766908615.1135626,304,combined_score,0.9611085771546002,0.979036126199171,0.9611085771546002,-0.017927549044570834
1766908652.8787174,308,combined_score,0.8956166132232954,0.979036126199171,-0.06549196393130474,-0.08341951297587558
1766908672.0838218,301,combined_score,0.0,0.979036126199171,-0.8956166132232954,-0.979036126199171
1766908718.2665007,310,combined_score,0.9303912847520782,0.979036126199171,0.9303912847520782,-0.0486448414470928
1766908756.4911895,307,combined_score,0.0,0.979036126199171,-0.9303912847520782,-0.979036126199171
1766908812.2615345,303,combined_score,0.0,0.979036126199171,0.0,-0.979036126199171
1766908815.3365786,312,combined_score,0.9338153116571021,0.979036126199171,0.9338153116571021,-0.04522081454206894
1766908836.9452136,309,combined_score,0.0,0.979036126199171,-0.9338153116571021,-0.979036126199171
1766908930.6770833,311,combined_score,0.9786415858870341,0.979036126199171,0.9786415858870341,-0.0003945403121369262
1766908942.0412676,313,combined_score,0.964923219930133,0.979036126199171,-0.013718365956901124,-0.01411290626903805
1766908960.599059,315,combined_score,0.913609117544268,0.979036126199171,-0.05131410238586498,-0.06542700865490303
1766909034.1759865,316,combined_score,0.9022834600200695,0.979036126199171,-0.011325657524198451,-0.07675266617910148
1766909126.3129623,318,combined_score,0.9612951453708998,0.979036126199171,0.059011685350830234,-0.017740980828271247
1766909195.395963,317,combined_score,0.0,0.979036126199171,-0.9612951453708998,-0.979036126199171
1766909200.8242288,319,combined_score,0.9563022318959531,0.979036126199171,0.9563022318959531,-0.022733894303217927
1766909248.0053315,314,combined_score,0.0,0.979036126199171,-0.9563022318959531,-0.979036126199171
1766909319.9702144,320,combined_score,0.9583127643494792,0.979036126199171,0.9583127643494792,-0.020723361849691813
1766909352.1502264,321,combined_score,0.964360756968645,0.979036126199171,0.006047992619165776,-0.014675369230526036
1766909389.216145,323,combined_score,0.0,0.979036126199171,-0.964360756968645,-0.979036126199171
1766909400.203334,325,combined_score,0.0,0.979036126199171,0.0,-0.979036126199171
1766909527.8750556,326,combined_score,0.9626067042178782,0.979036126199171,0.9626067042178782,-0.016429421981292824
1766909551.1837542,324,combined_score,0.0,0.979036126199171,-0.9626067042178782,-0.979036126199171
1766909562.0455096,327,combined_score,0.9026430465597631,0.979036126199171,0.9026430465597631,-0.07639307963940789
1766909665.408091,328,combined_score,0.9637758043677038,0.979036126199171,0.061132757807940696,-0.015260321831467194
1766909678.8849685,322,combined_score,0.0,0.979036126199171,-0.9637758043677038,-0.979036126199171
1766909686.8271387,329,combined_score,0.967764927842817,0.979036126199171,0.967764927842817,-0.01127119835635404
1766909701.731628,331,combined_score,0.0,0.979036126199171,-0.967764927842817,-0.979036126199171
1766909702.3453557,330,combined_score,0.0,0.979036126199171,0.0,-0.979036126199171
1766909765.4814136,333,combined_score,0.8531303286238677,0.979036126199171,0.8531303286238677,-0.1259057975753033
1766909800.308247,336,combined_score,0.0,0.979036126199171,-0.8531303286238677,-0.979036126199171
1766909807.724004,332,combined_score,0.9084421511241261,0.979036126199171,0.9084421511241261,-0.07059397507504495
1766909865.5703642,334,combined_score,0.9588008942845643,0.979036126199171,0.0503587431604382,-0.020235231914606744
1766909909.4640825,338,combined_score,0.9406416420460034,0.979036126199171,-0.018159252238560852,-0.038394484153167596
1766909949.4706016,340,combined_score,0.0,0.979036126199171,-0.9406416420460034,-0.979036126199171
1766910013.8888614,337,combined_score,0.96513919951072,0.979036126199171,0.96513919951072,-0.013896926688450995
1766910024.3152764,339,combined_score,0.9673880823734465,0.979036126199171,0.002248882862726509,-0.011648043825724486
1766910135.789393,335,combined_score,0.0,0.979036126199171,-0.9673880823734465,-0.979036126199171
1766910156.729972,342,combined_score,0.9670880870349182,0.979036126199171,0.9670880870349182,-0.0119480391642528
1766910171.0698726,343,combined_score,0.0,0.979036126199171,-0.9670880870349182,-0.979036126199171
1766910306.9512577,345,combined_score,0.0,0.979036126199171,0.0,-0.979036126199171
1766910329.3933253,346,combined_score,0.9629424731009938,0.979036126199171,0.9629424731009938,-0.01609365309817723
1766910334.8075075,344,combined_score,0.9611538351478321,0.979036126199171,-0.0017886379531616425,-0.017882291051338872
1766910349.5394616,347,combined_score,0.0,0.979036126199171,-0.9611538351478321,-0.979036126199171
1766910417.9676008,341,combined_score,0.0,0.979036126199171,0.0,-0.979036126199171
1766910480.984221,349,combined_score,0.9642769427326001,0.979036126199171,0.9642769427326001,-0.014759183466570902
1766910512.0415046,350,combined_score,0.0,0.979036126199171,-0.9642769427326001,-0.979036126199171
1766910567.118762,348,combined_score,0.0,0.979036126199171,0.0,-0.979036126199171
1766910651.898374,351,combined_score,0.9585974257632712,0.979036126199171,0.9585974257632712,-0.020438700435899793
1766910719.399869,354,combined_score,0.9730399241496243,0.979036126199171,0.014442498386353031,-0.005996202049546762
1766910848.208079,356,combined_score,0.0,0.979036126199171,-0.9730399241496243,-0.979036126199171
1766910935.3286045,352,combined_score,0.0,0.979036126199171,0.0,-0.979036126199171
1766910937.891728,355,combined_score,0.0,0.979036126199171,0.0,-0.979036126199171
1766910970.2075996,353,combined_score,0.0,0.979036126199171,0.0,-0.979036126199171
1766910984.6623158,357,combined_score,0.9669293880393404,0.979036126199171,0.9669293880393404,-0.012106738159830654
1766911010.578956,360,combined_score,0.9058470478187756,0.979036126199171,-0.0610823402205648,-0.07318907838039546
1766911039.258805,359,combined_score,0.9430889500511976,0.979036126199171,0.037241902232422075,-0.03594717614797338
1766911133.6934464,363,combined_score,0.9300362954209833,0.979036126199171,-0.013052654630214322,-0.0489998307781877
1766911150.3343124,358,combined_score,0.9641474816359644,0.979036126199171,0.034111186214981104,-0.014888644563206599
1766911185.1953344,365,combined_score,0.0,0.979036126199171,-0.9641474816359644,-0.979036126199171
1766911197.3777277,362,combined_score,0.0,0.979036126199171,0.0,-0.979036126199171
1766911236.3421047,364,combined_score,0.9301223792692097,0.979036126199171,0.9301223792692097,-0.04891374692996131
1766911265.1607432,367,combined_score,0.9487176834320197,0.979036126199171,0.018595304162809967,-0.030318442767151343
1766911324.9753642,366,combined_score,0.0,0.979036126199171,-0.9487176834320197,-0.979036126199171
1766911403.916064,370,combined_score,0.0,0.979036126199171,0.0,-0.979036126199171
1766911418.2063725,368,combined_score,0.9623817035384793,0.979036126199171,0.9623817035384793,-0.016654422660691726
1766911447.7468145,372,combined_score,0.0,0.979036126199171,-0.9623817035384793,-0.979036126199171
1766911459.504385,361,combined_score,0.0,0.979036126199171,0.0,-0.979036126199171
1766911489.4088423,374,combined_score,0.0,0.979036126199171,0.0,-0.979036126199171
1766911532.678498,371,combined_score,0.27420852080715785,0.979036126199171,0.27420852080715785,-0.7048276053920132
1766911535.7630095,369,combined_score,0.0,0.979036126199171,-0.27420852080715785,-0.979036126199171
1766911576.100327,376,combined_score,0.0,0.979036126199171,0.0,-0.979036126199171
1766911595.2974603,373,combined_score,0.9614092795623564,0.979036126199171,0.9614092795623564,-0.017626846636814575
1766911647.7321014,375,combined_score,0.0,0.979036126199171,-0.9614092795623564,-0.979036126199171
1766911656.816181,379,combined_score,0.8857136091010953,0.979036126199171,0.8857136091010953,-0.09332251709807571
1766911671.2762225,377,combined_score,0.0,0.979036126199171,-0.8857136091010953,-0.979036126199171
1766911721.2511432,381,combined_score,0.8554227534471188,0.979036126199171,0.8554227534471188,-0.1236133727520522
1766911743.788307,382,combined_score,0.9215813527718735,0.979036126199171,0.06615859932475465,-0.057454773427297545
1766911824.433116,380,combined_score,0.9618118537031632,0.979036126199171,0.04023050093128977,-0.017224272496007775
1766911930.4068227,383,combined_score,0.9764752770803423,0.979036126199171,0.014663423377179075,-0.002560849118828701
1766911959.0971472,384,combined_score,0.9664768527435511,0.979036126199171,-0.009998424336791212,-0.012559273455619913
1766912003.034722,378,combined_score,0.0,0.979036126199171,-0.9664768527435511,-0.979036126199171
1766912044.3081677,385,combined_score,0.8813717596501528,0.979036126199171,0.8813717596501528,-0.09766436654901822
1766912141.8322594,386,combined_score,0.9637709578097357,0.979036126199171,0.08239919815958285,-0.015265168389435368
1766912160.9613187,387,combined_score,0.0,0.979036126199171,-0.9637709578097357,-0.979036126199171
1766912175.7634964,390,combined_score,0.7081486279200905,0.979036126199171,0.7081486279200905,-0.27088749827908054
1766912180.2074387,388,combined_score,0.9723068384240721,0.979036126199171,0.2641582105039816,-0.006729287775098958
1766912197.7283137,389,combined_score,0.9336081867290562,0.979036126199171,-0.03869865169501585,-0.04542793947011481
1766912198.0034444,391,combined_score,0.8587241181425471,0.979036126199171,-0.07488406858650909,-0.1203120080566239
1766912255.397201,394,combined_score,0.8931801727910245,0.979036126199171,0.03445605464847734,-0.08585595340814656
1766912275.053858,395,combined_score,0.9464607525675557,0.979036126199171,0.05328057977653122,-0.032575373631615334
1766912292.4372954,396,combined_score,0.8382461315745219,0.979036126199171,-0.1082146209930338,-0.14078999462464914
1766912312.9603775,392,combined_score,0.0,0.979036126199171,-0.8382461315745219,-0.979036126199171
1766912330.711312,398,combined_score,0.9576779651262615,0.979036126199171,0.9576779651262615,-0.021358161072909554
1766912341.6716504,393,combined_score,0.0,0.979036126199171,-0.9576779651262615,-0.979036126199171
1766912361.56302,399,combined_score,0.0,0.979036126199171,0.0,-0.979036126199171
1766912377.0357592,397,combined_score,0.877221125841934,0.979036126199171,0.877221125841934,-0.101815000357237
1766912422.8619578,403,combined_score,0.0,0.979036126199171,-0.877221125841934,-0.979036126199171
1766912510.6510327,402,combined_score,0.9213391649870111,0.979036126199171,0.9213391649870111,-0.05769696121215995
1766912629.9434705,404,combined_score,0.0,0.979036126199171,-0.9213391649870111,-0.979036126199171
1766912645.6938314,405,combined_score,0.9615704937662922,0.979036126199171,0.9615704937662922,-0.017465632432878797
1766912667.035414,406,combined_score,0.6617543654265421,0.979036126199171,-0.29981612833975013,-0.31728176077262893
1766912703.861026,408,combined_score,0.0,0.979036126199171,-0.6617543654265421,-0.979036126199171
1766912754.9830453,401,combined_score,0.0,0.979036126199171,0.0,-0.979036126199171
1766912771.414809,400,combined_score,0.0,0.979036126199171,0.0,-0.979036126199171
1766912811.207499,411,combined_score,0.9718084017211781,0.979036126199171,0.9718084017211781,-0.007227724477992914
1766912819.62687,409,combined_score,0.8320288781954909,0.979036126199171,-0.13977952352568723,-0.14700724800368015
1766912904.5802915,410,combined_score,0.9542751712614076,0.979036126199171,0.12224629306591672,-0.024760954937763424
1766912923.6297781,407,combined_score,0.9586623097790088,0.979036126199171,0.004387138517601197,-0.020373816420162227
1766912986.7165427,412,combined_score,0.9572495677543229,0.979036126199171,-0.0014127420246858868,-0.021786558444848114
1766913001.8867922,413,combined_score,0.9212393369139577,0.979036126199171,-0.036010230840365254,-0.05779678928521337
1766913057.4149067,415,combined_score,0.9639826974026537,0.979036126199171,0.04274336048869609,-0.015053428796517276
1766913083.342665,414,combined_score,0.0,0.979036126199171,-0.9639826974026537,-0.979036126199171
1766913249.8436692,419,combined_score,0.9634855724289241,0.979036126199171,0.9634855724289241,-0.015550553770246944
1766913282.706476,418,combined_score,0.0,0.979036126199171,-0.9634855724289241,-0.979036126199171
1766913298.2031596,417,combined_score,0.0,0.979036126199171,0.0,-0.979036126199171
1766913332.7769618,416,combined_score,0.0,0.979036126199171,0.0,-0.979036126199171
1766913344.470025,422,combined_score,0.921197950213769,0.979036126199171,0.921197950213769,-0.057838175985401974
1766913442.1135712,421,combined_score,0.9730399241496243,0.979036126199171,0.05184197393585521,-0.005996202049546762
1766913486.5607266,423,combined_score,0.9710765288315613,0.979036126199171,-0.0019633953180629993,-0.007959597367609761
1766913502.5321841,425,combined_score,0.9511562726280397,0.979036126199171,-0.019920256203521558,-0.02787985357113132
1766913532.3158813,420,combined_score,0.0,0.979036126199171,-0.9511562726280397,-0.979036126199171
1766913589.88442,428,combined_score,0.9391884210631326,0.979036126199171,0.9391884210631326,-0.039847705136038414
1766913590.5570738,424,combined_score,0.9580243220569052,0.979036126199171,0.018835900993772636,-0.021011804142265778
1766913640.0411236,430,combined_score,0.9186839122539835,0.979036126199171,-0.03934040980292175,-0.06035221394518753
1766913681.1876843,426,combined_score,0.0,0.979036126199171,-0.9186839122539835,-0.979036126199171
1766913726.5163388,431,combined_score,0.8575341207956517,0.979036126199171,0.8575341207956517,-0.1215020054035193
1766913738.7178738,432,combined_score,0.9134845013242624,0.979036126199171,0.05595038052861068,-0.06555162487490862
1766913773.8843474,427,combined_score,0.0,0.979036126199171,-0.9134845013242624,-0.979036126199171
1766913817.1369858,435,combined_score,0.9232222888413454,0.979036126199171,0.9232222888413454,-0.055813837357825635
1766913878.7230527,429,combined_score,0.0,0.979036126199171,-0.9232222888413454,-0.979036126199171
1766913910.500156,433,combined_score,0.9626733602090646,0.979036126199171,0.9626733602090646,-0.016362765990106443
1766913920.2570953,437,combined_score,0.9294549302537134,0.979036126199171,-0.03321842995535118,-0.04958119594545762
1766913972.3672397,438,combined_score,0.0,0.979036126199171,-0.9294549302537134,-0.979036126199171
1766913975.1428359,436,combined_score,0.0,0.979036126199171,0.0,-0.979036126199171
1766913998.7380593,440,combined_score,0.0,0.979036126199171,0.0,-0.979036126199171
1766914000.7072856,434,combined_score,0.9754881959865007,0.979036126199171,0.9754881959865007,-0.0035479302126703027
1766914032.5187874,443,combined_score,0.0,0.979036126199171,-0.9754881959865007,-0.979036126199171
1766914048.8332272,441,combined_score,0.9408958068356523,0.979036126199171,0.9408958068356523,-0.03814031936351869
1766914074.7365112,445,combined_score,0.0,0.979036126199171,-0.9408958068356523,-0.979036126199171
1766914162.8809786,442,combined_score,0.9700294881441619,0.979036126199171,0.9700294881441619,-0.00900663805500912
1766914168.4968157,439,combined_score,0.9542473016399239,0.979036126199171,-0.015782186504238016,-0.024788824559247136
1766914192.7809284,447,combined_score,0.0,0.979036126199171,-0.9542473016399239,-0.979036126199171
1766914301.5682006,444,combined_score,0.9606020199260239,0.979036126199171,0.9606020199260239,-0.01843410627314712
1766914333.0210834,446,combined_score,0.0,0.979036126199171,-0.9606020199260239,-0.979036126199171
1766914337.3420365,450,combined_score,0.0,0.979036126199171,0.0,-0.979036126199171
1766914340.1082604,449,combined_score,0.9612646477985363,0.979036126199171,0.9612646477985363,-0.017771478400634755
1766914364.427531,453,combined_score,0.0,0.979036126199171,-0.9612646477985363,-0.979036126199171
1766914391.6905634,448,combined_score,0.0,0.979036126199171,0.0,-0.979036126199171
1766914393.6208146,451,combined_score,0.9036803417052309,0.979036126199171,0.9036803417052309,-0.07535578449394009
1766914445.3726747,456,combined_score,0.8896820029964578,0.979036126199171,-0.013998338708773095,-0.08935412320271319
1766914531.3028178,454,combined_score,0.0,0.979036126199171,-0.8896820029964578,-0.979036126199171
1766914606.922921,455,combined_score,0.9721975713541289,0.979036126199171,0.9721975713541289,-0.006838554845042144
1766914651.199995,459,combined_score,0.8591282107758927,0.979036126199171,-0.11306936057823613,-0.11990791542327828
1766914655.3885796,457,combined_score,0.95848722414583,0.979036126199171,0.09935901336993724,-0.020548902053341034
1766914668.7427247,458,combined_score,0.0,0.979036126199171,-0.95848722414583,-0.979036126199171
1766914699.3207252,460,combined_score,0.9873231098943018,0.9873231098943018,0.9873231098943018,0.008286983695130812
1766914778.5100722,461,combined_score,0.9653487972652566,0.9873231098943018,-0.021974312629045256,-0.021974312629045256
1766914801.7152472,452,combined_score,0.0,0.9873231098943018,-0.9653487972652566,-0.9873231098943018
1766914823.1947274,464,combined_score,0.9405633430342348,0.9873231098943018,0.9405633430342348,-0.046759766860067
1766914834.8165586,465,combined_score,0.0,0.9873231098943018,-0.9405633430342348,-0.9873231098943018
1766914870.4107044,467,combined_score,0.0,0.9873231098943018,0.0,-0.9873231098943018
1766914912.823534,466,combined_score,0.948559904143807,0.9873231098943018,0.948559904143807,-0.038763205750494856
1766914969.0814207,462,combined_score,0.0,0.9873231098943018,-0.948559904143807,-0.9873231098943018
1766914983.0692472,468,combined_score,0.9209398002100407,0.9873231098943018,0.9209398002100407,-0.0663833096842611
1766915000.943886,469,combined_score,0.981668533856357,0.9873231098943018,0.06072873364631626,-0.005654576037944836
1766915100.71093,470,combined_score,0.0,0.9873231098943018,-0.981668533856357,-0.9873231098943018
1766915127.2035196,463,combined_score,0.0,0.9873231098943018,0.0,-0.9873231098943018
1766915166.079049,471,combined_score,0.0,0.9873231098943018,0.0,-0.9873231098943018
1766915171.4414365,472,combined_score,0.9494765909956161,0.9873231098943018,0.9494765909956161,-0.03784651889868573
1766915188.832073,473,combined_score,0.9745437363219931,0.9873231098943018,0.025067145326376994,-0.012779373572308739
1766915320.560635,475,combined_score,0.871203248041976,0.9873231098943018,-0.10334048828001707,-0.11611986185232581
1766915367.307115,476,combined_score,0.9655725964359807,0.9873231098943018,0.09436934839400468,-0.02175051345832113
1766915385.8293905,477,combined_score,0.970925473304774,0.9873231098943018,0.005352876868793266,-0.016397636589527864
1766915395.8263323,478,combined_score,0.9739585867697648,0.9873231098943018,0.0030331134649908,-0.013364523124537064
1766915420.1596532,479,combined_score,0.9185960174528656,0.9873231098943018,-0.0553625693168992,-0.06872709244143627
1766915458.1432202,482,combined_score,0.0,0.9873231098943018,-0.9185960174528656,-0.9873231098943018
1766915529.5471342,481,combined_score,0.0,0.9873231098943018,0.0,-0.9873231098943018
1766915558.151653,474,combined_score,0.0,0.9873231098943018,0.0,-0.9873231098943018
1766915667.2641072,483,combined_score,0.0,0.9873231098943018,0.0,-0.9873231098943018
1766915696.824236,484,combined_score,0.9862086883897745,0.9873231098943018,0.9862086883897745,-0.001114421504527341
1766915713.0143216,486,combined_score,0.7723613128203775,0.9873231098943018,-0.21384737556939704,-0.21496179707392438
1766915719.7749665,485,combined_score,0.9680931646446729,0.9873231098943018,0.19573185182429542,-0.019229945249628955
1766915791.1883464,488,combined_score,0.981849233975573,0.9873231098943018,0.013756069330900123,-0.005473875918728832
1766915817.8379912,480,combined_score,0.0,0.9873231098943018,-0.981849233975573,-0.9873231098943018
1766915820.6831923,487,combined_score,0.907680954021073,0.9873231098943018,0.907680954021073,-0.07964215587322887
1766915849.8371003,489,combined_score,0.706256772521937,0.9873231098943018,-0.201424181499136,-0.28106633737236486
1766915902.2401273,491,combined_score,0.9750225976838365,0.9873231098943018,0.2687658251618995,-0.012300512210465353
1766915929.957768,490,combined_score,0.9669441793404504,0.9873231098943018,-0.008078418343386073,-0.020378930553851426
1766915972.7689996,492,combined_score,0.0,0.9873231098943018,-0.9669441793404504,-0.9873231098943018
1766916015.0735507,494,combined_score,0.9032481870099727,0.9873231098943018,0.9032481870099727,-0.08407492288432916
1766916035.3111806,495,combined_score,0.9831677694654013,0.9873231098943018,0.07991958245542863,-0.004155340428900534
1766916060.2740483,496,combined_score,0.870678535920569,0.9873231098943018,-0.11248923354483231,-0.11664457397373285
1766916063.2832842,493,combined_score,0.9665319218351078,0.9873231098943018,0.09585338591453885,-0.020791188059194
1766916182.726361,499,combined_score,0.9470678264684583,0.9873231098943018,-0.019464095366649503,-0.0402552834258435
1766916188.4208434,497,combined_score,0.0,0.9873231098943018,-0.9470678264684583,-0.9873231098943018
1766916292.0488584,502,combined_score,0.9813263282772813,0.9873231098943018,0.9813263282772813,-0.005996781617020552
1766916388.4737391,501,combined_score,0.9549186205689257,0.9873231098943018,-0.026407707708355543,-0.032404489325376096
1766916421.1463428,503,combined_score,0.0,0.9873231098943018,-0.9549186205689257,-0.9873231098943018
1766916463.807718,498,combined_score,0.0,0.9873231098943018,0.0,-0.9873231098943018
1766916480.0430408,504,combined_score,0.0,0.9873231098943018,0.0,-0.9873231098943018
1766916540.2381155,500,combined_score,0.0,0.9873231098943018,0.0,-0.9873231098943018
1766916627.091787,506,combined_score,0.9397165746095953,0.9873231098943018,0.9397165746095953,-0.047606535284706486
1766916629.200513,508,combined_score,0.9731731253905639,0.9873231098943018,0.03345655078096854,-0.014149984503737945
1766916635.9653633,505,combined_score,0.9711929140651484,0.9873231098943018,-0.001980211325415482,-0.016130195829153426
1766916691.8813772,511,combined_score,0.9443310894472029,0.9873231098943018,-0.026861824617945507,-0.04299202044709893
1766916824.4797723,510,combined_score,0.9605985981307332,0.9873231098943018,0.01626750868353033,-0.026724511763568604
1766916878.0475395,509,combined_score,0.9579840067039542,0.9873231098943018,-0.0026145914267790005,-0.029339103190347604
1766916894.0959175,507,combined_score,0.0,0.9873231098943018,-0.9579840067039542,-0.9873231098943018
1766916941.6682649,512,combined_score,0.0,0.9873231098943018,0.0,-0.9873231098943018
1766916968.5971448,513,combined_score,0.9798084775262854,0.9873231098943018,0.9798084775262854,-0.007514632368016416
1766917072.9743414,514,combined_score,0.0,0.9873231098943018,-0.9798084775262854,-0.9873231098943018
1766917095.2325017,515,combined_score,0.0,0.9873231098943018,0.0,-0.9873231098943018
1766917227.889258,518,combined_score,0.9842840743747288,0.9873231098943018,0.9842840743747288,-0.0030390355195730745
1766917228.8123457,519,combined_score,0.0,0.9873231098943018,-0.9842840743747288,-0.9873231098943018
1766917340.5703306,521,combined_score,0.9757344948188212,0.9873231098943018,0.9757344948188212,-0.01158861507548059
1766917384.6328738,516,combined_score,0.0,0.9873231098943018,-0.9757344948188212,-0.9873231098943018
1766917387.915886,522,combined_score,0.8878013940311698,0.9873231098943018,0.8878013940311698,-0.09952171586313208
1766917426.3868792,520,combined_score,0.9662266626795698,0.9873231098943018,0.07842526864840005,-0.021096447214732028
1766917444.3382277,517,combined_score,0.0,0.9873231098943018,-0.9662266626795698,-0.9873231098943018
1766917471.0933115,523,combined_score,0.9788903488292096,0.9873231098943018,0.9788903488292096,-0.008432761065092276
1766917507.5037105,524,combined_score,0.9556888759174889,0.9873231098943018,-0.0232014729117207,-0.031634233976812975
1766917559.4597642,526,combined_score,0.8136274169625136,0.9873231098943018,-0.14206145895497524,-0.17369569293178821
1766917640.1505015,527,combined_score,0.8920101291812419,0.9873231098943018,0.07838271221872828,-0.09531298071305994
1766917646.3532603,525,combined_score,0.9662444180870925,0.9873231098943018,0.0742342889058506,-0.021078691807209338
1766917662.6028855,528,combined_score,0.0,0.9873231098943018,-0.9662444180870925,-0.9873231098943018
1766917815.7352169,532,combined_score,0.0,0.9873231098943018,0.0,-0.9873231098943018
1766917848.19946,531,combined_score,0.0,0.9873231098943018,0.0,-0.9873231098943018
1766917945.41234,533,combined_score,0.9784184429456152,0.9873231098943018,0.9784184429456152,-0.008904666948686635
1766918003.9960358,530,combined_score,0.0,0.9873231098943018,-0.9784184429456152,-0.9873231098943018
1766918042.2740748,529,combined_score,0.0,0.9873231098943018,0.0,-0.9873231098943018
1766918047.3392727,534,combined_score,0.0,0.9873231098943018,0.0,-0.9873231098943018
1766918080.7790024,537,combined_score,0.0,0.9873231098943018,0.0,-0.9873231098943018
1766918090.545686,536,combined_score,0.9755590946169699,0.9873231098943018,0.9755590946169699,-0.011764015277331952
1766918109.527978,538,combined_score,0.9256719131554331,0.9873231098943018,-0.04988718146153681,-0.06165119673886876
1766918187.4115891,541,combined_score,0.9827015946322301,0.9873231098943018,0.05702968147679699,-0.004621515262071774
1766918212.1925974,535,combined_score,0.9712799354088407,0.9873231098943018,-0.011421659223389335,-0.01604317448546111
1766918302.952038,540,combined_score,0.9601144772379518,0.9873231098943018,-0.011165458170888876,-0.027208632656349985
1766918314.0125818,543,combined_score,0.9864955401178863,0.9873231098943018,0.02638106287993447,-0.0008275697764155154
1766918347.3986216,545,combined_score,0.0,0.9873231098943018,-0.9864955401178863,-0.9873231098943018
1766918389.675955,544,combined_score,0.0,0.9873231098943018,0.0,-0.9873231098943018
1766918401.8901825,539,combined_score,0.0,0.9873231098943018,0.0,-0.9873231098943018
1766918426.1971405,546,combined_score,0.9727532845652199,0.9873231098943018,0.9727532845652199,-0.014569825329081909
1766918501.2626638,547,combined_score,0.9236846984818095,0.9873231098943018,-0.04906858608341047,-0.06363841141249238
1766918561.452678,548,combined_score,0.0,0.9873231098943018,-0.9236846984818095,-0.9873231098943018
1766918599.8545923,550,combined_score,0.9737533532419292,0.9873231098943018,0.9737533532419292,-0.013569756652372589
1766918604.0353081,549,combined_score,0.9661537197883767,0.9873231098943018,-0.007599633453552523,-0.021169390105925112
1766918624.7341816,542,combined_score,0.0,0.9873231098943018,-0.9661537197883767,-0.9873231098943018
1766918642.441638,553,combined_score,0.0,0.9873231098943018,0.0,-0.9873231098943018
1766918712.2996302,551,combined_score,0.9629479599058571,0.9873231098943018,0.9629479599058571,-0.0243751499884447
1766918786.656869,555,combined_score,0.0,0.9873231098943018,-0.9629479599058571,-0.9873231098943018
1766918826.9679902,557,combined_score,0.0,0.9873231098943018,0.0,-0.9873231098943018
1766918834.6096656,554,combined_score,0.9708409090002539,0.9873231098943018,0.9708409090002539,-0.01648220089404795
1766918843.7752428,556,combined_score,0.9752283928327901,0.9873231098943018,0.0043874838325361765,-0.012094717061511773
1766918854.8934455,552,combined_score,0.9662462855476832,0.9873231098943018,-0.008982107285106844,-0.021076824346618617
1766918945.6961062,561,combined_score,0.9740917295802412,0.9873231098943018,0.007845444032557936,-0.013231380314060681
1766919025.813763,560,combined_score,0.0,0.9873231098943018,-0.9740917295802412,-0.9873231098943018
1766919031.5037408,559,combined_score,0.9490343309046122,0.9873231098943018,0.9490343309046122,-0.03828877898968963
1766919115.17517,563,combined_score,0.9788128039648131,0.9873231098943018,0.029778473060200872,-0.00851030592948876
1766919193.7617817,565,combined_score,0.9329623632705519,0.9873231098943018,-0.04585044069426114,-0.0543607466237499
1766919246.4649363,564,combined_score,0.9704948712098865,0.9873231098943018,0.0375325079393346,-0.016828238684415298
1766919260.7098248,558,combined_score,0.0,0.9873231098943018,-0.9704948712098865,-0.9873231098943018
1766919293.9156811,566,combined_score,0.9807169371303607,0.9873231098943018,0.9807169371303607,-0.006606172763941154
1766919420.2826564,567,combined_score,0.9581052402370267,0.9873231098943018,-0.022611696893333977,-0.02921786965727513
1766919433.2502623,562,combined_score,0.0,0.9873231098943018,-0.9581052402370267,-0.9873231098943018
1766919463.2346375,568,combined_score,0.971409301406136,0.9873231098943018,0.971409301406136,-0.015913808488165815
1766919515.3463721,572,combined_score,0.8574213370225604,0.9873231098943018,-0.11398796438357561,-0.12990177287174143
1766919523.13363,570,combined_score,0.9795275167707971,0.9873231098943018,0.12210617974823668,-0.0077955931235047515
1766919730.6712132,574,combined_score,0.9651364889057957,0.9873231098943018,-0.014391027865001349,-0.0221866209885061
1766919732.1369636,571,combined_score,0.0,0.9873231098943018,-0.9651364889057957,-0.9873231098943018
1766919772.4834538,569,combined_score,0.0,0.9873231098943018,0.0,-0.9873231098943018
1766919826.024404,575,combined_score,0.9747909551747966,0.9873231098943018,0.9747909551747966,-0.012532154719505195
1766919955.4458346,573,combined_score,0.0,0.9873231098943018,-0.9747909551747966,-0.9873231098943018
1766919968.548467,577,combined_score,0.9632363651004344,0.9873231098943018,0.9632363651004344,-0.02408674479386741
1766919980.2496684,578,combined_score,0.0,0.9873231098943018,-0.9632363651004344,-0.9873231098943018
1766920053.387111,579,combined_score,0.9807405413129257,0.9873231098943018,0.9807405413129257,-0.00658256858137618
1766920151.4272208,581,combined_score,0.9535610822056069,0.9873231098943018,-0.027179459107318782,-0.03376202768869496
1766920170.773316,580,combined_score,0.9636483846503894,0.9873231098943018,0.010087302444782509,-0.023674725243912453
1766920192.791733,576,combined_score,0.0,0.9873231098943018,-0.9636483846503894,-0.9873231098943018
1766920207.2159033,582,combined_score,0.9738123509842108,0.9873231098943018,0.9738123509842108,-0.013510758910091014
1766920217.6525438,584,combined_score,0.8701755598909827,0.9873231098943018,-0.1036367910932281,-0.11714755000331911
1766920348.8921127,585,combined_score,0.9638404553156582,0.9873231098943018,0.09366489542467549,-0.023482654578643625
1766920399.9671755,587,combined_score,0.9572478076624705,0.9873231098943018,-0.006592647653187678,-0.030075302231831302
1766920421.819397,586,combined_score,0.0,0.9873231098943018,-0.9572478076624705,-0.9873231098943018
1766920444.0891645,583,combined_score,0.0,0.9873231098943018,0.0,-0.9873231098943018
1766920518.1657944,588,combined_score,0.9443793105789068,0.9873231098943018,0.9443793105789068,-0.04294379931539505
1766920618.7280402,592,combined_score,0.8014333183218212,0.9873231098943018,-0.1429459922570856,-0.18588979157248064
1766920647.7277193,591,combined_score,0.0,0.9873231098943018,-0.8014333183218212,-0.9873231098943018
1766920707.7374082,594,combined_score,0.9748426625075988,0.9873231098943018,0.9748426625075988,-0.012480447386703064
1766920763.2180655,590,combined_score,0.0,0.9873231098943018,-0.9748426625075988,-0.9873231098943018
1766920833.2165523,589,combined_score,0.0,0.9873231098943018,0.0,-0.9873231098943018
1766920841.0477664,593,combined_score,0.0,0.9873231098943018,0.0,-0.9873231098943018
1766920850.5860426,596,combined_score,0.9755349969830823,0.9873231098943018,0.9755349969830823,-0.011788112911219506
1766920927.2735384,595,combined_score,0.966187488098323,0.9873231098943018,-0.009347508884759326,-0.02113562179597883
1766920966.4251463,600,combined_score,0.0,0.9873231098943018,-0.966187488098323,-0.9873231098943018
1766920968.5411887,599,combined_score,0.8751254365678689,0.9873231098943018,0.8751254365678689,-0.11219767332643293
1766921077.7596595,598,combined_score,0.0,0.9873231098943018,-0.8751254365678689,-0.9873231098943018
1766921089.394337,597,combined_score,0.0,0.9873231098943018,0.0,-0.9873231098943018
1766921130.0904574,602,combined_score,0.0,0.9873231098943018,0.0,-0.9873231098943018
1766921131.8111112,603,combined_score,0.8688662240603618,0.9873231098943018,0.8688662240603618,-0.11845688583393998
1766921150.5330136,601,combined_score,0.0,0.9873231098943018,-0.8688662240603618,-0.9873231098943018
1766921206.9930537,607,combined_score,0.8930717240604754,0.9873231098943018,0.8930717240604754,-0.09425138583382642
1766921210.6913574,604,combined_score,0.8966058103687347,0.9873231098943018,0.0035340863082592433,-0.09071729952556717
1766921342.605743,608,combined_score,0.0,0.9873231098943018,-0.8966058103687347,-0.9873231098943018
1766921388.19298,609,combined_score,0.9569181053037222,0.9873231098943018,0.9569181053037222,-0.0304050045905796
1766921399.2383285,610,combined_score,0.0,0.9873231098943018,-0.9569181053037222,-0.9873231098943018
1766921446.233995,611,combined_score,0.9198845314345484,0.9873231098943018,0.9198845314345484,-0.06743857845975343
1766921528.208409,612,combined_score,0.8825443855675059,0.9873231098943018,-0.037340145867042485,-0.10477872432679591
1766921553.4158328,606,combined_score,0.0,0.9873231098943018,-0.8825443855675059,-0.9873231098943018
1766921603.4824433,605,combined_score,0.0,0.9873231098943018,0.0,-0.9873231098943018
1766921617.4035003,615,combined_score,0.8774993565129267,0.9873231098943018,0.8774993565129267,-0.10982375338137518
1766921719.9906044,614,combined_score,0.9620996603892907,0.9873231098943018,0.08460030387636408,-0.025223449505011097
1766921733.3466682,613,combined_score,0.0,0.9873231098943018,-0.9620996603892907,-0.9873231098943018
1766921764.5317051,617,combined_score,0.0,0.9873231098943018,0.0,-0.9873231098943018
1766921811.5881712,619,combined_score,0.8828032983459843,0.9873231098943018,0.8828032983459843,-0.10451981154831758
1766921823.0834315,621,combined_score,0.6543921176583193,0.9873231098943018,-0.22841118068766497,-0.33293099223598255
1766921874.350562,616,combined_score,0.743102804625517,0.9873231098943018,0.08871068696719775,-0.2442203052687848
1766921901.4215386,620,combined_score,0.0,0.9873231098943018,-0.743102804625517,-0.9873231098943018
1766921922.415444,618,combined_score,0.9659939944930038,0.9873231098943018,0.9659939944930038,-0.021329115401298004
1766921973.4418461,624,combined_score,0.970573249882275,0.9873231098943018,0.004579255389271175,-0.01674986001202683
1766922039.6638856,622,combined_score,0.9686488239186172,0.9873231098943018,-0.0019244259636578276,-0.018674285975684657
1766922124.9262836,627,combined_score,0.9792837219383522,0.9873231098943018,0.01063489801973505,-0.008039387955949606
1766922134.7937458,626,combined_score,0.9614615322893929,0.9873231098943018,-0.01782218964895932,-0.025861577604908925
1766922208.0879586,629,combined_score,0.9720485295725524,0.9873231098943018,0.010586997283159483,-0.015274580321749442
1766922298.275958,623,combined_score,0.0,0.9873231098943018,-0.9720485295725524,-0.9873231098943018
1766922331.0203335,628,combined_score,0.9635858074406499,0.9873231098943018,0.9635858074406499,-0.02373730245365191
1766922358.9313982,625,combined_score,0.0,0.9873231098943018,-0.9635858074406499,-0.9873231098943018
1766922400.8257189,630,combined_score,0.9625183280054571,0.9873231098943018,0.9625183280054571,-0.024804781888844718
1766922430.0805361,631,combined_score,0.9800751877098751,0.9873231098943018,0.017556859704418004,-0.007247922184426714
1766922473.8731225,632,combined_score,0.0,0.9873231098943018,-0.9800751877098751,-0.9873231098943018
1766922493.8551803,634,combined_score,0.92194257615451,0.9873231098943018,0.92194257615451,-0.0653805337397918
1766922562.2191372,635,combined_score,0.9689178603128218,0.9873231098943018,0.04697528415831176,-0.018405249581480043
1766922579.019743,636,combined_score,0.9829333112404341,0.9873231098943018,0.01401545092761236,-0.0043897986538676825
1766922614.0608795,639,combined_score,0.0,0.9873231098943018,-0.9829333112404341,-0.9873231098943018
1766922614.6711369,633,combined_score,0.9647832987016454,0.9873231098943018,0.9647832987016454,-0.022539811192656467
1766922662.7858832,641,combined_score,0.8214243985669708,0.9873231098943018,-0.14335890013467456,-0.16589871132733103
1766922764.9417982,640,combined_score,0.9825520989253749,0.9873231098943018,0.16112770035840407,-0.004771010968926959
1766922928.2657099,637,combined_score,0.0,0.9873231098943018,-0.9825520989253749,-0.9873231098943018
1766923035.369905,638,combined_score,0.0,0.9873231098943018,0.0,-0.9873231098943018
1766923095.046258,644,combined_score,0.9799192864307559,0.9873231098943018,0.9799192864307559,-0.0074038234635459554
1766923154.7288885,642,combined_score,0.0,0.9873231098943018,-0.9799192864307559,-0.9873231098943018
1766923205.6840186,645,combined_score,0.9489895673544932,0.9873231098943018,0.9489895673544932,-0.038333542539808585
1766923238.520402,643,combined_score,0.0,0.9873231098943018,-0.9489895673544932,-0.9873231098943018
1766923306.8635826,646,combined_score,0.9638444804625023,0.9873231098943018,0.9638444804625023,-0.02347862943179957
1766923325.8084996,648,combined_score,0.0,0.9873231098943018,-0.9638444804625023,-0.9873231098943018
1766923334.7743437,647,combined_score,0.9770861105972626,0.9873231098943018,0.9770861105972626,-0.010236999297039251
1766923345.3798156,650,combined_score,0.0,0.9873231098943018,-0.9770861105972626,-0.9873231098943018
1766923428.0730188,653,combined_score,0.9666426442753163,0.9873231098943018,0.9666426442753163,-0.02068046561898551
1766923513.4297345,652,combined_score,0.0,0.9873231098943018,-0.9666426442753163,-0.9873231098943018
1766923577.1351516,654,combined_score,0.96659520377026,0.9873231098943018,0.96659520377026,-0.02072790612404185
1766923595.0536258,655,combined_score,0.9776719696048737,0.9873231098943018,0.0110767658346137,-0.00965114028942815
1766923612.6478746,649,combined_score,0.0,0.9873231098943018,-0.9776719696048737,-0.9873231098943018
1766923751.1645236,656,combined_score,0.9646387008493384,0.9873231098943018,0.9646387008493384,-0.022684409044963383
1766923780.3264115,651,combined_score,0.0,0.9873231098943018,-0.9646387008493384,-0.9873231098943018
1766923786.4332442,657,combined_score,0.9537004936815167,0.9873231098943018,0.9537004936815167,-0.03362261621278517
1766923800.3588364,658,combined_score,0.0,0.9873231098943018,-0.9537004936815167,-0.9873231098943018
1766923815.5415308,659,combined_score,0.6903961455681066,0.9873231098943018,0.6903961455681066,-0.29692696432619525
1766923850.2047641,662,combined_score,0.8730164416950561,0.9873231098943018,0.18262029612694952,-0.11430666819924573
1766923903.625568,663,combined_score,0.9728700251705502,0.9873231098943018,0.09985358347549411,-0.014453084723751619
1766923997.026451,660,combined_score,0.9746029945847866,0.9873231098943018,0.001732969414236396,-0.012720115309515223
1766924052.4905007,665,combined_score,0.0,0.9873231098943018,-0.9746029945847866,-0.9873231098943018
1766924056.8354356,664,combined_score,0.0,0.9873231098943018,0.0,-0.9873231098943018
1766924070.567931,666,combined_score,0.9721526379764307,0.9873231098943018,0.9721526379764307,-0.015170471917871131
1766924117.790551,667,combined_score,0.0,0.9873231098943018,-0.9721526379764307,-0.9873231098943018
1766924268.8797169,670,combined_score,0.9784325972291298,0.9873231098943018,0.9784325972291298,-0.008890512665172046
1766924272.2269206,661,combined_score,0.0,0.9873231098943018,-0.9784325972291298,-0.9873231098943018
1766924405.7804968,672,combined_score,0.0,0.9873231098943018,0.0,-0.9873231098943018
1766924509.568596,669,combined_score,0.0,0.9873231098943018,0.0,-0.9873231098943018
1766924531.873164,668,combined_score,0.0,0.9873231098943018,0.0,-0.9873231098943018
1766924548.8445003,671,combined_score,0.0,0.9873231098943018,0.0,-0.9873231098943018
1766924705.5613074,674,combined_score,0.9720285419623429,0.9873231098943018,0.9720285419623429,-0.015294567931958936
1766924707.9732,676,combined_score,0.9639080327151723,0.9873231098943018,-0.00812050924717056,-0.023415077179129495
1766924754.3439267,675,combined_score,0.9643113124316476,0.9873231098943018,0.00040327971647524663,-0.02301179746265425
1766924807.0800571,677,combined_score,0.9253714819930793,0.9873231098943018,-0.0389398304385683,-0.06195162790122255
1766924879.6831589,678,combined_score,0.0,0.9873231098943018,-0.9253714819930793,-0.9873231098943018
1766924893.834178,673,combined_score,0.0,0.9873231098943018,0.0,-0.9873231098943018
1766924926.8679755,679,combined_score,0.9505516877865845,0.9873231098943018,0.9505516877865845,-0.03677142210771733
1766924944.3028693,680,combined_score,0.0,0.9873231098943018,-0.9505516877865845,-0.9873231098943018
1766925028.643285,682,combined_score,0.0,0.9873231098943018,0.0,-0.9873231098943018
1766925109.5326166,683,combined_score,0.9680686315234991,0.9873231098943018,0.9680686315234991,-0.01925447837080274
1766925120.2664738,684,combined_score,0.9569497878144809,0.9873231098943018,-0.011118843709018167,-0.030373322079820908
1766925166.51559,685,combined_score,0.0,0.9873231098943018,-0.9569497878144809,-0.9873231098943018
1766925206.8974516,686,combined_score,0.975757893413476,0.9873231098943018,0.975757893413476,-0.011565216480825868
1766925208.6875823,688,combined_score,0.8762856491246548,0.9873231098943018,-0.09947224428882118,-0.11103746076964705
1766925229.8061955,681,combined_score,0.0,0.9873231098943018,-0.8762856491246548,-0.9873231098943018
1766925233.8192515,687,combined_score,0.9298655506220576,0.9873231098943018,0.9298655506220576,-0.057457559272244274
1766925234.3946896,689,combined_score,0.0,0.9873231098943018,-0.9298655506220576,-0.9873231098943018
1766925286.9416287,692,combined_score,0.8426318033481462,0.9873231098943018,0.8426318033481462,-0.14469130654615558
1766925295.7616122,690,combined_score,0.9599205695145864,0.9873231098943018,0.11728876616644013,-0.027402540379715457
1766925353.707995,695,combined_score,0.0,0.9873231098943018,-0.9599205695145864,-0.9873231098943018
1766925386.1062906,694,combined_score,0.8761583520164069,0.9873231098943018,0.8761583520164069,-0.11116475787789493
1766925391.300401,693,combined_score,0.0,0.9873231098943018,-0.8761583520164069,-0.9873231098943018
1766925414.8183687,691,combined_score,0.0,0.9873231098943018,0.0,-0.9873231098943018
1766925463.895351,696,combined_score,0.9593800011065706,0.9873231098943018,0.9593800011065706,-0.027943108787731208
1766925506.8428037,698,combined_score,0.883334613937068,0.9873231098943018,-0.0760453871695026,-0.1039884959572338
1766925522.618612,697,combined_score,0.0,0.9873231098943018,-0.883334613937068,-0.9873231098943018
1766925598.7977114,700,combined_score,0.0,0.9873231098943018,0.0,-0.9873231098943018
1766925601.2919328,701,combined_score,0.9705280707422531,0.9873231098943018,0.9705280707422531,-0.01679503915204872
1766925676.5844634,703,combined_score,0.8918288512611139,0.9873231098943018,-0.07869921948113923,-0.09549425863318795
1766925684.7983105,702,combined_score,0.9548480350414742,0.9873231098943018,0.06301918378036031,-0.032475074852827635
1766925772.8307035,705,combined_score,0.9672003598854517,0.9873231098943018,0.012352324843977525,-0.02012275000885011
1766925813.4088063,704,combined_score,0.9555412015834296,0.9873231098943018,-0.011659158302022132,-0.03178190831087224
1766925858.829346,699,combined_score,0.0,0.9873231098943018,-0.9555412015834296,-0.9873231098943018
1766925866.8882496,706,combined_score,0.9662059194922268,0.9873231098943018,0.9662059194922268,-0.021117190402075048
1766925925.0793204,707,combined_score,0.0,0.9873231098943018,-0.9662059194922268,-0.9873231098943018
1766925957.6186173,708,combined_score,0.9674384568351617,0.9873231098943018,0.9674384568351617,-0.01988465305914011
1766926108.470715,709,combined_score,0.9607268789824746,0.9873231098943018,-0.006711577852687167,-0.02659623091182728
1766926140.2186456,712,combined_score,0.8643901548554578,0.9873231098943018,-0.09633672412701677,-0.12293295503884405
1766926151.0586784,711,combined_score,0.9667173744069275,0.9873231098943018,0.10232721955146973,-0.02060573548737432
1766926217.6598737,713,combined_score,0.9705234218930582,0.9873231098943018,0.0038060474861306703,-0.01679968800124365
1766926288.1632342,714,combined_score,0.0,0.9873231098943018,-0.9705234218930582,-0.9873231098943018
1766926306.7284436,710,combined_score,0.0,0.9873231098943018,0.0,-0.9873231098943018
1766926375.3183784,717,combined_score,0.9815481193260722,0.9873231098943018,0.9815481193260722,-0.00577499056822961
1766926375.9441695,716,combined_score,0.0,0.9873231098943018,-0.9815481193260722,-0.9873231098943018
1766926379.2762008,715,combined_score,0.9643278441332034,0.9873231098943018,0.9643278441332034,-0.02299526576109845
1766926467.0620685,718,combined_score,0.9533122305732239,0.9873231098943018,-0.011015613559979487,-0.034010879321077936
1766926543.0268564,721,combined_score,0.0,0.9873231098943018,-0.9533122305732239,-0.9873231098943018
1766926578.191097,720,combined_score,0.9873403289726943,0.9873403289726943,0.9873403289726943,1.7219078392471943e-05
1766926600.9001071,723,combined_score,0.0,0.9873403289726943,-0.9873403289726943,-0.9873403289726943
1766926601.4927485,719,combined_score,0.9609095256444836,0.9873403289726943,0.9609095256444836,-0.026430803328210684
1766926702.5066996,726,combined_score,0.9754886224439728,0.9873403289726943,0.01457909679948921,-0.011851706528721473
1766926724.7285168,724,combined_score,0.0,0.9873403289726943,-0.9754886224439728,-0.9873403289726943
1766926833.3220656,725,combined_score,0.9740329215074778,0.9873403289726943,0.9740329215074778,-0.013307407465216525
1766926837.3089173,728,combined_score,0.9813889804783547,0.9873403289726943,0.0073560589708768775,-0.005951348494339648
1766926837.574778,727,combined_score,0.0,0.9873403289726943,-0.9813889804783547,-0.9873403289726943
1766926928.8009663,722,combined_score,0.0,0.9873403289726943,0.0,-0.9873403289726943
1766926959.7461264,731,combined_score,0.957989283526782,0.9873403289726943,0.957989283526782,-0.02935104544591227
1766927013.7897575,730,combined_score,0.8257244430173283,0.9873403289726943,-0.13226484050945375,-0.16161588595536602
1766927062.2039847,734,combined_score,0.0,0.9873403289726943,-0.8257244430173283,-0.9873403289726943
1766927257.3875754,735,combined_score,0.9873403289726943,0.9873403289726943,0.9873403289726943,0.0
1766927309.7544935,732,combined_score,0.0,0.9873403289726943,-0.9873403289726943,-0.9873403289726943
1766927327.6489122,729,combined_score,0.0,0.9873403289726943,0.0,-0.9873403289726943
1766927444.5252109,733,combined_score,0.0,0.9873403289726943,0.0,-0.9873403289726943
1766927453.4031386,737,combined_score,0.0,0.9873403289726943,0.0,-0.9873403289726943
1766927498.947412,738,combined_score,0.0,0.9873403289726943,0.0,-0.9873403289726943
1766927592.3301604,739,combined_score,0.0,0.9873403289726943,0.0,-0.9873403289726943
1766927635.8335764,736,combined_score,0.0,0.9873403289726943,0.0,-0.9873403289726943
1766927702.4203148,741,combined_score,0.9707503249271259,0.9873403289726943,0.9707503249271259,-0.01659000404556843
1766927727.5276668,740,combined_score,0.0,0.9873403289726943,-0.9707503249271259,-0.9873403289726943
1766927762.8049273,742,combined_score,0.964735719157216,0.9873403289726943,0.964735719157216,-0.022604609815478294
1766927859.0686128,746,combined_score,0.9768475490182011,0.9873403289726943,0.012111829860985135,-0.010492779954493159
1766927865.5352201,744,combined_score,0.9748702629171054,0.9873403289726943,-0.00197728610109571,-0.012470066055588869
1766927880.239167,745,combined_score,0.0,0.9873403289726943,-0.9748702629171054,-0.9873403289726943
1766927905.802522,747,combined_score,0.0,0.9873403289726943,0.0,-0.9873403289726943
1766927958.9058926,748,combined_score,0.9720224386685712,0.9873403289726943,0.9720224386685712,-0.015317890304123116
1766928072.9004147,743,combined_score,0.0,0.9873403289726943,-0.9720224386685712,-0.9873403289726943
1766928115.8105812,750,combined_score,0.9825729168161029,0.9873403289726943,0.9825729168161029,-0.004767412156591377
1766928201.5943716,753,combined_score,0.9607031585988205,0.9873403289726943,-0.02186975821728243,-0.02663717037387381
1766928240.7331474,752,combined_score,0.9657983715696703,0.9873403289726943,0.005095212970849805,-0.021541957403024004
1766928242.0551798,749,combined_score,0.0,0.9873403289726943,-0.9657983715696703,-0.9873403289726943
1766928323.2598858,756,combined_score,0.9810734153217628,0.9873403289726943,0.9810734153217628,-0.0062669136509314605
1766928386.5708542,755,combined_score,0.9514740753359711,0.9873403289726943,-0.029599339985791784,-0.035866253636723244
1766928389.852298,751,combined_score,0.0,0.9873403289726943,-0.9514740753359711,-0.9873403289726943
1766928426.0501537,754,combined_score,0.9637701447546068,0.9873403289726943,0.9637701447546068,-0.023570184218087542
1766928434.6139731,758,combined_score,0.0,0.9873403289726943,-0.9637701447546068,-0.9873403289726943
1766928441.6757033,757,combined_score,0.9834482531946392,0.9873403289726943,0.9834482531946392,-0.0038920757780550597
1766928479.231828,761,combined_score,0.0,0.9873403289726943,-0.9834482531946392,-0.9873403289726943
1766928528.1622958,762,combined_score,0.46336380362195434,0.9873403289726943,0.46336380362195434,-0.52397652535074
1766928592.5573027,759,combined_score,0.0,0.9873403289726943,-0.46336380362195434,-0.9873403289726943
1766928658.707818,764,combined_score,0.0,0.9873403289726943,0.0,-0.9873403289726943
1766928705.3156912,765,combined_score,0.9327474782305984,0.9873403289726943,0.9327474782305984,-0.054592850742095855
1766928759.8972704,767,combined_score,0.0,0.9873403289726943,-0.9327474782305984,-0.9873403289726943
1766928877.0827768,766,combined_score,0.0,0.9873403289726943,0.0,-0.9873403289726943
1766928901.8156903,760,combined_score,0.0,0.9873403289726943,0.0,-0.9873403289726943
1766928938.3629177,768,combined_score,0.9737254945063134,0.9873403289726943,0.9737254945063134,-0.013614834466380898
1766928970.5582104,763,combined_score,0.0,0.9873403289726943,-0.9737254945063134,-0.9873403289726943
1766929066.7633731,769,combined_score,0.9873403289726943,0.9873403289726943,0.9873403289726943,0.0
1766929103.3263083,771,combined_score,0.9644301522730606,0.9873403289726943,-0.02291017669963369,-0.02291017669963369
1766929117.3944886,772,combined_score,0.0,0.9873403289726943,-0.9644301522730606,-0.9873403289726943
1766929123.5235782,770,combined_score,0.9656784831481349,0.9873403289726943,0.9656784831481349,-0.021661845824559434
1766929157.3534102,774,combined_score,0.0,0.9873403289726943,-0.9656784831481349,-0.9873403289726943
1766929208.501927,775,combined_score,0.9750888832195697,0.9873403289726943,0.9750888832195697,-0.012251445753124646
1766929257.3554251,776,combined_score,0.0,0.9873403289726943,-0.9750888832195697,-0.9873403289726943
1766929375.1838617,777,combined_score,0.9711850618799787,0.9873403289726943,0.9711850618799787,-0.01615526709271564
1766929404.4902198,778,combined_score,0.9873403289726943,0.9873403289726943,0.01615526709271564,0.0
1766929404.8099256,779,combined_score,0.0,0.9873403289726943,-0.9873403289726943,-0.9873403289726943
1766929425.9386024,773,combined_score,0.0,0.9873403289726943,0.0,-0.9873403289726943
1766929456.9504695,780,combined_score,0.9699135348344406,0.9873403289726943,0.9699135348344406,-0.017426794138253654
1766929575.1366382,782,combined_score,0.0,0.9873403289726943,-0.9699135348344406,-0.9873403289726943
1766929621.2594695,781,combined_score,0.9640071319998379,0.9873403289726943,0.9640071319998379,-0.023333196972856407
1766929634.0351841,785,combined_score,0.9830815262134298,0.9873403289726943,0.019074394213591916,-0.004258802759264491
1766929666.495284,783,combined_score,0.0,0.9873403289726943,-0.9830815262134298,-0.9873403289726943
1766929761.9857228,788,combined_score,0.9729187423903234,0.9873403289726943,0.9729187423903234,-0.014421586582370916
1766929823.4072778,786,combined_score,0.9762906597268751,0.9873403289726943,0.003371917336551733,-0.011049669245819183
1766929858.5160158,784,combined_score,0.0,0.9873403289726943,-0.9762906597268751,-0.9873403289726943
1766929953.3894968,790,combined_score,0.9802066245148229,0.9873403289726943,0.9802066245148229,-0.007133704457871426
1766929966.696866,789,combined_score,0.0,0.9873403289726943,-0.9802066245148229,-0.9873403289726943
1766930064.2805662,791,combined_score,0.984486567738232,0.9873403289726943,0.984486567738232,-0.0028537612344623486
1766930065.7485309,793,combined_score,0.9680366887482461,0.9873403289726943,-0.016449878989985844,-0.019303640224448193
1766930080.5228827,787,combined_score,0.0,0.9873403289726943,-0.9680366887482461,-0.9873403289726943
1766930203.5004797,792,combined_score,0.0,0.9873403289726943,0.0,-0.9873403289726943
1766930251.7066348,794,combined_score,0.9763293105652614,0.9873403289726943,0.9763293105652614,-0.011011018407432904
1766930280.2507074,795,combined_score,0.0,0.9873403289726943,-0.9763293105652614,-0.9873403289726943
1766930378.3821535,798,combined_score,0.9771732152865394,0.9873403289726943,0.9771732152865394,-0.01016711368615486
1766930436.563051,796,combined_score,0.0,0.9873403289726943,-0.9771732152865394,-0.9873403289726943
1766930458.3862083,799,combined_score,0.9784729764163217,0.9873403289726943,0.9784729764163217,-0.00886735255637261
1766930556.332825,802,combined_score,0.977563757469389,0.9873403289726943,-0.0009092189469327439,-0.009776571503305354
1766930581.9110148,800,combined_score,0.97886312498909,0.9873403289726943,0.0012993675197010557,-0.008477203983604298
1766930589.9381933,801,combined_score,0.9793809570374729,0.9873403289726943,0.0005178320483828491,-0.007959371935221449
1766930671.6963172,797,combined_score,0.0,0.9873403289726943,-0.9793809570374729,-0.9873403289726943
1766930766.4565806,803,combined_score,0.9730386424659678,0.9873403289726943,0.9730386424659678,-0.014301686506726474
1766930781.0026388,806,combined_score,0.9754877219132357,0.9873403289726943,0.00244907944726791,-0.011852607059458564
1766930786.823102,804,combined_score,0.0,0.9873403289726943,-0.9754877219132357,-0.9873403289726943
1766930858.4612658,805,combined_score,0.0,0.9873403289726943,0.0,-0.9873403289726943
1766930954.9015934,810,combined_score,0.9783348817699555,0.9873403289726943,0.9783348817699555,-0.00900544720273877
1766930990.1160977,807,combined_score,0.0,0.9873403289726943,-0.9783348817699555,-0.9873403289726943
1766930991.3598049,808,combined_score,0.962424930473394,0.9873403289726943,0.962424930473394,-0.024915398499300356
1766930992.1174645,811,combined_score,0.0,0.9873403289726943,-0.962424930473394,-0.9873403289726943
1766931030.7526298,814,combined_score,0.0,0.9873403289726943,0.0,-0.9873403289726943
1766931090.9699776,812,combined_score,0.9681232808375325,0.9873403289726943,0.9681232808375325,-0.019217048135161785
1766931147.7322943,815,combined_score,0.0,0.9873403289726943,-0.9681232808375325,-0.9873403289726943
1766931150.1246746,809,combined_score,0.0,0.9873403289726943,0.0,-0.9873403289726943
1766931170.4858992,813,combined_score,0.8518015903560046,0.9873403289726943,0.8518015903560046,-0.13553873861668975
1766931248.9398088,817,combined_score,0.9736782934287814,0.9873403289726943,0.12187670307277687,-0.013662035543912876
1766931364.6190448,819,combined_score,0.9726017333395287,0.9873403289726943,-0.0010765600892527205,-0.014738595633165597
1766931401.1580791,821,combined_score,0.0,0.9873403289726943,-0.9726017333395287,-0.9873403289726943
1766931406.5415068,818,combined_score,0.0,0.9873403289726943,0.0,-0.9873403289726943
1766931421.0286968,816,combined_score,0.0,0.9873403289726943,0.0,-0.9873403289726943
1766931533.0022712,822,combined_score,0.9790762093670259,0.9873403289726943,0.9790762093670259,-0.008264119605668419
1766931613.3815289,824,combined_score,0.0,0.9873403289726943,-0.9790762093670259,-0.9873403289726943
1766931717.236467,820,combined_score,0.0,0.9873403289726943,0.0,-0.9873403289726943
1766931732.030424,825,combined_score,0.9640244891454108,0.9873403289726943,0.9640244891454108,-0.02331583982728347
1766931764.271729,826,combined_score,0.9786077001443173,0.9873403289726943,0.01458321099890647,-0.008732628828376998
1766931884.028037,823,combined_score,0.0,0.9873403289726943,-0.9786077001443173,-0.9873403289726943
1766931947.6677964,829,combined_score,0.0,0.9873403289726943,0.0,-0.9873403289726943
1766931953.6983347,827,combined_score,0.0,0.9873403289726943,0.0,-0.9873403289726943
1766931977.8484313,830,combined_score,0.9732720708309341,0.9873403289726943,0.9732720708309341,-0.01406825814176016
1766932019.984774,832,combined_score,0.9228168735167741,0.9873403289726943,-0.05045519731416004,-0.0645234554559202
1766932032.0513947,831,combined_score,0.9717231335397293,0.9873403289726943,0.04890626002295517,-0.015617195432965025
1766932072.9902713,835,combined_score,0.0,0.9873403289726943,-0.9717231335397293,-0.9873403289726943
1766932130.9193902,834,combined_score,0.9794271495017732,0.9873403289726943,0.9794271495017732,-0.007913179470921072
1766932162.4506702,828,combined_score,0.0,0.9873403289726943,-0.9794271495017732,-0.9873403289726943
1766932164.10487,833,combined_score,0.9813298615681518,0.9873403289726943,0.9813298615681518,-0.006010467404542474
1766932170.8882887,836,combined_score,0.9794150632285687,0.9873403289726943,-0.0019147983395830792,-0.007925265744125554
1766932283.060858,838,combined_score,0.9738847539535258,0.9873403289726943,-0.005530309275042944,-0.013455575019168498
1766932288.4645696,839,combined_score,0.0,0.9873403289726943,-0.9738847539535258,-0.9873403289726943
1766932296.4754112,840,combined_score,0.0,0.9873403289726943,0.0,-0.9873403289726943
1766932296.8860307,837,combined_score,0.0,0.9873403289726943,0.0,-0.9873403289726943
1766932336.2034168,843,combined_score,0.0,0.9873403289726943,0.0,-0.9873403289726943
1766932373.482094,841,combined_score,0.9774583047429691,0.9873403289726943,0.9774583047429691,-0.009882024229725173
1766932426.5013127,844,combined_score,0.0,0.9873403289726943,-0.9774583047429691,-0.9873403289726943
1766932474.25287,842,combined_score,0.979731130654594,0.9873403289726943,0.979731130654594,-0.007609198318100252
1766932506.326596,846,combined_score,0.0,0.9873403289726943,-0.979731130654594,-0.9873403289726943
1766932522.0816243,847,combined_score,0.9800394490123766,0.9873403289726943,0.9800394490123766,-0.007300879960317697
1766932624.727042,849,combined_score,0.0,0.9873403289726943,-0.9800394490123766,-0.9873403289726943
1766932711.5706704,850,combined_score,0.9637263914965627,0.9873403289726943,0.9637263914965627,-0.023613937476131608
1766932753.2613578,848,combined_score,0.0,0.9873403289726943,-0.9637263914965627,-0.9873403289726943
1766932810.5439057,851,combined_score,0.9618229276038955,0.9873403289726943,0.9618229276038955,-0.025517401368798764
1766932815.8422692,852,combined_score,0.970352603839416,0.9873403289726943,0.008529676235520478,-0.016987725133278286
1766932818.2115505,845,combined_score,0.0,0.9873403289726943,-0.970352603839416,-0.9873403289726943
1766932922.9903226,856,combined_score,0.8996163776420322,0.9873403289726943,0.8996163776420322,-0.08772395133066213
1766933006.290486,854,combined_score,0.0,0.9873403289726943,-0.8996163776420322,-0.9873403289726943
1766933034.0444937,855,combined_score,0.0,0.9873403289726943,0.0,-0.9873403289726943
1766933109.11011,858,combined_score,0.0,0.9873403289726943,0.0,-0.9873403289726943
1766933218.0003958,859,combined_score,0.9652023182481483,0.9873403289726943,0.9652023182481483,-0.02213801072454602
1766933262.080464,862,combined_score,0.0,0.9873403289726943,-0.9652023182481483,-0.9873403289726943
1766933266.672606,857,combined_score,0.0,0.9873403289726943,0.0,-0.9873403289726943
1766933292.4123473,860,combined_score,0.0,0.9873403289726943,0.0,-0.9873403289726943
1766933314.8854134,861,combined_score,0.984259702065776,0.9873403289726943,0.984259702065776,-0.003080626906918349
1766933360.7443511,866,combined_score,0.0,0.9873403289726943,-0.984259702065776,-0.9873403289726943
1766933523.4786935,867,combined_score,0.0,0.9873403289726943,0.0,-0.9873403289726943
1766933694.2923472,865,combined_score,0.0,0.9873403289726943,0.0,-0.9873403289726943
1766933696.3951235,864,combined_score,0.0,0.9873403289726943,0.0,-0.9873403289726943
1766933701.1612246,868,combined_score,0.9885785046293688,0.9885785046293688,0.9885785046293688,0.0012381756566745006
1766933747.2810626,863,combined_score,0.0,0.9885785046293688,-0.9885785046293688,-0.9885785046293688
1766933780.4859104,869,combined_score,0.9838513168175675,0.9885785046293688,0.9838513168175675,-0.004727187811801259
1766933828.3963158,873,combined_score,0.0,0.9885785046293688,-0.9838513168175675,-0.9885785046293688
1766933834.0285454,871,combined_score,0.8753644460662664,0.9885785046293688,0.8753644460662664,-0.1132140585631024
1766933909.546971,872,combined_score,0.0,0.9885785046293688,-0.8753644460662664,-0.9885785046293688
1766933992.9195087,875,combined_score,0.9835639999230729,0.9885785046293688,0.9835639999230729,-0.005014504706295941
1766934025.014228,870,combined_score,0.0,0.9885785046293688,-0.9835639999230729,-0.9885785046293688
1766934038.0423365,874,combined_score,0.8730025216737821,0.9885785046293688,0.8730025216737821,-0.11557598295558669
1766934101.665953,878,combined_score,0.961873530902687,0.9885785046293688,0.0888710092289049,-0.02670497372668179
1766934146.6534262,879,combined_score,0.9828604586279144,0.9885785046293688,0.020986927725227367,-0.005718046001454424
1766934173.5246813,877,combined_score,0.0,0.9885785046293688,-0.9828604586279144,-0.9885785046293688
1766934231.8258293,880,combined_score,0.0,0.9885785046293688,0.0,-0.9885785046293688
1766934333.5506701,876,combined_score,0.0,0.9885785046293688,0.0,-0.9885785046293688
1766934344.033387,882,combined_score,0.9759512608226915,0.9885785046293688,0.9759512608226915,-0.012627243806677346
1766934379.8545907,883,combined_score,0.9743292108608697,0.9885785046293688,-0.0016220499618218032,-0.01424929376849915
1766934454.0462143,885,combined_score,0.9804684395287494,0.9885785046293688,0.006139228667879748,-0.008110065100619401
1766934534.057869,886,combined_score,0.9766581751668502,0.9885785046293688,-0.0038102643618992404,-0.011920329462518642
1766934568.1138952,881,combined_score,0.0,0.9885785046293688,-0.9766581751668502,-0.9885785046293688
1766934608.163945,887,combined_score,0.0,0.9885785046293688,0.0,-0.9885785046293688
1766934686.9427588,890,combined_score,0.9699155452678808,0.9885785046293688,0.9699155452678808,-0.018662959361487985
1766934719.452886,888,combined_score,0.0,0.9885785046293688,-0.9699155452678808,-0.9885785046293688
1766934726.409827,891,combined_score,0.0,0.9885785046293688,0.0,-0.9885785046293688
1766934767.7320805,889,combined_score,0.9318302870715082,0.9885785046293688,0.9318302870715082,-0.056748217557860636
1766934774.703513,884,combined_score,0.0,0.9885785046293688,-0.9318302870715082,-0.9885785046293688
1766934902.0336921,894,combined_score,0.0,0.9885785046293688,0.0,-0.9885785046293688
1766934914.6302145,893,combined_score,0.0,0.9885785046293688,0.0,-0.9885785046293688
1766934933.0202477,895,combined_score,0.9745171589335291,0.9885785046293688,0.9745171589335291,-0.014061345695839722
1766935037.1259074,892,combined_score,0.0,0.9885785046293688,-0.9745171589335291,-0.9885785046293688
1766935082.4591806,896,combined_score,0.8754290888775199,0.9885785046293688,0.8754290888775199,-0.11314941575184889
1766935084.4146628,899,combined_score,0.0,0.9885785046293688,-0.8754290888775199,-0.9885785046293688
1766935108.5853772,898,combined_score,0.9647029884238728,0.9885785046293688,0.9647029884238728,-0.023875516205495995
1766935163.6125715,897,combined_score,0.0,0.9885785046293688,-0.9647029884238728,-0.9885785046293688
1766935220.152687,902,combined_score,0.954248873165992,0.9885785046293688,0.954248873165992,-0.03432963146337675
1766935241.9818106,900,combined_score,0.981523387416741,0.9885785046293688,0.027274514250749005,-0.007055117212627748
1766935249.7291956,904,combined_score,0.0,0.9885785046293688,-0.981523387416741,-0.9885785046293688
1766935291.75949,905,combined_score,0.9649806683502602,0.9885785046293688,0.9649806683502602,-0.023597836279108608
1766935318.31232,903,combined_score,0.0,0.9885785046293688,-0.9649806683502602,-0.9885785046293688
1766935395.0340278,906,combined_score,0.9645279607834357,0.9885785046293688,0.9645279607834357,-0.02405054384593308
1766935416.877338,907,combined_score,0.0,0.9885785046293688,-0.9645279607834357,-0.9885785046293688
1766935435.3123238,908,combined_score,0.9785062631198913,0.9885785046293688,0.9785062631198913,-0.010072241509477498
1766935494.668758,910,combined_score,0.9752662750126766,0.9885785046293688,-0.0032399881072147085,-0.013312229616692206
1766935507.5477552,901,combined_score,0.0,0.9885785046293688,-0.9752662750126766,-0.9885785046293688
1766935535.766397,909,combined_score,0.0,0.9885785046293688,0.0,-0.9885785046293688
1766935603.0323615,913,combined_score,0.9689326015954963,0.9885785046293688,0.9689326015954963,-0.01964590303387248
1766935636.1917462,915,combined_score,0.0,0.9885785046293688,-0.9689326015954963,-0.9885785046293688
1766935645.0803473,911,combined_score,0.9887910205631378,0.9887910205631378,0.9887910205631378,0.00021251593376903077
1766935689.6141033,914,combined_score,0.0,0.9887910205631378,-0.9887910205631378,-0.9887910205631378
1766935689.9016497,912,combined_score,0.9826336464595751,0.9887910205631378,0.9826336464595751,-0.006157374103562763
1766935694.9539092,917,combined_score,0.0,0.9887910205631378,-0.9826336464595751,-0.9887910205631378
1766935735.255004,916,combined_score,0.9685871510585973,0.9887910205631378,0.9685871510585973,-0.02020386950454056
1766935814.7483976,920,combined_score,0.0,0.9887910205631378,-0.9685871510585973,-0.9887910205631378
1766935822.5712502,918,combined_score,0.0,0.9887910205631378,0.0,-0.9887910205631378
1766935828.8406155,921,combined_score,0.0,0.9887910205631378,0.0,-0.9887910205631378
1766935911.9568148,922,combined_score,0.9782361647485807,0.9887910205631378,0.9782361647485807,-0.010554855814557174
1766935916.7818537,923,combined_score,0.9696904754379024,0.9887910205631378,-0.008545689310678228,-0.019100545125235402
1766935958.3569548,924,combined_score,0.0,0.9887910205631378,-0.9696904754379024,-0.9887910205631378
1766936052.0914512,926,combined_score,0.9747928192059604,0.9887910205631378,0.9747928192059604,-0.013998201357177442
1766936073.6654558,919,combined_score,0.0,0.9887910205631378,-0.9747928192059604,-0.9887910205631378
1766936090.8532646,927,combined_score,0.982720963093931,0.9887910205631378,0.982720963093931,-0.006070057469206858
1766936094.4667637,928,combined_score,0.0,0.9887910205631378,-0.982720963093931,-0.9887910205631378
1766936200.7210011,929,combined_score,0.9750225976838365,0.9887910205631378,0.9750225976838365,-0.013768422879301356
1766936221.1089158,931,combined_score,0.9760717751055701,0.9887910205631378,0.0010491774217336047,-0.012719245457567752
1766936240.2886217,932,combined_score,0.0,0.9887910205631378,-0.9760717751055701,-0.9887910205631378
1766936258.3607926,933,combined_score,0.0,0.9887910205631378,0.0,-0.9887910205631378
1766936293.9267318,930,combined_score,0.880270367252424,0.9887910205631378,0.880270367252424,-0.10852065331071381
1766936350.089598,925,combined_score,0.0,0.9887910205631378,-0.880270367252424,-0.9887910205631378
1766936395.0312846,935,combined_score,0.0,0.9887910205631378,0.0,-0.9887910205631378
1766936461.036408,934,combined_score,0.9845065302989734,0.9887910205631378,0.9845065302989734,-0.004284490264164442
1766936471.3647447,936,combined_score,0.0,0.9887910205631378,-0.9845065302989734,-0.9887910205631378
1766936489.7198312,939,combined_score,0.0,0.9887910205631378,0.0,-0.9887910205631378
1766936556.2100136,940,combined_score,0.5949849140742689,0.9887910205631378,0.5949849140742689,-0.39380610648886893
1766936616.249114,937,combined_score,0.9565019516337897,0.9887910205631378,0.3615170375595208,-0.03228906892934813
1766936649.28127,942,combined_score,0.931266463467148,0.9887910205631378,-0.025235488166641673,-0.0575245570959898
1766936739.2405841,943,combined_score,0.9800358453211967,0.9887910205631378,0.048769381854048666,-0.008755175241941138
1766936823.6233218,941,combined_score,0.0,0.9887910205631378,-0.9800358453211967,-0.9887910205631378
1766936828.8902352,938,combined_score,0.0,0.9887910205631378,0.0,-0.9887910205631378
1766936875.3483615,945,combined_score,0.0,0.9887910205631378,0.0,-0.9887910205631378
1766936911.6295795,947,combined_score,0.0,0.9887910205631378,0.0,-0.9887910205631378
1766936918.777401,946,combined_score,0.9785751290911283,0.9887910205631378,0.9785751290911283,-0.01021589147200952
1766937033.6059961,948,combined_score,0.977329568211678,0.9887910205631378,-0.0012455608794502693,-0.011461452351459789
1766937088.0802615,944,combined_score,0.0,0.9887910205631378,-0.977329568211678,-0.9887910205631378
1766937095.1077902,949,combined_score,0.9833555891251107,0.9887910205631378,0.9833555891251107,-0.005435431438027161
1766937161.5010188,951,combined_score,0.9772815363584217,0.9887910205631378,-0.006074052766688931,-0.011509484204716092
1766937168.651425,950,combined_score,0.0,0.9887910205631378,-0.9772815363584217,-0.9887910205631378
1766937175.5535293,953,combined_score,0.9659801875880271,0.9887910205631378,0.9659801875880271,-0.022810832975110773
1766937319.6066823,954,combined_score,0.0,0.9887910205631378,-0.9659801875880271,-0.9887910205631378
1766937357.7684486,955,combined_score,0.9748884225468663,0.9887910205631378,0.9748884225468663,-0.013902598016271583
1766937368.9642425,956,combined_score,0.9693002879537349,0.9887910205631378,-0.005588134593131344,-0.019490732609402928
1766937389.5233488,957,combined_score,0.9791842232743131,0.9887910205631378,0.009883935320578185,-0.009606797288824742
1766937480.2245593,958,combined_score,0.0,0.9887910205631378,-0.9791842232743131,-0.9887910205631378
1766937546.5048554,959,combined_score,0.9882524894150374,0.9887910205631378,0.9882524894150374,-0.0005385311481004296
1766937577.5928504,952,combined_score,0.0,0.9887910205631378,-0.9882524894150374,-0.9887910205631378
1766937610.231143,961,combined_score,0.0,0.9887910205631378,0.0,-0.9887910205631378
1766937641.416968,964,combined_score,0.0,0.9887910205631378,0.0,-0.9887910205631378
1766937649.429224,960,combined_score,0.0,0.9887910205631378,0.0,-0.9887910205631378
1766937685.6830363,966,combined_score,0.0,0.9887910205631378,0.0,-0.9887910205631378
1766937757.3953817,962,combined_score,0.9887910205631378,0.9887910205631378,0.9887910205631378,0.0
1766937799.3838184,967,combined_score,0.9743482972206167,0.9887910205631378,-0.014442723342521169,-0.014442723342521169
1766937811.2166088,963,combined_score,0.9749552652223435,0.9887910205631378,0.0006069680017268819,-0.013835755340794287
1766937842.7447255,968,combined_score,0.0,0.9887910205631378,-0.9749552652223435,-0.9887910205631378
1766937843.1898615,965,combined_score,0.0,0.9887910205631378,0.0,-0.9887910205631378
1766937892.4861095,972,combined_score,0.0,0.9887910205631378,0.0,-0.9887910205631378
1766937905.5561361,971,combined_score,0.9062289086813128,0.9887910205631378,0.9062289086813128,-0.08256211188182505
1766937998.4946733,969,combined_score,0.0,0.9887910205631378,-0.9062289086813128,-0.9887910205631378
1766938013.556861,973,combined_score,0.9802923842292447,0.9887910205631378,0.9802923842292447,-0.00849863633389314
1766938018.0044549,970,combined_score,0.9462350592892266,0.9887910205631378,-0.03405732494001812,-0.04255596127391126
1766938062.2767174,977,combined_score,0.8788252333694239,0.9887910205631378,-0.06740982591980271,-0.10996578719371397
1766938139.1921566,976,combined_score,0.0,0.9887910205631378,-0.8788252333694239,-0.9887910205631378
1766938158.0633144,975,combined_score,0.9713288489127334,0.9887910205631378,0.9713288489127334,-0.017462171650404423
1766938208.5004816,978,combined_score,0.9773111626312402,0.9887910205631378,0.005982313718506771,-0.011479857931897652
1766938229.2351742,980,combined_score,0.97221398211809,0.9887910205631378,-0.0050971805131502235,-0.016577038445047876
1766938292.0875654,981,combined_score,0.9646547999455559,0.9887910205631378,-0.00755918217253404,-0.024136220617581916
1766938305.5236444,982,combined_score,0.9810018527582666,0.9887910205631378,0.01634705281271065,-0.0077891678048712665
1766938344.8782046,974,combined_score,0.0,0.9887910205631378,-0.9810018527582666,-0.9887910205631378
1766938428.0327713,984,combined_score,0.9627860299004778,0.9887910205631378,0.9627860299004778,-0.026004990662660044
1766938460.881209,979,combined_score,0.0,0.9887910205631378,-0.9627860299004778,-0.9887910205631378
1766938464.9286156,983,combined_score,0.0,0.9887910205631378,0.0,-0.9887910205631378
1766938513.8752422,985,combined_score,0.9738845388064306,0.9887910205631378,0.9738845388064306,-0.01490648175670728
1766938667.137494,986,combined_score,0.0,0.9887910205631378,-0.9738845388064306,-0.9887910205631378
1766938672.032776,988,combined_score,0.9749049896192973,0.9887910205631378,0.9749049896192973,-0.013886030943840555
1766938713.6951053,991,combined_score,0.0,0.9887910205631378,-0.9749049896192973,-0.9887910205631378
1766938749.2212517,990,combined_score,0.9820090295951077,0.9887910205631378,0.9820090295951077,-0.006781990968030116
1766938786.8220818,989,combined_score,0.0,0.9887910205631378,-0.9820090295951077,-0.9887910205631378
1766938887.1089277,994,combined_score,0.9757804097144644,0.9887910205631378,0.9757804097144644,-0.013010610848673387
1766938938.7568378,995,combined_score,0.0,0.9887910205631378,-0.9757804097144644,-0.9887910205631378
1766938958.2281227,987,combined_score,0.0,0.9887910205631378,0.0,-0.9887910205631378
1766939102.5424073,996,combined_score,0.9811551794662003,0.9887910205631378,0.9811551794662003,-0.00763584109693749
1766939142.5590086,992,combined_score,0.0,0.9887910205631378,-0.9811551794662003,-0.9887910205631378
1766939171.2936642,997,combined_score,0.9686130041182902,0.9887910205631378,0.9686130041182902,-0.020178016444847624
1766939175.719573,993,combined_score,0.0,0.9887910205631378,-0.9686130041182902,-0.9887910205631378
1766939283.419988,1000,combined_score,0.9151647833945327,0.9887910205631378,0.9151647833945327,-0.07362623716860517
1766939292.7514057,998,combined_score,0.9780603310368959,0.9887910205631378,0.06289554764236327,-0.010730689526241899
1766939325.2538998,999,combined_score,0.9796388761149659,0.9887910205631378,0.0015785450780699817,-0.009152144448171917
1766939334.0288804,1003,combined_score,0.6643218824211349,0.9887910205631378,-0.31531699369383104,-0.32446913814200296
1766939345.0632346,1001,combined_score,0.9443678148106075,0.9887910205631378,0.2800459323894726,-0.04442320575253034
1766939408.832419,1005,combined_score,0.0,0.9887910205631378,-0.9443678148106075,-0.9887910205631378
1766939461.4708967,1002,combined_score,0.9744049890242694,0.9887910205631378,0.9744049890242694,-0.014386031538868416
1766939525.8094997,1004,combined_score,0.9755965568391999,0.9887910205631378,0.001191567814930461,-0.013194463723937955
1766939539.220417,1007,combined_score,0.0,0.9887910205631378,-0.9755965568391999,-0.9887910205631378
1766939544.459089,1006,combined_score,0.9881738096161998,0.9887910205631378,0.9881738096161998,-0.0006172109469380072
1766939551.7718716,1008,combined_score,0.9644150227147232,0.9887910205631378,-0.023758786901476592,-0.0243759978484146
1766939679.6502163,1009,combined_score,0.0,0.9887910205631378,-0.9644150227147232,-0.9887910205631378
1766939681.0147653,1010,combined_score,0.0,0.9887910205631378,0.0,-0.9887910205631378
1766939696.769844,1012,combined_score,0.9780438141366824,0.9887910205631378,0.9780438141366824,-0.010747206426455436
1766939702.050626,1011,combined_score,0.0,0.9887910205631378,-0.9780438141366824,-0.9887910205631378
1766939816.789231,1014,combined_score,0.0,0.9887910205631378,0.0,-0.9887910205631378
1766939889.6227157,1016,combined_score,0.9763262174368442,0.9887910205631378,0.9763262174368442,-0.012464803126293611
1766939899.1791801,1015,combined_score,0.978078502321734,0.9887910205631378,0.0017522848848897654,-0.010712518241403846
1766939907.4553497,1013,combined_score,0.0,0.9887910205631378,-0.978078502321734,-0.9887910205631378
1766940020.7945206,1018,combined_score,0.0,0.9887910205631378,0.0,-0.9887910205631378
1766940073.1424708,1020,combined_score,0.9739779372928309,0.9887910205631378,0.9739779372928309,-0.014813083270306948
1766940118.0027907,1022,combined_score,0.0,0.9887910205631378,-0.9739779372928309,-0.9887910205631378
1766940132.8569772,1019,combined_score,0.0,0.9887910205631378,0.0,-0.9887910205631378
1766940149.8415852,1017,combined_score,0.0,0.9887910205631378,0.0,-0.9887910205631378
1766940198.4303105,1025,combined_score,0.0,0.9887910205631378,0.0,-0.9887910205631378
1766940230.570841,1021,combined_score,0.0,0.9887910205631378,0.0,-0.9887910205631378
1766940279.7264783,1023,combined_score,0.0,0.9887910205631378,0.0,-0.9887910205631378
1766940288.4100204,1024,combined_score,0.0,0.9887910205631378,0.0,-0.9887910205631378
1766940324.1508963,1028,combined_score,0.0,0.9887910205631378,0.0,-0.9887910205631378
1766940395.8953898,1027,combined_score,0.0,0.9887910205631378,0.0,-0.9887910205631378
1766940463.6888862,1030,combined_score,0.9482632739304425,0.9887910205631378,0.9482632739304425,-0.040527746632695316
1766940505.0258625,1031,combined_score,0.9773251440396606,0.9887910205631378,0.029061870109218124,-0.011465876523477192
1766940510.6099758,1029,combined_score,0.9727918466295555,0.9887910205631378,-0.004533297410105108,-0.0159991739335823
1766940625.8757858,1026,combined_score,0.0,0.9887910205631378,-0.9727918466295555,-0.9887910205631378
1766940658.5254376,1036,combined_score,0.0,0.9887910205631378,0.0,-0.9887910205631378
1766940687.7087433,1033,combined_score,0.0,0.9887910205631378,0.0,-0.9887910205631378
1766940691.533547,1035,combined_score,0.977769036879078,0.9887910205631378,0.977769036879078,-0.011021983684059822
1766940711.0864234,1034,combined_score,0.9824233045921125,0.9887910205631378,0.0046542677130344545,-0.006367715971025367
1766940742.4687064,1038,combined_score,0.2593524468821605,0.9887910205631378,-0.7230708577099519,-0.7294385736809773
1766940829.0244825,1041,combined_score,0.9666415810659829,0.9887910205631378,0.7072891341838223,-0.022149439497154977
1766940900.5956185,1040,combined_score,0.0,0.9887910205631378,-0.9666415810659829,-0.9887910205631378
1766940906.1386335,1042,combined_score,0.0,0.9887910205631378,0.0,-0.9887910205631378
1766941043.1928077,1043,combined_score,0.9820360419747219,0.9887910205631378,0.9820360419747219,-0.006754978588415894
1766941082.6562192,1044,combined_score,0.0,0.9887910205631378,-0.9820360419747219,-0.9887910205631378
1766941112.7662306,1039,combined_score,0.0,0.9887910205631378,0.0,-0.9887910205631378
1766941116.148758,1037,combined_score,0.0,0.9887910205631378,0.0,-0.9887910205631378
1766941160.5587966,1046,combined_score,0.9773879083026108,0.9887910205631378,0.9773879083026108,-0.011403112260527037
1766941185.3971713,1045,combined_score,0.9611911320426266,0.9887910205631378,-0.01619677625998417,-0.027599888520511207
1766941272.7847378,1049,combined_score,0.0,0.9887910205631378,-0.9611911320426266,-0.9887910205631378
1766941279.7543623,1050,combined_score,0.9828595219171069,0.9887910205631378,0.9828595219171069,-0.0059314986460309305
1766941298.0082088,1047,combined_score,0.0,0.9887910205631378,-0.9828595219171069,-0.9887910205631378
1766941315.8761914,1052,combined_score,0.0,0.9887910205631378,0.0,-0.9887910205631378
1766941382.333532,1051,combined_score,0.9320311779608892,0.9887910205631378,0.9320311779608892,-0.056759842602248645
1766941526.9432607,1054,combined_score,0.9797122694525997,0.9887910205631378,0.047681091491710514,-0.00907875111053813
1766941542.113059,1048,combined_score,0.0,0.9887910205631378,-0.9797122694525997,-0.9887910205631378
1766941558.621409,1056,combined_score,0.0,0.9887910205631378,0.0,-0.9887910205631378
1766941579.5339766,1057,combined_score,0.0,0.9887910205631378,0.0,-0.9887910205631378
1766941641.0334826,1053,combined_score,0.0,0.9887910205631378,0.0,-0.9887910205631378
1766941711.3035102,1059,combined_score,0.975562220156645,0.9887910205631378,0.975562220156645,-0.01322880040649288
1766941743.3575315,1060,combined_score,0.9358731877191672,0.9887910205631378,-0.03968903243747779,-0.05291783284397067
1766941778.5093803,1061,combined_score,0.8753072270445743,0.9887910205631378,-0.060565960674592856,-0.11348379351856352
1766941811.8824902,1055,combined_score,0.0,0.9887910205631378,-0.8753072270445743,-0.9887910205631378
1766941904.606532,1063,combined_score,0.0,0.9887910205631378,0.0,-0.9887910205631378
1766941975.6427588,1058,combined_score,0.0,0.9887910205631378,0.0,-0.9887910205631378
1766942147.9568915,1066,combined_score,0.0,0.9887910205631378,0.0,-0.9887910205631378
1766942176.7232573,1062,combined_score,0.0,0.9887910205631378,0.0,-0.9887910205631378
1766942250.829491,1064,combined_score,0.0,0.9887910205631378,0.0,-0.9887910205631378
1766942295.5354524,1065,combined_score,0.0,0.9887910205631378,0.0,-0.9887910205631378
1766942334.857168,1070,combined_score,0.0,0.9887910205631378,0.0,-0.9887910205631378
1766942415.247414,1068,combined_score,0.0,0.9887910205631378,0.0,-0.9887910205631378
1766942439.013125,1069,combined_score,0.9884624400055134,0.9887910205631378,0.9884624400055134,-0.00032858055762441385
1766942486.3340702,1073,combined_score,0.0,0.9887910205631378,-0.9884624400055134,-0.9887910205631378
1766942507.620901,1071,combined_score,0.0,0.9887910205631378,0.0,-0.9887910205631378
1766942544.903846,1072,combined_score,0.0,0.9887910205631378,0.0,-0.9887910205631378
1766942580.2861888,1067,combined_score,0.0,0.9887910205631378,0.0,-0.9887910205631378
1766942641.6244097,1075,combined_score,0.0,0.9887910205631378,0.0,-0.9887910205631378
1766942651.4357564,1077,combined_score,0.0,0.9887910205631378,0.0,-0.9887910205631378
1766942664.1978688,1074,combined_score,0.0,0.9887910205631378,0.0,-0.9887910205631378
1766942814.9468982,1079,combined_score,0.0,0.9887910205631378,0.0,-0.9887910205631378
1766942858.2966385,1080,combined_score,0.0,0.9887910205631378,0.0,-0.9887910205631378
1766942926.9999235,1076,combined_score,0.0,0.9887910205631378,0.0,-0.9887910205631378
1766943063.4803507,1082,combined_score,0.974703635357293,0.9887910205631378,0.974703635357293,-0.014087385205844849
1766943067.6694598,1078,combined_score,0.0,0.9887910205631378,-0.974703635357293,-0.9887910205631378
1766943113.906819,1081,combined_score,0.0,0.9887910205631378,0.0,-0.9887910205631378
1766943203.826728,1084,combined_score,0.9502623130891091,0.9887910205631378,0.9502623130891091,-0.0385287074740287
1766943209.4093423,1083,combined_score,0.0,0.9887910205631378,-0.9502623130891091,-0.9887910205631378
1766943459.44352,1088,combined_score,0.0,0.9887910205631378,0.0,-0.9887910205631378
1766943504.154817,1085,combined_score,0.0,0.9887910205631378,0.0,-0.9887910205631378
1766943541.8661149,1086,combined_score,0.0,0.9887910205631378,0.0,-0.9887910205631378
1766943612.271668,1089,combined_score,0.9784246995097209,0.9887910205631378,0.9784246995097209,-0.01036632105341695
1766943625.401618,1087,combined_score,0.0,0.9887910205631378,-0.9784246995097209,-0.9887910205631378
1766943722.5624297,1090,combined_score,0.0,0.9887910205631378,0.0,-0.9887910205631378
1766943845.6579924,1093,combined_score,0.9800745179664377,0.9887910205631378,0.9800745179664377,-0.008716502596700093
1766943896.0025983,1091,combined_score,0.0,0.9887910205631378,-0.9800745179664377,-0.9887910205631378
1766944019.1585429,1095,combined_score,0.9675177823995939,0.9887910205631378,0.9675177823995939,-0.021273238163543984
1766944066.1560392,1092,combined_score,0.0,0.9887910205631378,-0.9675177823995939,-0.9887910205631378
1766944077.491752,1096,combined_score,0.9887258027164695,0.9887910205631378,0.9887258027164695,-6.521784666835284e-05
1766944110.8096771,1098,combined_score,0.0,0.9887910205631378,-0.9887258027164695,-0.9887910205631378
1766944168.368366,1094,combined_score,0.0,0.9887910205631378,0.0,-0.9887910205631378
1766944205.0058057,1097,combined_score,0.9496878174695975,0.9887910205631378,0.9496878174695975,-0.03910320309354032
1766944299.6256328,1100,combined_score,0.9810501169115117,0.9887910205631378,0.031362299441914154,-0.007740903651626163
1766944309.717621,1101,combined_score,0.0,0.9887910205631378,-0.9810501169115117,-0.9887910205631378
1766944340.0891078,1102,combined_score,0.9761399796118397,0.9887910205631378,0.9761399796118397,-0.012651040951298098
1766944462.0720742,1104,combined_score,0.0,0.9887910205631378,-0.9761399796118397,-0.9887910205631378
1766944474.8150897,1105,combined_score,0.0,0.9887910205631378,0.0,-0.9887910205631378
1766944506.52183,1099,combined_score,0.0,0.9887910205631378,0.0,-0.9887910205631378
1766944651.2047572,1108,combined_score,0.9287904254922074,0.9887910205631378,0.9287904254922074,-0.060000595070930474
1766944667.4860575,1106,combined_score,0.95685771656574,0.9887910205631378,0.028067291073532674,-0.0319333039973978
1766944681.2911816,1107,combined_score,0.9694950968002195,0.9887910205631378,0.012637380234479467,-0.019295923762918332
1766944722.275203,1111,combined_score,0.0,0.9887910205631378,-0.9694950968002195,-0.9887910205631378
1766944724.5840118,1110,combined_score,0.9357284783237709,0.9887910205631378,0.9357284783237709,-0.053062542239366906
1766944734.8905752,1103,combined_score,0.0,0.9887910205631378,-0.9357284783237709,-0.9887910205631378
1766944916.1467268,1114,combined_score,0.9725926841356601,0.9887910205631378,0.9725926841356601,-0.0161983364274777
1766945073.267857,1109,combined_score,0.0,0.9887910205631378,-0.9725926841356601,-0.9887910205631378
1766945105.683794,1112,combined_score,0.0,0.9887910205631378,0.0,-0.9887910205631378
1766945112.3944433,1116,combined_score,0.0,0.9887910205631378,0.0,-0.9887910205631378
1766945151.1253045,1113,combined_score,0.0,0.9887910205631378,0.0,-0.9887910205631378
1766945186.2840176,1115,combined_score,0.0,0.9887910205631378,0.0,-0.9887910205631378
1766945281.3644686,1120,combined_score,0.852452811301651,0.9887910205631378,0.852452811301651,-0.13633820926148688
1766945330.1101093,1118,combined_score,0.9800215020364166,0.9887910205631378,0.12756869073476562,-0.008769518526721254
1766945395.064367,1119,combined_score,0.0,0.9887910205631378,-0.9800215020364166,-0.9887910205631378
1766945462.224915,1123,combined_score,0.0,0.9887910205631378,0.0,-0.9887910205631378
1766945527.6091392,1117,combined_score,0.0,0.9887910205631378,0.0,-0.9887910205631378
1766945709.9583063,1121,combined_score,0.0,0.9887910205631378,0.0,-0.9887910205631378
1766945709.9940362,1124,combined_score,0.9740158603794812,0.9887910205631378,0.9740158603794812,-0.014775160183656655
1766945735.1754346,1125,combined_score,0.9822517068715703,0.9887910205631378,0.008235846492089083,-0.006539313691567572
1766945748.3558462,1127,combined_score,0.0,0.9887910205631378,-0.9822517068715703,-0.9887910205631378
1766945759.3296742,1122,combined_score,0.0,0.9887910205631378,0.0,-0.9887910205631378
1766945940.0118458,1130,combined_score,0.9750852399539973,0.9887910205631378,0.9750852399539973,-0.013705780609140517
1766945942.3865197,1129,combined_score,0.0,0.9887910205631378,-0.9750852399539973,-0.9887910205631378
1766946093.1681042,1128,combined_score,0.0,0.9887910205631378,0.0,-0.9887910205631378
1766946138.1167676,1126,combined_score,0.0,0.9887910205631378,0.0,-0.9887910205631378
1766946284.3333304,1133,combined_score,0.9896636629107236,0.9896636629107236,0.9896636629107236,0.0008726423475857725
1766946291.4724286,1131,combined_score,0.0,0.9896636629107236,-0.9896636629107236,-0.9896636629107236
1766946316.8435788,1134,combined_score,0.9765942402428744,0.9896636629107236,0.9765942402428744,-0.013069422667849162
1766946318.052844,1132,combined_score,0.0,0.9896636629107236,-0.9765942402428744,-0.9896636629107236
1766946352.876093,1137,combined_score,0.0,0.9896636629107236,0.0,-0.9896636629107236
1766946432.8562243,1136,combined_score,0.0,0.9896636629107236,0.0,-0.9896636629107236
1766946478.6590452,1140,combined_score,0.0,0.9896636629107236,0.0,-0.9896636629107236
1766946518.6857681,1138,combined_score,0.9832267161109183,0.9896636629107236,0.9832267161109183,-0.006436946799805332
1766946549.5675974,1139,combined_score,0.9786583290069489,0.9896636629107236,-0.00456838710396934,-0.011005333903774672
1766946556.1239982,1142,combined_score,0.0,0.9896636629107236,-0.9786583290069489,-0.9896636629107236
1766946593.4058826,1141,combined_score,0.0,0.9896636629107236,0.0,-0.9896636629107236
1766946642.8074646,1145,combined_score,0.0,0.9896636629107236,0.0,-0.9896636629107236
1766946705.7082138,1144,combined_score,0.0,0.9896636629107236,0.0,-0.9896636629107236
1766946713.35647,1135,combined_score,0.0,0.9896636629107236,0.0,-0.9896636629107236
1766946791.3878443,1147,combined_score,0.8381537535193757,0.9896636629107236,0.8381537535193757,-0.1515099093913479
1766946797.340801,1143,combined_score,0.0,0.9896636629107236,-0.8381537535193757,-0.9896636629107236
1766946808.9490657,1146,combined_score,0.9793802909901504,0.9896636629107236,0.9793802909901504,-0.010283371920573159
1766946864.2438328,1150,combined_score,0.8136588023824682,0.9896636629107236,-0.1657214886076822,-0.17600486052825537
1766946874.2238297,1149,combined_score,0.9039448985589872,0.9896636629107236,0.09028609617651895,-0.08571876435173642
1766946894.0700243,1148,combined_score,0.9784458356510217,0.9896636629107236,0.07450093709203454,-0.011217827259701885
1766947001.4744272,1154,combined_score,0.9556448470375717,0.9896636629107236,-0.022800988613450035,-0.03401881587315192
1766947014.8356414,1152,combined_score,0.9823103342388555,0.9896636629107236,0.02666548720128381,-0.007353328671868109
1766947058.8497953,1151,combined_score,0.0,0.9896636629107236,-0.9823103342388555,-0.9896636629107236
1766947162.8263273,1156,combined_score,0.9695434156798503,0.9896636629107236,0.9695434156798503,-0.020120247230873356
1766947210.443983,1155,combined_score,0.970893349108783,0.9896636629107236,0.001349933428932748,-0.018770313801940608
1766947242.94943,1157,combined_score,0.9768000526504718,0.9896636629107236,0.0059067035416887625,-0.012863610260251845
1766947304.2047734,1153,combined_score,0.0,0.9896636629107236,-0.9768000526504718,-0.9896636629107236
1766947305.5078306,1158,combined_score,0.9657623940941333,0.9896636629107236,0.9657623940941333,-0.02390126881659027
1766947373.036217,1159,combined_score,0.0,0.9896636629107236,-0.9657623940941333,-0.9896636629107236
1766947450.1267588,1161,combined_score,0.0,0.9896636629107236,0.0,-0.9896636629107236
1766947483.4015727,1162,combined_score,0.977812667395915,0.9896636629107236,0.977812667395915,-0.011850995514808615
1766947636.4701114,1164,combined_score,0.9621845998707657,0.9896636629107236,-0.015628067525149336,-0.02747906303995795
1766947650.1837826,1165,combined_score,0.9725212399512968,0.9896636629107236,0.010336640080531145,-0.017142422959426806
1766947739.8851068,1163,combined_score,0.0,0.9896636629107236,-0.9725212399512968,-0.9896636629107236
1766947743.3071682,1160,combined_score,0.0,0.9896636629107236,0.0,-0.9896636629107236
1766947765.425892,1167,combined_score,0.9568018384319472,0.9896636629107236,0.9568018384319472,-0.03286182447877639
1766947791.1118224,1169,combined_score,0.0,0.9896636629107236,-0.9568018384319472,-0.9896636629107236
1766947818.2723064,1166,combined_score,0.9099620323727313,0.9896636629107236,0.9099620323727313,-0.07970163053799229
1766947853.0453641,1172,combined_score,0.0,0.9896636629107236,-0.9099620323727313,-0.9896636629107236
1766947899.166706,1171,combined_score,0.9248914675689752,0.9896636629107236,0.9248914675689752,-0.06477219534174838
1766947912.7588542,1168,combined_score,0.9822347668172422,0.9896636629107236,0.05734329924826698,-0.0074288960934814074
1766947964.5995693,1170,combined_score,0.0,0.9896636629107236,-0.9822347668172422,-0.9896636629107236
1766948064.917877,1175,combined_score,0.9683815517059804,0.9896636629107236,0.9683815517059804,-0.021282111204743215
1766948081.0733259,1174,combined_score,0.0,0.9896636629107236,-0.9683815517059804,-0.9896636629107236
1766948118.9616249,1178,combined_score,0.0,0.9896636629107236,0.0,-0.9896636629107236
1766948145.4503171,1176,combined_score,0.936111016674356,0.9896636629107236,0.936111016674356,-0.053552646236367574
1766948234.3728642,1181,combined_score,0.0,0.9896636629107236,-0.936111016674356,-0.9896636629107236
1766948261.7158384,1182,combined_score,0.0,0.9896636629107236,0.0,-0.9896636629107236
1766948263.3868115,1177,combined_score,0.9807129157801329,0.9896636629107236,0.9807129157801329,-0.008950747130590742
1766948274.3827379,1179,combined_score,0.0,0.9896636629107236,-0.9807129157801329,-0.9896636629107236
1766948274.6389773,1173,combined_score,0.0,0.9896636629107236,0.0,-0.9896636629107236
1766948411.2553704,1185,combined_score,0.0,0.9896636629107236,0.0,-0.9896636629107236
1766948469.6391506,1186,combined_score,0.0,0.9896636629107236,0.0,-0.9896636629107236
1766948501.4879074,1183,combined_score,0.0,0.9896636629107236,0.0,-0.9896636629107236
1766948530.3844287,1184,combined_score,0.0,0.9896636629107236,0.0,-0.9896636629107236
1766948731.7974002,1188,combined_score,0.9820916466285007,0.9896636629107236,0.9820916466285007,-0.0075720162822229264
1766948731.8492458,1190,combined_score,0.0,0.9896636629107236,-0.9820916466285007,-0.9896636629107236
1766948842.9831202,1187,combined_score,0.0,0.9896636629107236,0.0,-0.9896636629107236
1766948919.8211231,1189,combined_score,0.0,0.9896636629107236,0.0,-0.9896636629107236
1766949026.0183027,1192,combined_score,0.0,0.9896636629107236,0.0,-0.9896636629107236
1766949089.2707233,1193,combined_score,0.9896636629107236,0.9896636629107236,0.9896636629107236,0.0
1766949168.21344,1191,combined_score,0.0,0.9896636629107236,-0.9896636629107236,-0.9896636629107236
1766949234.8066041,1195,combined_score,0.9756101675434297,0.9896636629107236,0.9756101675434297,-0.014053495367293944
1766949245.5230613,1197,combined_score,0.9058085514636643,0.9896636629107236,-0.06980161607976532,-0.08385511144705926
1766949346.6886194,1194,combined_score,0.0,0.9896636629107236,-0.9058085514636643,-0.9896636629107236
1766949430.4731736,1196,combined_score,0.0,0.9896636629107236,0.0,-0.9896636629107236
1766949487.3591743,1200,combined_score,0.0,0.9896636629107236,0.0,-0.9896636629107236
1766949492.592952,1199,combined_score,0.9736642513628703,0.9896636629107236,0.9736642513628703,-0.015999411547853337
1766949521.5999906,1202,combined_score,0.0,0.9896636629107236,-0.9736642513628703,-0.9896636629107236
1766949644.3855226,1203,combined_score,0.9866772992715511,0.9896636629107236,0.9866772992715511,-0.0029863636391724846
1766949666.19013,1198,combined_score,0.0,0.9896636629107236,-0.9866772992715511,-0.9896636629107236
1766949703.799429,1206,combined_score,0.0,0.9896636629107236,0.0,-0.9896636629107236
1766949729.325567,1204,combined_score,0.9370920413128797,0.9896636629107236,0.9370920413128797,-0.0525716215978439
1766949762.764756,1205,combined_score,0.0,0.9896636629107236,-0.9370920413128797,-0.9896636629107236
1766949861.7180126,1201,combined_score,0.0,0.9896636629107236,0.0,-0.9896636629107236
1766949920.0227628,1208,combined_score,0.9830201846805816,0.9896636629107236,0.9830201846805816,-0.006643478230141997
1766949938.0576162,1210,combined_score,0.0,0.9896636629107236,-0.9830201846805816,-0.9896636629107236
1766949957.548763,1209,combined_score,0.9388092248170936,0.9896636629107236,0.9388092248170936,-0.050854438093629994
1766950020.5664623,1207,combined_score,0.0,0.9896636629107236,-0.9388092248170936,-0.9896636629107236
1766950100.4838374,1212,combined_score,0.0,0.9896636629107236,0.0,-0.9896636629107236
1766950100.6077976,1211,combined_score,0.9649908218594845,0.9896636629107236,0.9649908218594845,-0.024672841051239125
1766950199.6706264,1214,combined_score,0.9539074089456903,0.9896636629107236,-0.011083412913794222,-0.03575625396503335
1766950242.5261493,1213,combined_score,0.0,0.9896636629107236,-0.9539074089456903,-0.9896636629107236
1766950315.767314,1218,combined_score,0.9138014106498561,0.9896636629107236,0.9138014106498561,-0.07586225226086751
1766950330.6320524,1216,combined_score,0.9753693226295497,0.9896636629107236,0.06156791197969358,-0.014294340281173934
1766950416.1010096,1219,combined_score,0.9809390824675078,0.9896636629107236,0.005569759837958155,-0.00872458044321578
1766950431.6450536,1221,combined_score,0.9206403521398406,0.9896636629107236,-0.060298730327667194,-0.06902331077088297
1766950469.3282878,1223,combined_score,0.0,0.9896636629107236,-0.9206403521398406,-0.9896636629107236
1766950515.0699205,1224,combined_score,0.0,0.9896636629107236,0.0,-0.9896636629107236
1766950531.9098692,1220,combined_score,0.0,0.9896636629107236,0.0,-0.9896636629107236
1766950604.4608572,1217,combined_score,0.0,0.9896636629107236,0.0,-0.9896636629107236
1766950663.9417276,1225,combined_score,0.0,0.9896636629107236,0.0,-0.9896636629107236
1766950673.1864922,1222,combined_score,0.0,0.9896636629107236,0.0,-0.9896636629107236
1766950691.4135141,1228,combined_score,0.0,0.9896636629107236,0.0,-0.9896636629107236
1766950712.200973,1229,combined_score,0.0,0.9896636629107236,0.0,-0.9896636629107236
1766950717.688756,1226,combined_score,0.0,0.9896636629107236,0.0,-0.9896636629107236
1766950737.1607082,1227,combined_score,0.0,0.9896636629107236,0.0,-0.9896636629107236
1766950818.1497972,1231,combined_score,0.0,0.9896636629107236,0.0,-0.9896636629107236
1766950859.716724,1230,combined_score,0.9752362961736365,0.9896636629107236,0.9752362961736365,-0.01442736673708711
1766950883.0248697,1232,combined_score,0.989847215104905,0.989847215104905,0.014610918931268535,0.00018355219418142443
1766950900.4217956,1233,combined_score,0.0,0.989847215104905,-0.989847215104905,-0.989847215104905
1766950976.9512246,1235,combined_score,0.8625695257669455,0.989847215104905,0.8625695257669455,-0.12727768933795958
1766951034.2400234,1237,combined_score,0.0,0.989847215104905,-0.8625695257669455,-0.989847215104905
1766951131.900276,1236,combined_score,0.985747476697682,0.989847215104905,0.985747476697682,-0.004099738407222997
1766951171.8856208,1238,combined_score,0.0,0.989847215104905,-0.985747476697682,-0.989847215104905
1766951216.9139476,1239,combined_score,0.9842334854727858,0.989847215104905,0.9842334854727858,-0.005613729632119258
1766951225.0417333,1240,combined_score,0.0,0.989847215104905,-0.9842334854727858,-0.989847215104905
1766951235.3352764,1234,combined_score,0.0,0.989847215104905,0.0,-0.989847215104905
1766951270.6421676,1242,combined_score,0.8929889666851653,0.989847215104905,0.8929889666851653,-0.09685824841973978
1766951276.8743408,1241,combined_score,0.9346309701429167,0.989847215104905,0.041642003457751486,-0.05521624496198829
1766951428.0439122,1244,combined_score,0.9904022451790041,0.9904022451790041,0.055771275036087364,0.0005550300740990721
1766951466.7023578,1245,combined_score,0.0,0.9904022451790041,-0.9904022451790041,-0.9904022451790041
1766951486.2756455,1243,combined_score,0.0,0.9904022451790041,0.0,-0.9904022451790041
1766951544.5287828,1246,combined_score,0.0,0.9904022451790041,0.0,-0.9904022451790041
1766951604.82102,1247,combined_score,0.9789623877598974,0.9904022451790041,0.9789623877598974,-0.011439857419106692
1766951627.5466776,1248,combined_score,0.9757936843748527,0.9904022451790041,-0.0031687033850447133,-0.014608560804151405
1766951669.9972787,1249,combined_score,0.0,0.9904022451790041,-0.9757936843748527,-0.9904022451790041
1766951711.5178638,1250,combined_score,0.9495946889014423,0.9904022451790041,0.9495946889014423,-0.04080755627756183
1766951724.6754189,1253,combined_score,0.0,0.9904022451790041,-0.9495946889014423,-0.9904022451790041
1766951856.0860121,1252,combined_score,0.9855678286483187,0.9904022451790041,0.9855678286483187,-0.0048344165306853926
1766951861.7406273,1255,combined_score,0.9632763373942231,0.9904022451790041,-0.022291491254095575,-0.027125907784780967
1766951870.2674599,1251,combined_score,0.9859300960157777,0.9904022451790041,0.02265375862155461,-0.004472149163226358
1766951915.2148612,1254,combined_score,0.0,0.9904022451790041,-0.9859300960157777,-0.9904022451790041
1766951940.9880366,1258,combined_score,0.0,0.9904022451790041,0.0,-0.9904022451790041
1766951999.025724,1256,combined_score,0.0,0.9904022451790041,0.0,-0.9904022451790041
1766952069.0737529,1257,combined_score,0.9565823874356166,0.9904022451790041,0.9565823874356166,-0.03381985774338747
1766952165.2692208,1261,combined_score,0.9673732840498508,0.9904022451790041,0.010790896614234158,-0.023028961129153314
1766952165.7208304,1260,combined_score,0.9824319889953661,0.9904022451790041,0.015058704945515311,-0.007970256183638003
1766952210.6800966,1259,combined_score,0.0,0.9904022451790041,-0.9824319889953661,-0.9904022451790041
1766952257.8393447,1262,combined_score,0.9698722651680849,0.9904022451790041,0.9698722651680849,-0.020529980010919213
1766952305.5051167,1263,combined_score,0.0,0.9904022451790041,-0.9698722651680849,-0.9904022451790041
1766952364.8066585,1264,combined_score,0.9806022843746687,0.9904022451790041,0.9806022843746687,-0.009799960804335428
1766952409.5980222,1265,combined_score,0.0,0.9904022451790041,-0.9806022843746687,-0.9904022451790041
1766952494.1630147,1268,combined_score,0.9292880256460959,0.9904022451790041,0.9292880256460959,-0.06111421953290819
1766952521.2271214,1266,combined_score,0.0,0.9904022451790041,-0.9292880256460959,-0.9904022451790041
1766952523.6589746,1267,combined_score,0.9833709359939738,0.9904022451790041,0.9833709359939738,-0.0070313091850302545
1766952535.8208897,1270,combined_score,0.0,0.9904022451790041,-0.9833709359939738,-0.9904022451790041
1766952612.0182955,1269,combined_score,0.0,0.9904022451790041,0.0,-0.9904022451790041
1766952703.2155826,1273,combined_score,0.0,0.9904022451790041,0.0,-0.9904022451790041
1766952722.6684308,1271,combined_score,0.9265727873804822,0.9904022451790041,0.9265727873804822,-0.0638294577985219
1766952814.8332288,1274,combined_score,0.9745758300714613,0.9904022451790041,0.0480030426909791,-0.01582641510754279
1766952829.3469672,1272,combined_score,0.0,0.9904022451790041,-0.9745758300714613,-0.9904022451790041
1766952855.0451207,1276,combined_score,0.0,0.9904022451790041,0.0,-0.9904022451790041
1766952888.8063858,1275,combined_score,0.0,0.9904022451790041,0.0,-0.9904022451790041
1766953024.4528,1280,combined_score,0.0,0.9904022451790041,0.0,-0.9904022451790041
1766953037.0561497,1279,combined_score,0.0,0.9904022451790041,0.0,-0.9904022451790041
1766953091.485318,1277,combined_score,0.9862051828781027,0.9904022451790041,0.9862051828781027,-0.004197062300901444
1766953182.0643113,1278,combined_score,0.0,0.9904022451790041,-0.9862051828781027,-0.9904022451790041
1766953262.5977197,1281,combined_score,0.0,0.9904022451790041,0.0,-0.9904022451790041
1766953290.9418554,1283,combined_score,0.0,0.9904022451790041,0.0,-0.9904022451790041
1766953291.9870603,1282,combined_score,0.9818850397022227,0.9904022451790041,0.9818850397022227,-0.008517205476781364
1766953371.9913285,1286,combined_score,0.8193339137503635,0.9904022451790041,-0.16255112595185928,-0.17106833142864064
1766953394.0280218,1284,combined_score,0.9776994190469017,0.9904022451790041,0.15836550529653826,-0.012702826132102385
1766953462.1334271,1285,combined_score,0.9370879333242216,0.9904022451790041,-0.04061148572268014,-0.053314311854782526
1766953567.7874658,1288,combined_score,0.0,0.9904022451790041,-0.9370879333242216,-0.9904022451790041
1766953597.004092,1291,combined_score,0.0,0.9904022451790041,0.0,-0.9904022451790041
1766953639.9252539,1290,combined_score,0.9755950623748405,0.9904022451790041,0.9755950623748405,-0.014807182804163599
1766953727.2088366,1287,combined_score,0.0,0.9904022451790041,-0.9755950623748405,-0.9904022451790041
1766953752.2856624,1292,combined_score,0.9662197052131005,0.9904022451790041,0.9662197052131005,-0.024182539965903582
1766953785.830979,1293,combined_score,0.0,0.9904022451790041,-0.9662197052131005,-0.9904022451790041
1766953817.2291758,1289,combined_score,0.0,0.9904022451790041,0.0,-0.9904022451790041
1766953840.8170884,1296,combined_score,0.0,0.9904022451790041,0.0,-0.9904022451790041
1766953869.4157867,1298,combined_score,0.0,0.9904022451790041,0.0,-0.9904022451790041
1766953942.636095,1294,combined_score,0.9805256132117385,0.9904022451790041,0.9805256132117385,-0.009876631967265626
1766953945.033557,1295,combined_score,0.969568545062878,0.9904022451790041,-0.010957068148860438,-0.020833700116126064
1766954003.1887786,1299,combined_score,0.0,0.9904022451790041,-0.969568545062878,-0.9904022451790041
1766954019.464858,1297,combined_score,0.0,0.9904022451790041,0.0,-0.9904022451790041
1766954150.0896578,1301,combined_score,0.9858580256637848,0.9904022451790041,0.9858580256637848,-0.004544219515219328
1766954202.7822297,1300,combined_score,0.0,0.9904022451790041,-0.9858580256637848,-0.9904022451790041
1766954245.8434036,1303,combined_score,0.9721060397442359,0.9904022451790041,0.9721060397442359,-0.018296205434768176
1766954246.6427124,1302,combined_score,0.0,0.9904022451790041,-0.9721060397442359,-0.9904022451790041
1766954284.3694446,1306,combined_score,0.0,0.9904022451790041,0.0,-0.9904022451790041
1766954333.6848524,1308,combined_score,0.0,0.9904022451790041,0.0,-0.9904022451790041
1766954370.7867124,1305,combined_score,0.9752362961736365,0.9904022451790041,0.9752362961736365,-0.015165949005367607
1766954372.320414,1309,combined_score,0.0,0.9904022451790041,-0.9752362961736365,-0.9904022451790041
1766954497.535553,1310,combined_score,0.9519877037984305,0.9904022451790041,0.9519877037984305,-0.03841454138057365
1766954547.3883712,1311,combined_score,0.9795638601960728,0.9904022451790041,0.027576156397642326,-0.010838384982931326
1766954570.2826843,1304,combined_score,0.0,0.9904022451790041,-0.9795638601960728,-0.9904022451790041
1766954649.017088,1307,combined_score,0.0,0.9904022451790041,0.0,-0.9904022451790041
1766954691.6175783,1312,combined_score,0.9774038025092018,0.9904022451790041,0.9774038025092018,-0.012998442669802324
1766954754.7959738,1314,combined_score,0.9775613943212661,0.9904022451790041,0.00015759181206431716,-0.012840850857738006
1766954785.1398692,1317,combined_score,0.0,0.9904022451790041,-0.9775613943212661,-0.9904022451790041
1766954848.6305575,1316,combined_score,0.0,0.9904022451790041,0.0,-0.9904022451790041
1766954917.3995059,1319,combined_score,0.8641212219044943,0.9904022451790041,0.8641212219044943,-0.12628102327450985
1766954979.1689067,1318,combined_score,0.9599353469934164,0.9904022451790041,0.09581412508892218,-0.030466898185587676
1766954985.5189886,1315,combined_score,0.0,0.9904022451790041,-0.9599353469934164,-0.9904022451790041
1766954992.7224557,1313,combined_score,0.0,0.9904022451790041,0.0,-0.9904022451790041
1766955019.972501,1322,combined_score,0.0,0.9904022451790041,0.0,-0.9904022451790041
1766955138.2084556,1320,combined_score,0.9629307034527264,0.9904022451790041,0.9629307034527264,-0.02747154172627775
1766955213.1097078,1324,combined_score,0.9805416799927457,0.9904022451790041,0.017610976540019307,-0.009860565186258441
1766955310.3483903,1325,combined_score,0.9741991679271494,0.9904022451790041,-0.0063425120655962175,-0.01620307725185466
1766955399.3731625,1321,combined_score,0.0,0.9904022451790041,-0.9741991679271494,-0.9904022451790041
1766955426.8438203,1326,combined_score,0.9788973144768652,0.9904022451790041,0.9788973144768652,-0.011504930702138871
1766955432.8984635,1323,combined_score,0.0,0.9904022451790041,-0.9788973144768652,-0.9904022451790041
1766955470.2344635,1329,combined_score,0.0,0.9904022451790041,0.0,-0.9904022451790041
1766955510.367339,1331,combined_score,0.0,0.9904022451790041,0.0,-0.9904022451790041
1766955598.657369,1332,combined_score,0.9265247753617605,0.9904022451790041,0.9265247753617605,-0.06387746981724363
1766955605.081177,1328,combined_score,0.9888705378523148,0.9904022451790041,0.062345762490554346,-0.00153170732668928
1766955642.7785556,1330,combined_score,0.9885223094938028,0.9904022451790041,-0.00034822835851200384,-0.0018799356852012838
1766955725.147399,1333,combined_score,0.0,0.9904022451790041,-0.9885223094938028,-0.9904022451790041
1766955750.7796545,1327,combined_score,0.0,0.9904022451790041,0.0,-0.9904022451790041
1766955818.2272706,1334,combined_score,0.9522496200292834,0.9904022451790041,0.9522496200292834,-0.03815262514972073
1766955910.0303297,1337,combined_score,0.9800161968701583,0.9904022451790041,0.027766576840874913,-0.010386048308845819
1766955912.261387,1335,combined_score,0.9889539187812145,0.9904022451790041,0.00893772191105624,-0.0014483263977895788
1766955914.292399,1336,combined_score,0.9643071339165165,0.9904022451790041,-0.024646784864698068,-0.026095111262487647
1766956065.9962995,1341,combined_score,0.0,0.9904022451790041,-0.9643071339165165,-0.9904022451790041
1766956098.3540807,1339,combined_score,0.9837014296085274,0.9904022451790041,0.9837014296085274,-0.006700815570476748
1766956213.2179155,1342,combined_score,0.0,0.9904022451790041,-0.9837014296085274,-0.9904022451790041
1766956261.3934991,1338,combined_score,0.0,0.9904022451790041,0.0,-0.9904022451790041
1766956321.8330612,1343,combined_score,0.9738842084229712,0.9904022451790041,0.9738842084229712,-0.016518036756032917
1766956325.9594576,1344,combined_score,0.8529840586849311,0.9904022451790041,-0.12090014973804009,-0.137418186494073
1766956376.7672622,1340,combined_score,0.0,0.9904022451790041,-0.8529840586849311,-0.9904022451790041
1766956435.804652,1345,combined_score,0.961932461480773,0.9904022451790041,0.961932461480773,-0.028469783698231055
1766956454.560214,1346,combined_score,0.0,0.9904022451790041,-0.961932461480773,-0.9904022451790041
1766956491.138798,1349,combined_score,0.0,0.9904022451790041,0.0,-0.9904022451790041
1766956533.9856648,1347,combined_score,0.9778199871629482,0.9904022451790041,0.9778199871629482,-0.012582258016055947
1766956549.395155,1351,combined_score,0.0,0.9904022451790041,-0.9778199871629482,-0.9904022451790041
1766956603.2811103,1348,combined_score,0.0,0.9904022451790041,0.0,-0.9904022451790041
1766956657.793255,1350,combined_score,0.9800700589217165,0.9904022451790041,0.9800700589217165,-0.010332186257287601
1766956662.6440852,1354,combined_score,0.0,0.9904022451790041,-0.9800700589217165,-0.9904022451790041
1766956694.749614,1352,combined_score,0.979821472448202,0.9904022451790041,0.979821472448202,-0.010580772730802157
1766956742.6488476,1353,combined_score,0.9805720655316995,0.9904022451790041,0.0007505930834975638,-0.009830179647304593
1766956749.4061284,1357,combined_score,0.0,0.9904022451790041,-0.9805720655316995,-0.9904022451790041
1766956836.4982965,1356,combined_score,0.9756852072175883,0.9904022451790041,0.9756852072175883,-0.014717037961415769
1766956839.3764384,1355,combined_score,0.0,0.9904022451790041,-0.9756852072175883,-0.9904022451790041
1766956883.772906,1360,combined_score,0.0,0.9904022451790041,0.0,-0.9904022451790041
1766956939.99828,1359,combined_score,0.9749440478951596,0.9904022451790041,0.9749440478951596,-0.015458197283844455
1766956977.431152,1358,combined_score,0.0,0.9904022451790041,-0.9749440478951596,-0.9904022451790041
1766956981.3654232,1363,combined_score,0.0,0.9904022451790041,0.0,-0.9904022451790041
1766957074.4634671,1361,combined_score,0.9904022451790041,0.9904022451790041,0.9904022451790041,0.0
1766957131.600398,1364,combined_score,0.0,0.9904022451790041,-0.9904022451790041,-0.9904022451790041
1766957142.308537,1365,combined_score,0.9723258817776399,0.9904022451790041,0.9723258817776399,-0.018076363401364204
1766957220.8363698,1368,combined_score,0.8206283707874601,0.9904022451790041,-0.1516975109901798,-0.169773874391544
1766957291.4468973,1362,combined_score,0.0,0.9904022451790041,-0.8206283707874601,-0.9904022451790041
1766957301.9499514,1367,combined_score,0.9850479948867714,0.9904022451790041,0.9850479948867714,-0.005354250292232687
1766957355.6345708,1369,combined_score,0.0,0.9904022451790041,-0.9850479948867714,-0.9904022451790041
1766957411.2936707,1371,combined_score,0.9253805940087012,0.9904022451790041,0.9253805940087012,-0.0650216511703029
1766957450.8221617,1366,combined_score,0.0,0.9904022451790041,-0.9253805940087012,-0.9904022451790041
1766957506.436534,1370,combined_score,0.0,0.9904022451790041,0.0,-0.9904022451790041
1766957538.5994372,1372,combined_score,0.9865939129414308,0.9904022451790041,0.9865939129414308,-0.0038083322375732642
1766957645.79632,1373,combined_score,0.0,0.9904022451790041,-0.9865939129414308,-0.9904022451790041
1766957663.8990905,1374,combined_score,0.0,0.9904022451790041,0.0,-0.9904022451790041
1766957689.404102,1375,combined_score,0.9793713278842339,0.9904022451790041,0.9793713278842339,-0.011030917294770237
1766957713.4191327,1376,combined_score,0.9724285339711947,0.9904022451790041,-0.0069427939130392025,-0.01797371120780944
1766957750.2581475,1380,combined_score,0.0,0.9904022451790041,-0.9724285339711947,-0.9904022451790041
1766957843.2432811,1377,combined_score,0.9694270711635087,0.9904022451790041,0.9694270711635087,-0.020975174015495424
1766957895.3108044,1382,combined_score,0.0,0.9904022451790041,-0.9694270711635087,-0.9904022451790041
1766957945.9633632,1378,combined_score,0.0,0.9904022451790041,0.0,-0.9904022451790041
1766957958.776421,1381,combined_score,0.0,0.9904022451790041,0.0,-0.9904022451790041
1766958063.5097895,1385,combined_score,0.0,0.9904022451790041,0.0,-0.9904022451790041
1766958069.5149689,1379,combined_score,0.0,0.9904022451790041,0.0,-0.9904022451790041
1766958085.1915407,1384,combined_score,0.0,0.9904022451790041,0.0,-0.9904022451790041
1766958121.4909487,1383,combined_score,0.9784636109441863,0.9904022451790041,0.9784636109441863,-0.01193863423481778
1766958170.7984242,1389,combined_score,0.0,0.9904022451790041,-0.9784636109441863,-0.9904022451790041
1766958219.802805,1386,combined_score,0.0,0.9904022451790041,0.0,-0.9904022451790041
1766958248.5319655,1391,combined_score,0.0,0.9904022451790041,0.0,-0.9904022451790041
1766958271.0056155,1387,combined_score,0.9898469034885096,0.9904022451790041,0.9898469034885096,-0.0005553416904945374
1766958321.1838756,1393,combined_score,0.0,0.9904022451790041,-0.9898469034885096,-0.9904022451790041
1766958347.987795,1390,combined_score,0.9629989974371476,0.9904022451790041,0.9629989974371476,-0.02740324774185654
1766958409.2840416,1392,combined_score,0.9691965201123623,0.9904022451790041,0.006197522675214784,-0.021205725066641756
1766958500.3527076,1394,combined_score,0.965729780963386,0.9904022451790041,-0.0034667391489763277,-0.024672464215618084
1766958510.1961603,1388,combined_score,0.0,0.9904022451790041,-0.965729780963386,-0.9904022451790041
1766958602.2825963,1396,combined_score,0.9622583866416153,0.9904022451790041,0.9622583866416153,-0.028143858537388766
1766958643.0073762,1399,combined_score,0.0,0.9904022451790041,-0.9622583866416153,-0.9904022451790041
1766958685.233064,1397,combined_score,0.9862310561493279,0.9904022451790041,0.9862310561493279,-0.00417118902967617
1766958764.6476774,1395,combined_score,0.0,0.9904022451790041,-0.9862310561493279,-0.9904022451790041
1766958811.4353135,1400,combined_score,0.9820397155972582,0.9904022451790041,0.9820397155972582,-0.008362529581745881
1766958861.2571256,1401,combined_score,0.9787686242292322,0.9904022451790041,-0.003271091368026058,-0.011633620949771939
1766958900.9833858,1404,combined_score,0.0,0.9904022451790041,-0.9787686242292322,-0.9904022451790041
1766958977.7276318,1402,combined_score,0.983859867338073,0.9904022451790041,0.983859867338073,-0.006542377840931146
1766959018.9770458,1398,combined_score,0.0,0.9904022451790041,-0.983859867338073,-0.9904022451790041
1766959049.3018057,1403,combined_score,0.983866104664056,0.9904022451790041,0.983866104664056,-0.006536140514948108
1766959183.3405926,1407,combined_score,0.9685775765598009,0.9904022451790041,-0.015288528104255072,-0.02182466861920318
1766959192.3607306,1408,combined_score,0.0,0.9904022451790041,-0.9685775765598009,-0.9904022451790041
1766959210.6991646,1406,combined_score,0.9814128716632504,0.9904022451790041,0.9814128716632504,-0.008989373515753685
1766959337.9326346,1405,combined_score,0.0,0.9904022451790041,-0.9814128716632504,-0.9904022451790041
1766959367.1031885,1409,combined_score,0.0,0.9904022451790041,0.0,-0.9904022451790041
1766959419.4310606,1410,combined_score,0.9863319298189341,0.9904022451790041,0.9863319298189341,-0.004070315360069965
1766959538.1760023,1412,combined_score,0.9878207066217267,0.9904022451790041,0.0014887768027925796,-0.0025815385572773852
1766959544.4657955,1413,combined_score,0.9251968150774822,0.9904022451790041,-0.06262389154424453,-0.06520543010152191
1766959566.8762758,1411,combined_score,0.0,0.9904022451790041,-0.9251968150774822,-0.9904022451790041
1766959603.013106,1414,combined_score,0.9807129248058003,0.9904022451790041,0.9807129248058003,-0.009689320373203802
1766959680.7192404,1416,combined_score,0.0,0.9904022451790041,-0.9807129248058003,-0.9904022451790041
1766959760.646701,1415,combined_score,0.973629549074501,0.9904022451790041,0.973629549074501,-0.01677269610450305
1766959782.1322646,1418,combined_score,0.9807509414546615,0.9904022451790041,0.007121392380160407,-0.009651303724342641
1766959817.5858705,1419,combined_score,0.0,0.9904022451790041,-0.9807509414546615,-0.9904022451790041
1766959927.8107877,1420,combined_score,0.9658364076151948,0.9904022451790041,0.9658364076151948,-0.024565837563809256
1766959948.643474,1421,combined_score,0.9720929205928016,0.9904022451790041,0.006256512977606765,-0.01830932458620249
1766959949.5376933,1422,combined_score,0.0,0.9904022451790041,-0.9720929205928016,-0.9904022451790041
1766959988.7787693,1417,combined_score,0.0,0.9904022451790041,0.0,-0.9904022451790041
1766960126.782902,1424,combined_score,0.9826680866513569,0.9904022451790041,0.9826680866513569,-0.00773415852764725
1766960147.847688,1426,combined_score,0.0,0.9904022451790041,-0.9826680866513569,-0.9904022451790041
1766960165.7275176,1425,combined_score,0.9786391880317107,0.9904022451790041,0.9786391880317107,-0.011763057147293421
1766960204.0287426,1423,combined_score,0.0,0.9904022451790041,-0.9786391880317107,-0.9904022451790041
1766960229.9167113,1427,combined_score,0.9172912281440831,0.9904022451790041,0.9172912281440831,-0.07311101703492096
1766960305.4885325,1428,combined_score,0.9788022520241101,0.9904022451790041,0.06151102388002694,-0.011599993154894017
1766960334.6948004,1429,combined_score,0.9743287535139887,0.9904022451790041,-0.004473498510121354,-0.01607349166501537
1766960357.7583728,1430,combined_score,0.9596060256470169,0.9904022451790041,-0.014722727866971819,-0.03079621953198719
1766960385.0870898,1432,combined_score,0.928031693645323,0.9904022451790041,-0.031574332001693906,-0.062370551533681096
1766960420.4712305,1431,combined_score,0.967136419002402,0.9904022451790041,0.039104725357078984,-0.02326582617660211
1766960516.3097537,1434,combined_score,0.0,0.9904022451790041,-0.967136419002402,-0.9904022451790041
1766960569.293181,1433,combined_score,0.9904022451790041,0.9904022451790041,0.9904022451790041,0.0
1766960594.9193597,1435,combined_score,0.9751643131769443,0.9904022451790041,-0.015237932002059806,-0.015237932002059806
1766960652.4486613,1437,combined_score,0.0,0.9904022451790041,-0.9751643131769443,-0.9904022451790041
1766960657.1229212,1436,combined_score,0.0,0.9904022451790041,0.0,-0.9904022451790041
1766960676.6745224,1439,combined_score,0.0,0.9904022451790041,0.0,-0.9904022451790041
1766960774.042425,1438,combined_score,0.9597163482462493,0.9904022451790041,0.9597163482462493,-0.030685896932754808
1766960806.8992937,1441,combined_score,0.0,0.9904022451790041,-0.9597163482462493,-0.9904022451790041
1766960832.356114,1440,combined_score,0.9797017537972408,0.9904022451790041,0.9797017537972408,-0.010700491381763322
1766960837.2370653,1442,combined_score,0.9852785839446687,0.9904022451790041,0.005576830147427936,-0.005123661234335386
1766960870.0490973,1445,combined_score,0.0,0.9904022451790041,-0.9852785839446687,-0.9904022451790041
1766960953.5789962,1444,combined_score,0.0,0.9904022451790041,0.0,-0.9904022451790041
1766960954.8392675,1447,combined_score,0.0,0.9904022451790041,0.0,-0.9904022451790041
1766960971.032989,1443,combined_score,0.9789741256880498,0.9904022451790041,0.9789741256880498,-0.011428119490954347
1766961015.3740654,1450,combined_score,0.0,0.9904022451790041,-0.9789741256880498,-0.9904022451790041
1766961120.225764,1449,combined_score,0.901676524513321,0.9904022451790041,0.901676524513321,-0.08872572066568307
1766961163.4325466,1452,combined_score,0.0,0.9904022451790041,-0.901676524513321,-0.9904022451790041
1766961179.099377,1451,combined_score,0.919333319690506,0.9904022451790041,0.919333319690506,-0.07106892548849808
1766961218.2722957,1454,combined_score,0.0,0.9904022451790041,-0.919333319690506,-0.9904022451790041
1766961268.678134,1446,combined_score,0.0,0.9904022451790041,0.0,-0.9904022451790041
1766961311.489971,1448,combined_score,0.0,0.9904022451790041,0.0,-0.9904022451790041
1766961311.8496034,1456,combined_score,0.0,0.9904022451790041,0.0,-0.9904022451790041
1766961344.899786,1453,combined_score,0.0,0.9904022451790041,0.0,-0.9904022451790041
1766961394.2672424,1459,combined_score,0.0,0.9904022451790041,0.0,-0.9904022451790041
1766961437.026909,1455,combined_score,0.9864406440093257,0.9904022451790041,0.9864406440093257,-0.003961601169678364
1766961474.9986968,1461,combined_score,0.0,0.9904022451790041,-0.9864406440093257,-0.9904022451790041
1766961498.3953774,1458,combined_score,0.9613503748460213,0.9904022451790041,0.9613503748460213,-0.029051870332982843
1766961532.9273343,1460,combined_score,0.0,0.9904022451790041,-0.9613503748460213,-0.9904022451790041
1766961547.471371,1463,combined_score,0.0,0.9904022451790041,0.0,-0.9904022451790041
1766961551.505007,1457,combined_score,0.0,0.9904022451790041,0.0,-0.9904022451790041
1766961589.4884887,1466,combined_score,0.0,0.9904022451790041,0.0,-0.9904022451790041
1766961691.6266499,1462,combined_score,0.9857370719895608,0.9904022451790041,0.9857370719895608,-0.004665173189443261
1766961725.723417,1468,combined_score,0.0,0.9904022451790041,-0.9857370719895608,-0.9904022451790041
1766961730.9088228,1464,combined_score,0.0,0.9904022451790041,0.0,-0.9904022451790041
1766961755.9921992,1465,combined_score,0.9797795131898113,0.9904022451790041,0.9797795131898113,-0.010622731989192835
1766961767.0001469,1470,combined_score,0.0,0.9904022451790041,-0.9797795131898113,-0.9904022451790041
1766961781.4412751,1467,combined_score,0.9791054522185667,0.9904022451790041,0.9791054522185667,-0.011296792960437396
1766961805.0765674,1469,combined_score,0.911678439328245,0.9904022451790041,-0.06742701289032171,-0.07872380585075911
1766961814.9335787,1473,combined_score,0.0,0.9904022451790041,-0.911678439328245,-0.9904022451790041
1766961927.630765,1471,combined_score,0.9801983654220203,0.9904022451790041,0.9801983654220203,-0.01020387975698378
1766961968.2820199,1476,combined_score,0.0,0.9904022451790041,-0.9801983654220203,-0.9904022451790041
1766961979.377026,1474,combined_score,0.9416802331014875,0.9904022451790041,0.9416802331014875,-0.048722012077516585
1766961996.3173497,1478,combined_score,0.0,0.9904022451790041,-0.9416802331014875,-0.9904022451790041
1766962090.4882545,1479,combined_score,0.0,0.9904022451790041,0.0,-0.9904022451790041
1766962126.6037512,1477,combined_score,0.98077814941338,0.9904022451790041,0.98077814941338,-0.009624095765624063
1766962190.5515409,1472,combined_score,0.0,0.9904022451790041,-0.98077814941338,-0.9904022451790041
1766962236.556228,1480,combined_score,0.9750242250425721,0.9904022451790041,0.9750242250425721,-0.015378020136431969
1766962248.8415754,1475,combined_score,0.0,0.9904022451790041,-0.9750242250425721,-0.9904022451790041
1766962289.877671,1481,combined_score,0.9541308302006093,0.9904022451790041,0.9541308302006093,-0.03627141497839481
1766962401.5229604,1482,combined_score,0.9729380188097609,0.9904022451790041,0.018807188609151648,-0.017464226369243163
1766962403.6152265,1484,combined_score,0.9747832704373064,0.9904022451790041,0.0018452516275454522,-0.015618974741697711
1766962449.4183755,1483,combined_score,0.9724480376136313,0.9904022451790041,-0.002335232823675093,-0.017954207565372804
1766962492.5096478,1488,combined_score,0.0,0.9904022451790041,-0.9724480376136313,-0.9904022451790041
1766962565.8641298,1486,combined_score,0.9863514860618966,0.9904022451790041,0.9863514860618966,-0.004050759117107505
1766962605.353578,1487,combined_score,0.9807710079222502,0.9904022451790041,-0.00558047813964635,-0.009631237256753855
1766962611.9441671,1490,combined_score,0.0,0.9904022451790041,-0.9807710079222502,-0.9904022451790041
1766962672.393012,1489,combined_score,0.9783956248797222,0.9904022451790041,0.9783956248797222,-0.0120066202992819
1766962718.012497,1485,combined_score,0.0,0.9904022451790041,-0.9783956248797222,-0.9904022451790041
1766962790.850643,1492,combined_score,0.98725574181798,0.9904022451790041,0.98725574181798,-0.0031465033610240667
1766962843.925648,1491,combined_score,0.9681923975768145,0.9904022451790041,-0.019063344241165514,-0.02220984760218958
1766962899.4236262,1494,combined_score,0.9756840170676756,0.9904022451790041,0.007491619490861079,-0.014718228111328502
1766962983.066813,1495,combined_score,0.9825186909181265,0.9904022451790041,0.00683467385045089,-0.007883554260877612
1766963007.8070734,1496,combined_score,0.9811061785549726,0.9904022451790041,-0.0014125123631538727,-0.009296066624031485
1766963088.9874525,1499,combined_score,0.0,0.9904022451790041,-0.9811061785549726,-0.9904022451790041
1766963105.2537832,1493,combined_score,0.0,0.9904022451790041,0.0,-0.9904022451790041
1766963119.9079225,1497,combined_score,0.9747146659741482,0.9904022451790041,0.9747146659741482,-0.01568757920485586
1766963153.9518342,1502,combined_score,0.0,0.9904022451790041,-0.9747146659741482,-0.9904022451790041
1766963201.9292657,1498,combined_score,0.974106714968998,0.9904022451790041,0.974106714968998,-0.01629553021000607
1766963219.0056388,1500,combined_score,0.0,0.9904022451790041,-0.974106714968998,-0.9904022451790041
1766963243.285882,1504,combined_score,0.0,0.9904022451790041,0.0,-0.9904022451790041
1766963297.742314,1506,combined_score,0.0,0.9904022451790041,0.0,-0.9904022451790041
1766963342.7897065,1501,combined_score,0.9904022451790041,0.9904022451790041,0.9904022451790041,0.0
1766963347.370311,1503,combined_score,0.9698645390725436,0.9904022451790041,-0.02053770610646055,-0.02053770610646055
1766963430.191919,1505,combined_score,0.9821807270362591,0.9904022451790041,0.012316187963715586,-0.008221518142744966
1766963497.393439,1507,combined_score,0.9838192117235068,0.9904022451790041,0.0016384846872476988,-0.006583033455497267
1766963510.770782,1509,combined_score,0.9715990687780164,0.9904022451790041,-0.012220142945490453,-0.01880317640098772
1766963550.162481,1508,combined_score,0.9803290047555732,0.9904022451790041,0.00872993597755678,-0.01007324042343094
1766963553.0496736,1512,combined_score,0.0,0.9904022451790041,-0.9803290047555732,-0.9904022451790041
1766963592.2827888,1510,combined_score,0.9814198670762604,0.9904022451790041,0.9814198670762604,-0.008982378102743716
1766963672.2619622,1513,combined_score,0.9713553778697191,0.9904022451790041,-0.010064489206541238,-0.019046867309284954
1766963692.3418353,1514,combined_score,0.0,0.9904022451790041,-0.9713553778697191,-0.9904022451790041
1766963706.1875188,1511,combined_score,0.0,0.9904022451790041,0.0,-0.9904022451790041
1766963793.3871245,1515,combined_score,0.962674779111661,0.9904022451790041,0.962674779111661,-0.02772746606734311
1766963829.457592,1518,combined_score,0.0,0.9904022451790041,-0.962674779111661,-0.9904022451790041
1766963875.2839005,1517,combined_score,0.0,0.9904022451790041,0.0,-0.9904022451790041
1766963895.3784807,1516,combined_score,0.9718687643019137,0.9904022451790041,0.9718687643019137,-0.01853348087709039
1766964038.230343,1520,combined_score,0.9795194223388651,0.9904022451790041,0.007650658036951419,-0.010882822840138973
1766964054.3669708,1521,combined_score,0.9796988516990642,0.9904022451790041,0.0001794293601991015,-0.010703393479939871
1766964055.034749,1522,combined_score,0.9769753378010047,0.9904022451790041,-0.002723513898059582,-0.013426907377999453
1766964099.920254,1524,combined_score,0.0,0.9904022451790041,-0.9769753378010047,-0.9904022451790041
1766964232.9067075,1523,combined_score,0.9615643156783317,0.9904022451790041,0.9615643156783317,-0.028837929500672432
1766964238.0440211,1525,combined_score,0.980560374949829,0.9904022451790041,0.01899605927149728,-0.009841870229175154
1766964258.9970036,1519,combined_score,0.0,0.9904022451790041,-0.980560374949829,-0.9904022451790041
1766964270.7071378,1527,combined_score,0.0,0.9904022451790041,0.0,-0.9904022451790041
1766964317.9219165,1526,combined_score,0.9849461368210873,0.9904022451790041,0.9849461368210873,-0.005456108357916767
1766964415.5031188,1529,combined_score,0.0,0.9904022451790041,-0.9849461368210873,-0.9904022451790041
1766964449.9265547,1528,combined_score,0.0,0.9904022451790041,0.0,-0.9904022451790041
1766964465.1276968,1531,combined_score,0.9688175234760182,0.9904022451790041,0.9688175234760182,-0.021584721702985865
1766964473.6301882,1530,combined_score,0.0,0.9904022451790041,-0.9688175234760182,-0.9904022451790041
1766964517.529393,1535,combined_score,0.0,0.9904022451790041,0.0,-0.9904022451790041
1766964587.712811,1533,combined_score,0.0,0.9904022451790041,0.0,-0.9904022451790041
1766964604.745679,1532,combined_score,0.9551702816263646,0.9904022451790041,0.9551702816263646,-0.03523196355263947
1766964634.526093,1537,combined_score,0.0,0.9904022451790041,-0.9551702816263646,-0.9904022451790041
1766964645.7279975,1536,combined_score,0.0,0.9904022451790041,0.0,-0.9904022451790041
1766964691.8782878,1540,combined_score,0.0,0.9904022451790041,0.0,-0.9904022451790041
1766964750.1885767,1534,combined_score,0.0,0.9904022451790041,0.0,-0.9904022451790041
1766964787.3425398,1541,combined_score,0.9415248633837556,0.9904022451790041,0.9415248633837556,-0.048877381795248476
1766964793.366514,1538,combined_score,0.9766817135669837,0.9904022451790041,0.03515685018322812,-0.013720531612020359
1766964833.2256866,1539,combined_score,0.9461959567741773,0.9904022451790041,-0.030485756792806407,-0.044206288404826766
1766964977.8141868,1543,combined_score,0.9744011571782564,0.9904022451790041,0.028205200404079034,-0.016001088000747732
1766964983.9754188,1544,combined_score,0.0,0.9904022451790041,-0.9744011571782564,-0.9904022451790041
1766965004.2526517,1545,combined_score,0.0,0.9904022451790041,0.0,-0.9904022451790041
1766965149.974712,1546,combined_score,0.9865493187452196,0.9904022451790041,0.9865493187452196,-0.0038529264337845426
1766965188.1196673,1547,combined_score,0.0,0.9904022451790041,-0.9865493187452196,-0.9904022451790041
1766965194.502457,1542,combined_score,0.0,0.9904022451790041,0.0,-0.9904022451790041
1766965341.5434964,1549,combined_score,0.9823445253622597,0.9904022451790041,0.9823445253622597,-0.008057719816744413
1766965361.1232812,1551,combined_score,0.9768872727430234,0.9904022451790041,-0.005457252619236241,-0.013514972435980654
1766965378.4654338,1552,combined_score,0.0,0.9904022451790041,-0.9768872727430234,-0.9904022451790041
1766965422.9131017,1550,combined_score,0.9842901519168792,0.9904022451790041,0.9842901519168792,-0.006112093262124918
1766965444.637412,1548,combined_score,0.0,0.9904022451790041,-0.9842901519168792,-0.9904022451790041
1766965454.5236697,1555,combined_score,0.0,0.9904022451790041,0.0,-0.9904022451790041
1766965503.1281934,1553,combined_score,0.9639375174731344,0.9904022451790041,0.9639375174731344,-0.026464727705869717
1766965592.7676163,1557,combined_score,0.0,0.9904022451790041,-0.9639375174731344,-0.9904022451790041
1766965614.8396726,1556,combined_score,0.9809216759377128,0.9904022451790041,0.9809216759377128,-0.009480569241291259
1766965664.1360717,1558,combined_score,0.9760205411846173,0.9904022451790041,-0.004901134753095504,-0.014381703994386763
1766965753.1608,1560,combined_score,0.0,0.9904022451790041,-0.9760205411846173,-0.9904022451790041
1766965798.3291268,1559,combined_score,0.992953679232908,0.992953679232908,0.992953679232908,0.0025514340539039004
1766965808.1445131,1554,combined_score,0.0,0.992953679232908,-0.992953679232908,-0.992953679232908
1766965855.1763692,1562,combined_score,0.0,0.992953679232908,0.0,-0.992953679232908
1766965877.980215,1561,combined_score,0.9615404463173518,0.992953679232908,0.9615404463173518,-0.0314132329155562
1766965920.8125193,1566,combined_score,0.0,0.992953679232908,-0.9615404463173518,-0.992953679232908
1766965936.8669097,1563,combined_score,0.8955432658442433,0.992953679232908,0.8955432658442433,-0.09741041338866474
1766965956.86213,1564,combined_score,0.0,0.992953679232908,-0.8955432658442433,-0.992953679232908
1766965988.8532872,1568,combined_score,0.0,0.992953679232908,0.0,-0.992953679232908
1766966052.561297,1565,combined_score,0.0,0.992953679232908,0.0,-0.992953679232908
1766966094.7581072,1571,combined_score,0.0,0.992953679232908,0.0,-0.992953679232908
1766966134.2830474,1570,combined_score,0.0,0.992953679232908,0.0,-0.992953679232908
1766966137.9647427,1567,combined_score,0.9819056315550326,0.992953679232908,0.9819056315550326,-0.011048047677875372
1766966181.427239,1569,combined_score,0.956528589019018,0.992953679232908,-0.025377042536014582,-0.036425090213889955
1766966185.2038884,1573,combined_score,0.0,0.992953679232908,-0.956528589019018,-0.992953679232908
1766966243.197394,1576,combined_score,0.0,0.992953679232908,0.0,-0.992953679232908
1766966276.895473,1577,combined_score,0.0,0.992953679232908,0.0,-0.992953679232908
1766966332.0636187,1574,combined_score,0.9761455577916857,0.992953679232908,0.9761455577916857,-0.016808121441222346
1766966413.8257065,1578,combined_score,0.0,0.992953679232908,-0.9761455577916857,-0.992953679232908
1766966475.2955222,1572,combined_score,0.0,0.992953679232908,0.0,-0.992953679232908
1766966582.2303104,1575,combined_score,0.0,0.992953679232908,0.0,-0.992953679232908
1766966615.7994506,1579,combined_score,0.9335006391980877,0.992953679232908,0.9335006391980877,-0.059453040034820326
1766966649.6358597,1580,combined_score,0.0,0.992953679232908,-0.9335006391980877,-0.992953679232908
1766966661.421509,1581,combined_score,0.0,0.992953679232908,0.0,-0.992953679232908
1766966748.1031055,1583,combined_score,0.0,0.992953679232908,0.0,-0.992953679232908
1766966814.5610988,1582,combined_score,0.0,0.992953679232908,0.0,-0.992953679232908
1766966851.9708085,1585,combined_score,0.9827776579410954,0.992953679232908,0.9827776579410954,-0.01017602129181261
1766966895.3355334,1584,combined_score,0.9813325421846759,0.992953679232908,-0.0014451157564194794,-0.011621137048232089
1766967024.3872263,1586,combined_score,0.0,0.992953679232908,-0.9813325421846759,-0.992953679232908
1766967033.3790739,1587,combined_score,0.9843451975232282,0.992953679232908,0.9843451975232282,-0.00860848170967976
1766967062.6734986,1588,combined_score,0.9710216530581729,0.992953679232908,-0.013323544465055348,-0.02193202617473511
1766967074.3421433,1589,combined_score,0.9830517570328503,0.992953679232908,0.012030103974677409,-0.0099019222000577
1766967124.7762287,1593,combined_score,0.9712383652797125,0.992953679232908,-0.01181339175313778,-0.02171531395319548
1766967236.3993282,1591,combined_score,0.9799741503610322,0.992953679232908,0.008735785081319669,-0.012979528871875812
1766967238.4376328,1590,combined_score,0.9758589568049088,0.992953679232908,-0.004115193556123442,-0.017094722427999254
1766967331.1038375,1594,combined_score,0.989451977575164,0.992953679232908,0.01359302077025526,-0.003501701657743994
1766967425.9032772,1595,combined_score,0.9630731371166346,0.992953679232908,-0.02637884045852945,-0.029880542116273445
1766967465.9491923,1596,combined_score,0.9788335694766799,0.992953679232908,0.015760432360045318,-0.014120109756228127
1766967476.5233095,1597,combined_score,0.9055459281352047,0.992953679232908,-0.07328764134147514,-0.08740775109770327
1766967486.9534447,1592,combined_score,0.0,0.992953679232908,-0.9055459281352047,-0.992953679232908
1766967514.5987785,1601,combined_score,0.0,0.992953679232908,0.0,-0.992953679232908
1766967607.3401294,1599,combined_score,0.0,0.992953679232908,0.0,-0.992953679232908
1766967636.3931243,1603,combined_score,0.0,0.992953679232908,0.0,-0.992953679232908
1766967640.4243472,1600,combined_score,0.0,0.992953679232908,0.0,-0.992953679232908
1766967649.0893514,1598,combined_score,0.0,0.992953679232908,0.0,-0.992953679232908
1766967673.3020046,1605,combined_score,0.0,0.992953679232908,0.0,-0.992953679232908
1766967677.3104508,1602,combined_score,0.981931954758353,0.992953679232908,0.981931954758353,-0.011021724474554961
1766967712.361781,1608,combined_score,0.0,0.992953679232908,-0.981931954758353,-0.992953679232908
1766967790.4634917,1604,combined_score,0.9619521229624481,0.992953679232908,0.9619521229624481,-0.031001556270459862
1766967830.0284493,1610,combined_score,0.0,0.992953679232908,-0.9619521229624481,-0.992953679232908
1766967888.4338849,1609,combined_score,0.9750143401287332,0.992953679232908,0.9750143401287332,-0.01793933910417478
1766967935.5662923,1612,combined_score,0.0,0.992953679232908,-0.9750143401287332,-0.992953679232908
1766968030.3975232,1613,combined_score,0.8956986414272503,0.992953679232908,0.8956986414272503,-0.0972550378056577
1766968059.17377,1606,combined_score,0.0,0.992953679232908,-0.8956986414272503,-0.992953679232908
1766968062.555615,1611,combined_score,0.9741290924303387,0.992953679232908,0.9741290924303387,-0.018824586802569265
1766968071.6869888,1614,combined_score,0.0,0.992953679232908,-0.9741290924303387,-0.992953679232908
1766968107.7989652,1607,combined_score,0.0,0.992953679232908,0.0,-0.992953679232908
1766968195.9316738,1615,combined_score,0.0,0.992953679232908,0.0,-0.992953679232908
1766968266.7881043,1617,combined_score,0.974966418205433,0.992953679232908,0.974966418205433,-0.017987261027475054
1766968291.9726958,1616,combined_score,0.0,0.992953679232908,-0.974966418205433,-0.992953679232908
1766968373.7277293,1618,combined_score,0.0,0.992953679232908,0.0,-0.992953679232908
1766968462.03903,1619,combined_score,0.9771521871146351,0.992953679232908,0.9771521871146351,-0.015801492118272864
1766968470.2426026,1621,combined_score,0.959039262678023,0.992953679232908,-0.018112924436612166,-0.03391441655488503
1766968478.082421,1620,combined_score,0.9821190091422835,0.992953679232908,0.023079746464260475,-0.010834670090624554
1766968552.596779,1622,combined_score,0.965331214410181,0.992953679232908,-0.016787794732102457,-0.02762246482272701
1766968644.4373124,1623,combined_score,0.9747592376838334,0.992953679232908,0.009428023273652442,-0.01819444154907457
1766968658.585251,1624,combined_score,0.987491806467556,0.992953679232908,0.012732568783722531,-0.005461872765352038
1766968668.5758111,1625,combined_score,0.9729814929644527,0.992953679232908,-0.014510313503103278,-0.019972186268455316
1766968692.5254269,1627,combined_score,0.0,0.992953679232908,-0.9729814929644527,-0.992953679232908
1766968754.047531,1626,combined_score,0.9750732261818781,0.992953679232908,0.9750732261818781,-0.01788045305102992
1766968902.5270238,1628,combined_score,0.9749193836517345,0.992953679232908,-0.00015384253014361082,-0.01803429558117353
1766968915.9448054,1629,combined_score,0.0,0.992953679232908,-0.9749193836517345,-0.992953679232908
1766968928.5595148,1630,combined_score,0.9872051373280398,0.992953679232908,0.9872051373280398,-0.005748541904868176
1766969001.3489094,1631,combined_score,0.9771162139868487,0.992953679232908,-0.010088923341191158,-0.015837465246059335
1766969089.832028,1633,combined_score,0.9788640145333298,0.992953679232908,0.0017478005464811597,-0.014089664699578175
1766969164.2213256,1634,combined_score,0.0,0.992953679232908,-0.9788640145333298,-0.992953679232908
1766969218.9511275,1635,combined_score,0.9761383909431768,0.992953679232908,0.9761383909431768,-0.016815288289731223
1766969334.3707385,1637,combined_score,0.9723067357333532,0.992953679232908,-0.003831655209823537,-0.02064694349955476
1766969334.392066,1632,combined_score,0.0,0.992953679232908,-0.9723067357333532,-0.992953679232908
1766969373.5575428,1636,combined_score,0.9690219198629765,0.992953679232908,0.9690219198629765,-0.023931759369931527
1766969495.7073035,1640,combined_score,0.0,0.992953679232908,-0.9690219198629765,-0.992953679232908
1766969524.4823282,1638,combined_score,0.0,0.992953679232908,0.0,-0.992953679232908
1766969536.2778265,1639,combined_score,0.9694402517175641,0.992953679232908,0.9694402517175641,-0.02351342751534391
1766969680.762081,1644,combined_score,0.0,0.992953679232908,-0.9694402517175641,-0.992953679232908
1766969700.1896799,1642,combined_score,0.9331380331863225,0.992953679232908,0.9331380331863225,-0.05981564604658551
1766969754.3247607,1643,combined_score,0.9871308090562435,0.992953679232908,0.05399277586992102,-0.005822870176664496
1766969800.0157614,1641,combined_score,0.0,0.992953679232908,-0.9871308090562435,-0.992953679232908
1766969808.6185088,1647,combined_score,0.0,0.992953679232908,0.0,-0.992953679232908
1766969909.5342178,1646,combined_score,0.9669642779681301,0.992953679232908,0.9669642779681301,-0.02598940126477789
1766969946.926003,1645,combined_score,0.9890719862510992,0.992953679232908,0.02210770828296904,-0.0038816929818088486
1766970047.0328135,1650,combined_score,0.0,0.992953679232908,-0.9890719862510992,-0.992953679232908
1766970054.840124,1648,combined_score,0.9808831267353664,0.992953679232908,0.9808831267353664,-0.012070552497541631
1766970071.9840763,1649,combined_score,0.9637856328949983,0.992953679232908,-0.017097493840368072,-0.029168046337909703
1766970227.5994647,1652,combined_score,0.9737080270106038,0.992953679232908,0.00992239411560547,-0.019245652222304233
1766970267.649121,1653,combined_score,0.9841375706541556,0.992953679232908,0.010429543643551864,-0.008816108578752369
1766970327.2488284,1654,combined_score,0.9524960443510105,0.992953679232908,-0.031641526303145096,-0.040457634881897464
1766970379.357121,1651,combined_score,0.0,0.992953679232908,-0.9524960443510105,-0.992953679232908
1766970470.0967376,1656,combined_score,0.9927266886936214,0.992953679232908,0.9927266886936214,-0.00022699053928665336
1766970482.5782278,1655,combined_score,0.9740120050544553,0.992953679232908,-0.018714683639166063,-0.018941674178452717
1766970549.6676176,1658,combined_score,0.9665302927358497,0.992953679232908,-0.007481712318605616,-0.026423386497058332
1766970552.9191015,1657,combined_score,0.9904074274928595,0.992953679232908,0.02387713475700981,-0.002546251740048522
1766970630.719993,1659,combined_score,0.9631304722788206,0.992953679232908,-0.027276955214038834,-0.029823206954087356
1766970689.0568795,1660,combined_score,0.962636737212589,0.992953679232908,-0.0004937350662316264,-0.030316942020318982
1766970704.096,1661,combined_score,0.9685027268945354,0.992953679232908,0.005865989681946404,-0.024450952338372578
1766970755.9876208,1662,combined_score,0.9649629249832222,0.992953679232908,-0.0035398019113132007,-0.02799075424968578
1766970803.1470215,1663,combined_score,0.0,0.992953679232908,-0.9649629249832222,-0.992953679232908
1766970804.5226407,1664,combined_score,0.0,0.992953679232908,0.0,-0.992953679232908
1766970855.3886065,1665,combined_score,0.0,0.992953679232908,0.0,-0.992953679232908
1766970956.2910912,1666,combined_score,0.9828149989284377,0.992953679232908,0.9828149989284377,-0.010138680304470293
1766971014.64124,1667,combined_score,0.0,0.992953679232908,-0.9828149989284377,-0.992953679232908
1766971055.2680457,1669,combined_score,0.9870364059589637,0.992953679232908,0.9870364059589637,-0.005917273273944312
1766971108.2964718,1670,combined_score,0.0,0.992953679232908,-0.9870364059589637,-0.992953679232908
1766971226.1986423,1671,combined_score,0.9373088753375124,0.992953679232908,0.9373088753375124,-0.05564480389539561
1766971228.693871,1673,combined_score,0.0,0.992953679232908,-0.9373088753375124,-0.992953679232908
1766971235.9576907,1668,combined_score,0.0,0.992953679232908,0.0,-0.992953679232908
1766971316.9203548,1674,combined_score,0.0,0.992953679232908,0.0,-0.992953679232908
1766971431.157448,1676,combined_score,0.9728956120028902,0.992953679232908,0.9728956120028902,-0.020058067230017795
1766971436.2748244,1678,combined_score,0.0,0.992953679232908,-0.9728956120028902,-0.992953679232908
1766971436.8490345,1675,combined_score,0.0,0.992953679232908,0.0,-0.992953679232908
1766971448.7006233,1677,combined_score,0.9775553594130161,0.992953679232908,0.9775553594130161,-0.015398319819891926
1766971584.1540349,1679,combined_score,0.9784550224632801,0.992953679232908,0.0008996630502640102,-0.014498656769627916
1766971645.670982,1680,combined_score,0.9732166510091672,0.992953679232908,-0.005238371454112878,-0.019737028223740793
1766971666.1706603,1682,combined_score,0.9761024438833386,0.992953679232908,0.0028857928741713446,-0.01685123534956945
1766971719.2067904,1681,combined_score,0.0,0.992953679232908,-0.9761024438833386,-0.992953679232908
1766971793.1193392,1683,combined_score,0.0,0.992953679232908,0.0,-0.992953679232908
1766971806.8604326,1684,combined_score,0.0,0.992953679232908,0.0,-0.992953679232908
1766971824.848397,1685,combined_score,0.9576016680370407,0.992953679232908,0.9576016680370407,-0.03535201119586728
1766971915.4531856,1686,combined_score,0.9825627538641066,0.992953679232908,0.02496108582706591,-0.010390925368801374
1766972012.8620636,1687,combined_score,0.0,0.992953679232908,-0.9825627538641066,-0.992953679232908
1766972075.498427,1691,combined_score,0.0,0.992953679232908,0.0,-0.992953679232908
1766972095.1517832,1689,combined_score,0.9740354888449544,0.992953679232908,0.9740354888449544,-0.018918190387953615
1766972106.295923,1690,combined_score,0.972508190761013,0.992953679232908,-0.0015272980839413641,-0.02044548847189498
1766972254.725084,1688,combined_score,0.0,0.992953679232908,-0.972508190761013,-0.992953679232908
1766972264.2272382,1692,combined_score,0.981781038245173,0.992953679232908,0.981781038245173,-0.01117264098773496
1766972281.147965,1693,combined_score,0.9690406725177787,0.992953679232908,-0.012740365727394343,-0.023913006715129304
1766972324.1359699,1694,combined_score,0.9832031222425599,0.992953679232908,0.014162449724781201,-0.009750556990348103
1766972363.2638469,1696,combined_score,0.9293781377123632,0.992953679232908,-0.053824984530196684,-0.06357554152054479
1766972383.6485822,1695,combined_score,0.9610616447495609,0.992953679232908,0.03168350703719769,-0.0318920344833471
1766972412.0090206,1699,combined_score,0.0,0.992953679232908,-0.9610616447495609,-0.992953679232908
1766972502.4064467,1698,combined_score,0.9733007169448176,0.992953679232908,0.9733007169448176,-0.019652962288090436
1766972539.391633,1697,combined_score,0.9829595423011465,0.992953679232908,0.009658825356328893,-0.009994136931761544
1766972615.234979,1700,combined_score,0.9826494491675122,0.992953679232908,-0.0003100931336342816,-0.010304230065395825
1766972615.9683318,1701,combined_score,0.9641144051816707,0.992953679232908,-0.018535043985841493,-0.028839274051237318
1766972690.4254189,1702,combined_score,0.9758234319162591,0.992953679232908,0.011709026734588401,-0.017130247316648917
1766972766.5874562,1703,combined_score,0.9699789908145607,0.992953679232908,-0.00584444110169835,-0.022974688418347267
1766972817.3556905,1705,combined_score,0.9804708308368334,0.992953679232908,0.010491840022272658,-0.012482848396074608
1766972822.4149125,1704,combined_score,0.9798789086891576,0.992953679232908,-0.000591922147675783,-0.013074770543750391
1766972825.1009052,1707,combined_score,0.0,0.992953679232908,-0.9798789086891576,-0.992953679232908
1766972917.2650807,1706,combined_score,0.9742084408692654,0.992953679232908,0.9742084408692654,-0.018745238363642613
1766972947.9631283,1711,combined_score,0.0,0.992953679232908,-0.9742084408692654,-0.992953679232908
1766973031.5751698,1709,combined_score,0.9794085192299171,0.992953679232908,0.9794085192299171,-0.013545160002990886
1766973080.973919,1710,combined_score,0.9052184458860967,0.992953679232908,-0.07419007334382044,-0.08773523334681133
1766973092.1501043,1712,combined_score,0.9173761887942457,0.992953679232908,0.012157742908148972,-0.07557749043866235
1766973117.8847356,1713,combined_score,0.0,0.992953679232908,-0.9173761887942457,-0.992953679232908
1766973254.215692,1717,combined_score,0.9050967295744333,0.992953679232908,0.9050967295744333,-0.08785694965847468
1766973295.6671922,1715,combined_score,0.0,0.992953679232908,-0.9050967295744333,-0.992953679232908
1766973301.3686812,1716,combined_score,0.9777453475056382,0.992953679232908,0.9777453475056382,-0.015208331727269764
1766973414.2310722,1714,combined_score,0.0,0.992953679232908,-0.9777453475056382,-0.992953679232908
1766973446.4695356,1718,combined_score,0.9768473696909684,0.992953679232908,0.9768473696909684,-0.01610630954193959
1766973511.873119,1720,combined_score,0.9786679711142241,0.992953679232908,0.0018206014232556855,-0.014285708118683904
1766973540.5387337,1719,combined_score,0.9626842570274413,0.992953679232908,-0.015983714086782785,-0.03026942220546669
1766973599.5343635,1721,combined_score,0.9801352284846714,0.992953679232908,0.01745097145723007,-0.01281845074823662
1766973645.5181575,1723,combined_score,0.9775755985433333,0.992953679232908,-0.0025596299413380708,-0.015378080689574691
1766973678.8087971,1722,combined_score,0.9884781916955715,0.992953679232908,0.010902593152238182,-0.004475487537336509
1766973708.8991098,1724,combined_score,0.9611070019688229,0.992953679232908,-0.027371189726748568,-0.03184667726408508
1766973757.7358584,1725,combined_score,0.0,0.992953679232908,-0.9611070019688229,-0.992953679232908
1766973847.2863247,1726,combined_score,0.9729136985123373,0.992953679232908,0.9729136985123373,-0.02003998072057067
1766973908.0281186,1728,combined_score,0.9775772564222498,0.992953679232908,0.0046635579099124636,-0.015376422810658208
1766973917.35957,1727,combined_score,0.9904022451790041,0.992953679232908,0.012824988756754307,-0.0025514340539039004
1766973991.1070745,1730,combined_score,0.9372091238530764,0.992953679232908,-0.053193121325927684,-0.055744555379831584
1766974009.3465111,1729,combined_score,0.0,0.992953679232908,-0.9372091238530764,-0.992953679232908
1766974026.0156918,1731,combined_score,0.0,0.992953679232908,0.0,-0.992953679232908
1766974141.787123,1732,combined_score,0.978767296679901,0.992953679232908,0.978767296679901,-0.014186382553006971
1766974201.0317411,1736,combined_score,0.0,0.992953679232908,-0.978767296679901,-0.992953679232908
1766974239.1617498,1734,combined_score,0.9811724159683101,0.992953679232908,0.9811724159683101,-0.011781263264597941
1766974387.8246489,1737,combined_score,0.9603719748319111,0.992953679232908,-0.020800441136399006,-0.03258170440099695
1766974389.548755,1735,combined_score,0.0,0.992953679232908,-0.9603719748319111,-0.992953679232908
1766974423.7496514,1733,combined_score,0.0,0.992953679232908,0.0,-0.992953679232908
1766974452.0991316,1738,combined_score,0.9814030131458737,0.992953679232908,0.9814030131458737,-0.011550666087034256
1766974534.5927563,1739,combined_score,0.0,0.992953679232908,-0.9814030131458737,-0.992953679232908
1766974541.6899753,1741,combined_score,0.0,0.992953679232908,0.0,-0.992953679232908
1766974593.7330358,1740,combined_score,0.9815225262231624,0.992953679232908,0.9815225262231624,-0.01143115300974562
1766974643.696304,1742,combined_score,0.9916899966758823,0.992953679232908,0.010167470452719929,-0.0012636825570256915
1766974698.9218109,1745,combined_score,0.9434194075338477,0.992953679232908,-0.04827058914203464,-0.04953427169906033
1766974735.0935795,1743,combined_score,0.9719335804078615,0.992953679232908,0.02851417287401381,-0.021020098825046518
1766974779.5464902,1744,combined_score,0.0,0.992953679232908,-0.9719335804078615,-0.992953679232908
1766974855.5798388,1748,combined_score,0.929767665229725,0.992953679232908,0.929767665229725,-0.06318601400318302
1766974856.0127838,1746,combined_score,0.9879449940405625,0.992953679232908,0.05817732881083748,-0.005008685192345541
1766974868.7065537,1749,combined_score,0.9119883835027932,0.992953679232908,-0.07595661053776925,-0.0809652957301148
1766974913.1042266,1747,combined_score,0.9794112308349553,0.992953679232908,0.06742284733216208,-0.013542448397952711
1766974969.9160023,1751,combined_score,0.0,0.992953679232908,-0.9794112308349553,-0.992953679232908
1766975019.291767,1752,combined_score,0.0,0.992953679232908,0.0,-0.992953679232908
1766975066.1298707,1753,combined_score,0.0,0.992953679232908,0.0,-0.992953679232908
1766975070.059617,1750,combined_score,0.9788401712780886,0.992953679232908,0.9788401712780886,-0.01411350795481936
1766975227.6666503,1755,combined_score,0.9751751202175284,0.992953679232908,-0.0036650510605602538,-0.017778559015379614
1766975236.197888,1754,combined_score,0.0,0.992953679232908,-0.9751751202175284,-0.992953679232908
1766975287.0852058,1756,combined_score,0.9845447583064755,0.992953679232908,0.9845447583064755,-0.008408920926432528
1766975403.2796328,1759,combined_score,0.981687203988215,0.992953679232908,-0.0028575543182605134,-0.011266475244693042
1766975458.7180035,1758,combined_score,0.9864084441362191,0.992953679232908,0.004721240148004124,-0.006545235096688917
1766975502.5886574,1757,combined_score,0.0,0.992953679232908,-0.9864084441362191,-0.992953679232908
1766975512.0453296,1760,combined_score,0.0,0.992953679232908,0.0,-0.992953679232908
1766975549.7093494,1761,combined_score,0.0,0.992953679232908,0.0,-0.992953679232908
1766975630.6727736,1764,combined_score,0.0,0.992953679232908,0.0,-0.992953679232908
1766975662.4581096,1762,combined_score,0.0,0.992953679232908,0.0,-0.992953679232908
1766975669.8533993,1763,combined_score,0.0,0.992953679232908,0.0,-0.992953679232908
1766975724.9457347,1767,combined_score,0.0,0.992953679232908,0.0,-0.992953679232908
1766975751.3734593,1765,combined_score,0.9433218057538159,0.992953679232908,0.9433218057538159,-0.04963187347909215
1766975811.533255,1766,combined_score,0.9874603995710081,0.992953679232908,0.04413859381719221,-0.005493279661899941
1766975892.3683727,1768,combined_score,0.9855599304599915,0.992953679232908,-0.0019004691110166005,-0.007393748772916542
1766975947.7730107,1769,combined_score,0.9851679125313734,0.992953679232908,-0.0003920179286180936,-0.0077857667015346355
1766975990.3267176,1771,combined_score,0.0,0.992953679232908,-0.9851679125313734,-0.992953679232908
1766976089.6021817,1772,combined_score,0.9669137206939981,0.992953679232908,0.9669137206939981,-0.026039958538909946
1766976121.7274957,1775,combined_score,0.0,0.992953679232908,-0.9669137206939981,-0.992953679232908
1766976168.2507334,1773,combined_score,0.0,0.992953679232908,0.0,-0.992953679232908
1766976178.8178189,1770,combined_score,0.0,0.992953679232908,0.0,-0.992953679232908
1766976186.0061278,1774,combined_score,0.9836769495514223,0.992953679232908,0.9836769495514223,-0.00927672968148574
1766976322.3791547,1777,combined_score,0.0,0.992953679232908,-0.9836769495514223,-0.992953679232908
1766976344.2581036,1776,combined_score,0.974307888167642,0.992953679232908,0.974307888167642,-0.018645791065265982
1766976368.4330506,1780,combined_score,0.0,0.992953679232908,-0.974307888167642,-0.992953679232908
1766976393.8789155,1779,combined_score,0.0,0.992953679232908,0.0,-0.992953679232908
1766976511.14471,1778,combined_score,0.0,0.992953679232908,0.0,-0.992953679232908
1766976544.3435352,1783,combined_score,0.0,0.992953679232908,0.0,-0.992953679232908
1766976599.0925248,1782,combined_score,0.9861908457172479,0.992953679232908,0.9861908457172479,-0.006762833515660094
1766976604.4650655,1785,combined_score,0.0,0.992953679232908,-0.9861908457172479,-0.992953679232908
1766976748.6070547,1784,combined_score,0.9764143298513684,0.992953679232908,0.9764143298513684,-0.01653934938153956
1766976783.2528436,1781,combined_score,0.0,0.992953679232908,-0.9764143298513684,-0.992953679232908
1766976799.049705,1787,combined_score,0.9900565156742681,0.992953679232908,0.9900565156742681,-0.0028971635586398925
1766976807.8490605,1786,combined_score,0.9827896814565663,0.992953679232908,-0.007266834217701801,-0.010163997776341693
1766976861.988309,1788,combined_score,0.927944074715527,0.992953679232908,-0.05484560674103933,-0.06500960451738103
1766976869.5045235,1790,combined_score,0.8986161348090691,0.992953679232908,-0.02932793990645788,-0.0943375444238389
1766976998.991088,1789,combined_score,0.0,0.992953679232908,-0.8986161348090691,-0.992953679232908
1766977007.1385193,1792,combined_score,0.9578991082025907,0.992953679232908,0.9578991082025907,-0.03505457103031728
1766977045.1484826,1791,combined_score,0.9714896905204727,0.992953679232908,0.013590582317882016,-0.021463988712435267
1766977080.092415,1793,combined_score,0.9835443731924649,0.992953679232908,0.012054682671992167,-0.0094093060404431
1766977201.9136026,1794,combined_score,0.9693947644934532,0.992953679232908,-0.014149608699011718,-0.023558914739454817
1766977215.8681936,1795,combined_score,0.9887903911352235,0.992953679232908,0.019395626641770303,-0.004163288097684514
1766977271.079128,1797,combined_score,0.9810323224915813,0.992953679232908,-0.007758068643642146,-0.01192135674132666
1766977287.3583987,1798,combined_score,0.9831772586742753,0.992953679232908,0.0021449361826939572,-0.009776420558632704
1766977318.038037,1799,combined_score,0.0,0.992953679232908,-0.9831772586742753,-0.992953679232908
1766977411.5447683,1800,combined_score,0.988105982656261,0.992953679232908,0.988105982656261,-0.004847696576646965
1766977528.48947,1801,combined_score,0.9793871100188265,0.992953679232908,-0.008718872637434538,-0.013566569214081503
1766977539.9218264,1802,combined_score,0.0,0.992953679232908,-0.9793871100188265,-0.992953679232908
1766977550.1264637,1803,combined_score,0.9814033460034098,0.992953679232908,0.9814033460034098,-0.011550333229498166
1766977569.9672735,1804,combined_score,0.0,0.992953679232908,-0.9814033460034098,-0.992953679232908
1766977603.8285887,1807,combined_score,0.0,0.992953679232908,0.0,-0.992953679232908
1766977652.583418,1805,combined_score,0.0,0.992953679232908,0.0,-0.992953679232908
1766977668.953922,1809,combined_score,0.0,0.992953679232908,0.0,-0.992953679232908
1766977712.9993367,1806,combined_score,0.9297032997103891,0.992953679232908,0.9297032997103891,-0.06325037952251888
1766977737.895652,1808,combined_score,0.9768570490361538,0.992953679232908,0.04715374932576466,-0.016096630196754225
1766977838.194725,1810,combined_score,0.9608271073607839,0.992953679232908,-0.016029941675369863,-0.03212657187212409
1766977859.9384546,1812,combined_score,0.0,0.992953679232908,-0.9608271073607839,-0.992953679232908
1766977950.9256792,1813,combined_score,0.9778355345264114,0.992953679232908,0.9778355345264114,-0.015118144706496639
1766978020.7229674,1814,combined_score,0.0,0.992953679232908,-0.9778355345264114,-0.992953679232908
1766978063.0082688,1815,combined_score,0.9899794139789642,0.992953679232908,0.9899794139789642,-0.002974265253943842
1766978077.4235826,1817,combined_score,0.0,0.992953679232908,-0.9899794139789642,-0.992953679232908
1766978093.4289892,1811,combined_score,0.0,0.992953679232908,0.0,-0.992953679232908
1766978115.070706,1816,combined_score,0.0,0.992953679232908,0.0,-0.992953679232908
1766978153.6521113,1818,combined_score,0.9249713498986084,0.992953679232908,0.9249713498986084,-0.0679823293342996
1766978305.7850296,1821,combined_score,0.976070274683028,0.992953679232908,0.051098924784419575,-0.01688340454988002
1766978306.17723,1820,combined_score,0.9762611818341721,0.992953679232908,0.00019090715114411516,-0.016692497398735906
1766978329.202108,1822,combined_score,0.0,0.992953679232908,-0.9762611818341721,-0.992953679232908
1766978330.9440563,1819,combined_score,0.0,0.992953679232908,0.0,-0.992953679232908
1766978441.2916152,1825,combined_score,0.0,0.992953679232908,0.0,-0.992953679232908
1766978469.782179,1823,combined_score,0.9666744107863346,0.992953679232908,0.9666744107863346,-0.026279268446573356
1766978534.2037902,1826,combined_score,0.0,0.992953679232908,-0.9666744107863346,-0.992953679232908
1766978668.4983356,1827,combined_score,0.9784794008610329,0.992953679232908,0.9784794008610329,-0.014474278371875093
1766978695.7235272,1829,combined_score,0.9727682803846164,0.992953679232908,-0.005711120476416531,-0.020185398848291625
1766978699.0062335,1828,combined_score,0.9896063562864493,0.992953679232908,0.01683807590183295,-0.003347322946458675
1766978739.0889554,1824,combined_score,0.0,0.992953679232908,-0.9896063562864493,-0.992953679232908
1766978849.646857,1830,combined_score,0.9807824983716947,0.992953679232908,0.9807824983716947,-0.012171180861213271
1766978869.895053,1831,combined_score,0.9845034677665748,0.992953679232908,0.0037209693948800915,-0.00845021146633318
1766978907.8831837,1832,combined_score,0.0,0.992953679232908,-0.9845034677665748,-0.992953679232908
1766978922.4173985,1833,combined_score,0.9715743599184501,0.992953679232908,0.9715743599184501,-0.021379319314457912
1766979081.9544244,1835,combined_score,0.9762226076262246,0.992953679232908,0.0046482477077745,-0.016731071606683412
1766979093.3352911,1834,combined_score,0.9794061749215781,0.992953679232908,0.0031835672953535177,-0.013547504311329894
1766979108.8912954,1838,combined_score,0.9466295692780644,0.992953679232908,-0.0327766056435137,-0.046324109954843595
1766979147.1704302,1840,combined_score,0.8735357746281375,0.992953679232908,-0.07309379464992694,-0.11941790460477053
1766979254.5926924,1841,combined_score,0.0,0.992953679232908,-0.8735357746281375,-0.992953679232908
1766979283.266929,1839,combined_score,0.9813617831818162,0.992953679232908,0.9813617831818162,-0.011591896051091788
1766979340.7859929,1836,combined_score,0.0,0.992953679232908,-0.9813617831818162,-0.992953679232908
1766979356.114833,1842,combined_score,0.977703173437679,0.992953679232908,0.977703173437679,-0.015250505795229019
1766979422.2381523,1846,combined_score,0.0,0.992953679232908,-0.977703173437679,-0.992953679232908
1766979454.752035,1843,combined_score,0.9751795827228442,0.992953679232908,0.9751795827228442,-0.017774096510063786
1766979515.626385,1844,combined_score,0.988417588462564,0.992953679232908,0.013238005739719783,-0.004536090770344003
1766979532.468556,1845,combined_score,0.0,0.992953679232908,-0.988417588462564,-0.992953679232908
1766979565.0116208,1847,combined_score,0.9587129556948668,0.992953679232908,0.9587129556948668,-0.034240723538041196
1766979673.5881298,1851,combined_score,0.921410743199572,0.992953679232908,-0.03730221249529486,-0.07154293603333606
1766979682.7140677,1850,combined_score,0.0,0.992953679232908,-0.921410743199572,-0.992953679232908
1766979684.6501317,1849,combined_score,0.0,0.992953679232908,0.0,-0.992953679232908
1766979684.680115,1848,combined_score,0.0,0.992953679232908,0.0,-0.992953679232908
1766979832.86703,1854,combined_score,0.9815876056764172,0.992953679232908,0.9815876056764172,-0.011366073556490774
1766979882.162311,1852,combined_score,0.9658884126142916,0.992953679232908,-0.015699193062125638,-0.027065266618616413
1766979891.2893136,1855,combined_score,0.9739944759788967,0.992953679232908,0.008106063364605065,-0.018959203254011348
1766980007.0888374,1853,combined_score,0.0,0.992953679232908,-0.9739944759788967,-0.992953679232908
1766980085.1260586,1856,combined_score,0.0,0.992953679232908,0.0,-0.992953679232908
1766980101.7587833,1858,combined_score,0.9617947924679775,0.992953679232908,0.9617947924679775,-0.031158886764930505
1766980104.8253844,1857,combined_score,0.9736981179895444,0.992953679232908,0.011903325521566921,-0.019255561243363584
1766980237.3350859,1860,combined_score,0.0,0.992953679232908,-0.9736981179895444,-0.992953679232908
1766980248.5718865,1859,combined_score,0.9668188216889669,0.992953679232908,0.9668188216889669,-0.02613485754394107
1766980258.7609768,1862,combined_score,0.0,0.992953679232908,-0.9668188216889669,-0.992953679232908
1766980312.2091496,1861,combined_score,0.9838707906931562,0.992953679232908,0.9838707906931562,-0.00908288853975181
1766980432.1137574,1863,combined_score,0.9571598181843043,0.992953679232908,-0.026710972508851905,-0.035793861048603715
1766980448.6484718,1864,combined_score,0.9830966423630413,0.992953679232908,0.025936824178736995,-0.00985703686986672
1766980490.0127442,1865,combined_score,0.9797209882623673,0.992953679232908,-0.003375654100673975,-0.013232690970540695
1766980512.4565063,1866,combined_score,0.0,0.992953679232908,-0.9797209882623673,-0.992953679232908
1766980636.5574415,1867,combined_score,0.9873410966357854,0.992953679232908,0.9873410966357854,-0.005612582597122606
1766980658.1105583,1868,combined_score,0.9772369326378597,0.992953679232908,-0.010104163997925686,-0.015716746595048292
1766980659.729998,1870,combined_score,0.0,0.992953679232908,-0.9772369326378597,-0.992953679232908
1766980679.4970918,1869,combined_score,0.9814708659936896,0.992953679232908,0.9814708659936896,-0.011482813239218403
1766980799.0642428,1873,combined_score,0.0,0.992953679232908,-0.9814708659936896,-0.992953679232908
1766980811.4105008,1871,combined_score,0.9716994284547843,0.992953679232908,0.9716994284547843,-0.021254250778123707
1766980854.4451191,1874,combined_score,0.975797537924655,0.992953679232908,0.004098109469870659,-0.017156141308253048
1766980872.6906157,1872,combined_score,0.9659854803960807,0.992953679232908,-0.00981205752857428,-0.02696819883682733
1766980973.2176263,1875,combined_score,0.9742997770858346,0.992953679232908,0.00831429668975392,-0.01865390214707341
1766981018.375257,1876,combined_score,0.984119526915129,0.992953679232908,0.009819749829294455,-0.008834152317778954
1766981030.1819882,1877,combined_score,0.9854367197564303,0.992953679232908,0.0013171928413012735,-0.00751695947647768
1766981044.022384,1878,combined_score,0.9568952152540238,0.992953679232908,-0.028541504502406556,-0.036058463978884236
1766981163.8643923,1879,combined_score,0.9633520923788494,0.992953679232908,0.006456877124825677,-0.02960158685405856
1766981185.1224854,1882,combined_score,0.0,0.992953679232908,-0.9633520923788494,-0.992953679232908
1766981206.305252,1881,combined_score,0.9728617617105892,0.992953679232908,0.9728617617105892,-0.02009191752231876
1766981271.7868578,1880,combined_score,0.0,0.992953679232908,-0.9728617617105892,-0.992953679232908
1766981355.6087685,1884,combined_score,0.0,0.992953679232908,0.0,-0.992953679232908
1766981393.7928889,1883,combined_score,0.0,0.992953679232908,0.0,-0.992953679232908
1766981477.9120538,1886,combined_score,0.9716091070614605,0.992953679232908,0.9716091070614605,-0.021344572171447473
1766981480.4118676,1885,combined_score,0.9752864435512211,0.992953679232908,0.003677336489760541,-0.017667235681686932
1766981623.3472116,1888,combined_score,0.9835174828894346,0.992953679232908,0.008231039338213564,-0.009436196343473369
1766981629.4457014,1889,combined_score,0.0,0.992953679232908,-0.9835174828894346,-0.992953679232908
1766981630.3786032,1890,combined_score,0.0,0.992953679232908,0.0,-0.992953679232908
1766981776.4445012,1887,combined_score,0.0,0.992953679232908,0.0,-0.992953679232908
1766981834.7694118,1891,combined_score,0.9809097458182978,0.992953679232908,0.9809097458182978,-0.012043933414610186
1766981839.2055664,1892,combined_score,0.9908092070907855,0.992953679232908,0.009899461272487642,-0.0021444721421225443
1766981865.2040956,1893,combined_score,0.9771451186890462,0.992953679232908,-0.013664088401739272,-0.015808560543861816
1766981934.3174522,1894,combined_score,0.0,0.992953679232908,-0.9771451186890462,-0.992953679232908
1766982002.2986448,1895,combined_score,0.0,0.992953679232908,0.0,-0.992953679232908
1766982020.0688863,1896,combined_score,0.974586649273708,0.992953679232908,0.974586649273708,-0.018367029959200032
1766982046.6494923,1899,combined_score,0.0,0.992953679232908,-0.974586649273708,-0.992953679232908
1766982051.0351717,1897,combined_score,0.9693605767902539,0.992953679232908,0.9693605767902539,-0.023593102442654112
1766982099.1660004,1898,combined_score,0.9304833747451816,0.992953679232908,-0.03887720204507228,-0.06247030448772639
1766982203.7160366,1902,combined_score,0.0,0.992953679232908,-0.9304833747451816,-0.992953679232908
1766982247.557693,1901,combined_score,0.973391078746252,0.992953679232908,0.973391078746252,-0.019562600486656034
1766982250.4613886,1900,combined_score,0.9745318181334315,0.992953679232908,0.0011407393871795124,-0.018421861099476522
1766982295.7607954,1903,combined_score,0.0,0.992953679232908,-0.9745318181334315,-0.992953679232908
1766982397.9394631,1904,combined_score,0.9553573233858308,0.992953679232908,0.9553573233858308,-0.03759635584707721
1766982406.4208844,1906,combined_score,0.9296855918906706,0.992953679232908,-0.02567173149516022,-0.06326808734223743
1766982434.205207,1905,combined_score,0.9743411019202958,0.992953679232908,0.0446555100296252,-0.018612577312612233
1766982442.9549527,1907,combined_score,0.0,0.992953679232908,-0.9743411019202958,-0.992953679232908
1766982505.0850356,1909,combined_score,0.9412565419729434,0.992953679232908,0.9412565419729434,-0.05169713725996461
1766982586.5161715,1910,combined_score,0.9815651323709091,0.992953679232908,0.04030859039796575,-0.01138854686199886
1766982597.6742952,1911,combined_score,0.0,0.992953679232908,-0.9815651323709091,-0.992953679232908
1766982618.6445951,1908,combined_score,0.9638889460014111,0.992953679232908,0.9638889460014111,-0.029064733231496942
1766982674.2295816,1915,combined_score,0.0,0.992953679232908,-0.9638889460014111,-0.992953679232908
1766982761.5140445,1912,combined_score,0.992953679232908,0.992953679232908,0.992953679232908,0.0
1766982788.180416,1913,combined_score,0.972229340131653,0.992953679232908,-0.02072433910125504,-0.02072433910125504
1766982790.3231065,1914,combined_score,0.9683676120977447,0.992953679232908,-0.003861728033908274,-0.024586067135163314
1766982879.3820853,1917,combined_score,0.0,0.992953679232908,-0.9683676120977447,-0.992953679232908
1766982906.7501378,1918,combined_score,0.0,0.992953679232908,0.0,-0.992953679232908
1766982953.1931305,1919,combined_score,0.0,0.992953679232908,0.0,-0.992953679232908
1766983023.7150917,1920,combined_score,0.0,0.992953679232908,0.0,-0.992953679232908
1766983046.362105,1921,combined_score,0.9735009153187592,0.992953679232908,0.9735009153187592,-0.019452763914148852
1766983087.7902894,1922,combined_score,0.9844189750266098,0.992953679232908,0.010918059707850647,-0.008534704206298205
1766983142.3738527,1923,combined_score,0.9767452236219936,0.992953679232908,-0.007673751404616236,-0.01620845561091444
1766983197.5150278,1924,combined_score,0.9685534314602986,0.992953679232908,-0.008191792161694966,-0.024400247772609407
1766983249.043573,1925,combined_score,0.977745692659023,0.992953679232908,0.009192261198724405,-0.015207986573885002
1766983294.8409312,1926,combined_score,0.9794637560761295,0.992953679232908,0.0017180634171064524,-0.01348992315677855
1766983353.407695,1927,combined_score,0.9883864786639915,0.992953679232908,0.008922722587862086,-0.004567200568916463
1766983405.9057457,1930,combined_score,0.9698242571022436,0.992953679232908,-0.018562221561747916,-0.02312942213066438
1766983440.3867128,1928,combined_score,0.0,0.992953679232908,-0.9698242571022436,-0.992953679232908
1766983458.5108824,1929,combined_score,0.9681213210358603,0.992953679232908,0.9681213210358603,-0.024832358197047655
1766983532.4900873,1933,combined_score,0.9303323761950522,0.992953679232908,-0.03778894484080819,-0.06262130303785585
1766983594.1978383,1935,combined_score,0.0,0.992953679232908,-0.9303323761950522,-0.992953679232908
1766983601.6695933,1931,combined_score,0.9799478426138397,0.992953679232908,0.9799478426138397,-0.01300583661906829
1766983683.1952171,1934,combined_score,0.9812498737193651,0.992953679232908,0.001302031105525403,-0.011703805513542886
1766983787.5736356,1936,combined_score,0.9727178404462534,0.992953679232908,-0.008532033273111694,-0.02023583878665458
1766983795.3330185,1937,combined_score,0.9831772586742753,0.992953679232908,0.010459418228021877,-0.009776420558632704
1766983830.9518702,1932,combined_score,0.0,0.992953679232908,-0.9831772586742753,-0.992953679232908
1766983846.4111898,1939,combined_score,0.0,0.992953679232908,0.0,-0.992953679232908
1766983850.6740751,1938,combined_score,0.9815973735985289,0.992953679232908,0.9815973735985289,-0.01135630563437906
1766984038.4593956,1942,combined_score,0.989842864159403,0.992953679232908,0.008245490560874091,-0.003110815073504969
1766984063.0037434,1941,combined_score,0.9830496134818361,0.992953679232908,-0.006793250677566975,-0.009904065751071944
1766984073.2667062,1943,combined_score,0.0,0.992953679232908,-0.9830496134818361,-0.992953679232908
1766984107.2283556,1940,combined_score,0.0,0.992953679232908,0.0,-0.992953679232908
1766984238.9540813,1944,combined_score,0.9788122153713892,0.992953679232908,0.9788122153713892,-0.014141463861518822
1766984244.937218,1945,combined_score,0.9745293259500517,0.992953679232908,-0.004282889421337477,-0.0184243532828563
1766984280.47361,1947,combined_score,0.9848087619637915,0.992953679232908,0.010279436013739818,-0.00814491726911648
1766984301.7430694,1946,combined_score,0.0,0.992953679232908,-0.9848087619637915,-0.992953679232908
1766984405.6679304,1949,combined_score,0.9812543355487298,0.992953679232908,0.9812543355487298,-0.011699343684178243
1766984445.108265,1948,combined_score,0.9799629348232716,0.992953679232908,-0.0012914007254581916,-0.012990744409636434
1766984477.3599873,1950,combined_score,0.9848196649610661,0.992953679232908,0.004856730137794529,-0.008134014271841905
1766984495.1046758,1951,combined_score,0.0,0.992953679232908,-0.9848196649610661,-0.992953679232908
1766984616.729214,1952,combined_score,0.9776813483631871,0.992953679232908,0.9776813483631871,-0.015272330869720907
1766984651.2508075,1953,combined_score,0.0,0.992953679232908,-0.9776813483631871,-0.992953679232908
1766984674.5915122,1956,combined_score,0.0,0.992953679232908,0.0,-0.992953679232908
1766984689.983658,1955,combined_score,0.9683398182485078,0.992953679232908,0.9683398182485078,-0.024613860984400215
1766984804.695928,1958,combined_score,0.9731228130638756,0.992953679232908,0.004782994815367814,-0.019830866169032402
1766984879.8183923,1957,combined_score,0.9742626115917825,0.992953679232908,0.00113979852790691,-0.01869106764112549
1766984894.996329,1959,combined_score,0.9843943839977852,0.992953679232908,0.010131772406002715,-0.008559295235122777
1766984897.475991,1954,combined_score,0.0,0.992953679232908,-0.9843943839977852,-0.992953679232908
1766984983.303531,1960,combined_score,0.9723652733567205,0.992953679232908,0.9723652733567205,-0.020588405876187488
1766985036.7991734,1962,combined_score,0.0,0.992953679232908,-0.9723652733567205,-0.992953679232908
1766985042.6688952,1961,combined_score,0.9814212923655468,0.992953679232908,0.9814212923655468,-0.011532386867361244
1766985114.3357332,1963,combined_score,0.9590875863997453,0.992953679232908,-0.02233370596580142,-0.033866092833162664
1766985189.6039152,1966,combined_score,0.0,0.992953679232908,-0.9590875863997453,-0.992953679232908
1766985237.161604,1965,combined_score,0.9683831970648024,0.992953679232908,0.9683831970648024,-0.024570482168105645
1766985253.4376729,1967,combined_score,0.9795704543550539,0.992953679232908,0.011187257290251496,-0.01338322487785415
1766985272.1295176,1969,combined_score,0.0,0.992953679232908,-0.9795704543550539,-0.992953679232908
1766985419.8982832,1964,combined_score,0.0,0.992953679232908,0.0,-0.992953679232908
1766985431.8627267,1968,combined_score,0.9762968230958294,0.992953679232908,0.9762968230958294,-0.01665685613707857
1766985450.7604036,1970,combined_score,0.9824077528337737,0.992953679232908,0.006110929737944248,-0.01054592639913432
1766985477.4272501,1971,combined_score,0.9661146609755616,0.992953679232908,-0.01629309185821204,-0.02683901825734636
1766985593.8335717,1972,combined_score,0.0,0.992953679232908,-0.9661146609755616,-0.992953679232908
1766985597.6123328,1974,combined_score,0.0,0.992953679232908,0.0,-0.992953679232908
1766985641.7676728,1973,combined_score,0.9569561212097215,0.992953679232908,0.9569561212097215,-0.03599755802318649
1766985670.7819247,1975,combined_score,0.9744001786938384,0.992953679232908,0.017444057484116926,-0.018553500539069567
1766985739.6313238,1978,combined_score,0.0,0.992953679232908,-0.9744001786938384,-0.992953679232908
1766985788.4966807,1977,combined_score,0.9653511704364884,0.992953679232908,0.9653511704364884,-0.027602508796419567
1766985847.7557442,1976,combined_score,0.0,0.992953679232908,-0.9653511704364884,-0.992953679232908
1766985883.668719,1979,combined_score,0.9608046798501632,0.992953679232908,0.9608046798501632,-0.03214899938274485
1766986024.8516688,1982,combined_score,0.9728536572694125,0.992953679232908,0.012048977419249374,-0.020100021963495474
1766986028.1933148,1981,combined_score,0.9620547039312606,0.992953679232908,-0.010798953338151951,-0.030898975301647424
1766986073.4824498,1983,combined_score,0.9939470818124694,0.9939470818124694,0.0318923778812088,0.0009934025795613755
1766986141.3447208,1984,combined_score,0.0,0.9939470818124694,-0.9939470818124694,-0.9939470818124694
1766986183.5935504,1980,combined_score,0.0,0.9939470818124694,0.0,-0.9939470818124694
1766986240.6570256,1985,combined_score,0.992953679232908,0.9939470818124694,0.992953679232908,-0.0009934025795613755
1766986301.580697,1988,combined_score,0.0,0.9939470818124694,-0.992953679232908,-0.9939470818124694
1766986308.6432767,1986,combined_score,0.985271201704515,0.9939470818124694,0.985271201704515,-0.008675880107954392
1766986325.5461557,1987,combined_score,0.9644931933408005,0.9939470818124694,-0.020778008363714462,-0.029453888471668854
1766986356.1930547,1991,combined_score,0.0,0.9939470818124694,-0.9644931933408005,-0.9939470818124694
1766986448.7414443,1989,combined_score,0.9755440874275463,0.9939470818124694,0.9755440874275463,-0.0184029943849231
1766986514.0020463,1993,combined_score,0.0,0.9939470818124694,-0.9755440874275463,-0.9939470818124694
1766986533.5700605,1990,combined_score,0.9914380880343082,0.9939470818124694,0.9914380880343082,-0.0025089937781611615
1766986569.5362144,1992,combined_score,0.0,0.9939470818124694,-0.9914380880343082,-0.9939470818124694
1766986701.1682887,1997,combined_score,0.0,0.9939470818124694,0.0,-0.9939470818124694
1766986717.6079714,1996,combined_score,0.0,0.9939470818124694,0.0,-0.9939470818124694
1766986743.4904354,1995,combined_score,0.9661535076191541,0.9939470818124694,0.9661535076191541,-0.027793574193315296
1766986812.7056382,1998,combined_score,0.9728035537945203,0.9939470818124694,0.006650046175366242,-0.021143528017949054
1766986917.107561,1999,combined_score,0.9743686121530136,0.9939470818124694,0.0015650583584932987,-0.019578469659455755
1766986950.1597748,2001,combined_score,0.9804452245590577,0.9939470818124694,0.0060766124060440685,-0.013501857253411687
1766986953.4396868,2002,combined_score,0.0,0.9939470818124694,-0.9804452245590577,-0.9939470818124694
1766986958.9995553,2000,combined_score,0.9743408003045485,0.9939470818124694,0.9743408003045485,-0.019606281507920875
1766987069.6459541,2003,combined_score,0.0,0.9939470818124694,-0.9743408003045485,-0.9939470818124694
1766987091.425923,2005,combined_score,0.0,0.9939470818124694,0.0,-0.9939470818124694
1766987119.8213696,2004,combined_score,0.0,0.9939470818124694,0.0,-0.9939470818124694
1766987147.8144286,2006,combined_score,0.0,0.9939470818124694,0.0,-0.9939470818124694
1766987193.013091,2010,combined_score,0.0,0.9939470818124694,0.0,-0.9939470818124694
1766987267.2134156,2007,combined_score,0.0,0.9939470818124694,0.0,-0.9939470818124694
1766987295.7738216,2008,combined_score,0.9822131224779593,0.9939470818124694,0.9822131224779593,-0.011733959334510047
1766987386.9995363,2011,combined_score,0.9812117757268528,0.9939470818124694,-0.0010013467511065244,-0.012735306085616571
1766987398.89875,2009,combined_score,0.9816605728704645,0.9939470818124694,0.0004487971436116789,-0.012286508942004892
1766987433.063855,2012,combined_score,0.9654959187183237,0.9939470818124694,-0.016164654152140745,-0.028451163094145637
1766987458.5400865,2013,combined_score,0.9761108998158967,0.9939470818124694,0.010614981097572973,-0.017836181996572664
1766987551.4604993,2014,combined_score,0.0,0.9939470818124694,-0.9761108998158967,-0.9939470818124694
1766987616.260643,2015,combined_score,0.9711882728479256,0.9939470818124694,0.9711882728479256,-0.022758808964543742
1766987633.9561276,2016,combined_score,0.9822203285464134,0.9939470818124694,0.011032055698487753,-0.01172675326605599
1766987646.8270123,2019,combined_score,0.0,0.9939470818124694,-0.9822203285464134,-0.9939470818124694
1766987841.3247702,2022,combined_score,0.0,0.9939470818124694,0.0,-0.9939470818124694
1766987865.9372041,2021,combined_score,0.0,0.9939470818124694,0.0,-0.9939470818124694
1766987897.9994516,2020,combined_score,0.0,0.9939470818124694,0.0,-0.9939470818124694
1766987970.2743065,2018,combined_score,0.0,0.9939470818124694,0.0,-0.9939470818124694
1766988021.4081242,2023,combined_score,0.9667755939718073,0.9939470818124694,0.9667755939718073,-0.027171487840662034
1766988065.9765236,2026,combined_score,0.9024136104332894,0.9939470818124694,-0.06436198353851796,-0.09153347137918
1766988105.2463536,2024,combined_score,0.9716912406730273,0.9939470818124694,0.06927763023973788,-0.022255841139442123
1766988131.8488274,2025,combined_score,0.0,0.9939470818124694,-0.9716912406730273,-0.9939470818124694
1766988196.5435119,2027,combined_score,0.9810986489489081,0.9939470818124694,0.9810986489489081,-0.012848432863561299
1766988219.4586842,2028,combined_score,0.0,0.9939470818124694,-0.9810986489489081,-0.9939470818124694
1766988250.9043963,2030,combined_score,0.896366268990209,0.9939470818124694,0.896366268990209,-0.09758081282226039
1766988263.8544083,2029,combined_score,0.0,0.9939470818124694,-0.896366268990209,-0.9939470818124694
1766988282.4779162,2031,combined_score,0.0,0.9939470818124694,0.0,-0.9939470818124694
1766988371.1504197,2035,combined_score,0.0,0.9939470818124694,0.0,-0.9939470818124694
1766988425.35083,2032,combined_score,0.9845798754708986,0.9939470818124694,0.9845798754708986,-0.009367206341570733
1766988450.4344842,2033,combined_score,0.0,0.9939470818124694,-0.9845798754708986,-0.9939470818124694
1766988476.288518,2034,combined_score,0.9697402153077026,0.9939470818124694,0.9697402153077026,-0.024206866504766777
1766988595.828526,2036,combined_score,0.9835898672368147,0.9939470818124694,0.013849651929112139,-0.010357214575654639
1766988631.1629682,2038,combined_score,0.9625809271105138,0.9939470818124694,-0.021008940126300946,-0.031366154701955584
1766988633.1422467,2039,combined_score,0.0,0.9939470818124694,-0.9625809271105138,-0.9939470818124694
1766988782.417675,2041,combined_score,0.0,0.9939470818124694,0.0,-0.9939470818124694
1766988826.8325856,2043,combined_score,0.0,0.9939470818124694,0.0,-0.9939470818124694
1766988829.782953,2042,combined_score,0.9824412204545081,0.9939470818124694,0.9824412204545081,-0.011505861357961278
1766988851.5497136,2037,combined_score,0.0,0.9939470818124694,-0.9824412204545081,-0.9939470818124694
1766988896.9848497,2046,combined_score,0.0,0.9939470818124694,0.0,-0.9939470818124694
1766988940.398966,2044,combined_score,0.9740092938807008,0.9939470818124694,0.9740092938807008,-0.01993778793176859
1766989042.1584804,2047,combined_score,0.0,0.9939470818124694,-0.9740092938807008,-0.9939470818124694
1766989056.0740638,2045,combined_score,0.9847845544767451,0.9939470818124694,0.9847845544767451,-0.009162527335724313
1766989162.7974145,2050,combined_score,0.9197201248875708,0.9939470818124694,-0.06506442958917424,-0.07422695692489856
1766989165.61628,2049,combined_score,0.9793080592461348,0.9939470818124694,0.05958793435856402,-0.014639022566334536
1766989219.127864,2053,combined_score,0.0,0.9939470818124694,-0.9793080592461348,-0.9939470818124694
1766989296.0535946,2051,combined_score,0.9730055366334952,0.9939470818124694,0.9730055366334952,-0.020941545178974175
1766989300.408802,2052,combined_score,0.9466305173172224,0.9939470818124694,-0.02637501931627284,-0.047316564495247015
1766989343.1112125,2048,combined_score,0.0,0.9939470818124694,-0.9466305173172224,-0.9939470818124694
1766989466.2107286,2055,combined_score,0.9828801673009238,0.9939470818124694,0.9828801673009238,-0.011066914511545622
1766989471.8502812,2056,combined_score,0.0,0.9939470818124694,-0.9828801673009238,-0.9939470818124694
1766989539.2923856,2057,combined_score,0.9739253193068752,0.9939470818124694,0.9739253193068752,-0.020021762505594176
1766989610.905282,2058,combined_score,0.8888538641076207,0.9939470818124694,-0.08507145519925452,-0.1050932177048487
1766989628.45331,2059,combined_score,0.9851488625063446,0.9939470818124694,0.09629499839872391,-0.008798219306124788
1766989669.0227516,2054,combined_score,0.0,0.9939470818124694,-0.9851488625063446,-0.9939470818124694
1766989740.6311927,2063,combined_score,0.0,0.9939470818124694,0.0,-0.9939470818124694
1766989757.9769785,2060,combined_score,0.0,0.9939470818124694,0.0,-0.9939470818124694
1766989807.8301816,2061,combined_score,0.9743792900773023,0.9939470818124694,0.9743792900773023,-0.019567791735167095
1766989865.2099838,2062,combined_score,0.9800403312263616,0.9939470818124694,0.005661041149059298,-0.013906750586107797
1766989960.1664224,2064,combined_score,0.973877386124757,0.9939470818124694,-0.006162945101604533,-0.02006969568771233
1766989980.1998336,2065,combined_score,0.9722307519553721,0.9939470818124694,-0.0016466341693849307,-0.02171632985709726
1766989998.1032388,2066,combined_score,0.8917325039538669,0.9939470818124694,-0.08049824800150518,-0.10221457785860244
1766990000.9202132,2067,combined_score,0.0,0.9939470818124694,-0.8917325039538669,-0.9939470818124694
1766990060.4798176,2068,combined_score,0.9332590691189315,0.9939470818124694,0.9332590691189315,-0.06068801269353785
1766990142.417644,2069,combined_score,0.9628863160673341,0.9939470818124694,0.029627246948402575,-0.031060765745135277
1766990187.3992608,2070,combined_score,0.0,0.9939470818124694,-0.9628863160673341,-0.9939470818124694
1766990203.7084615,2071,combined_score,0.957427419131738,0.9939470818124694,0.957427419131738,-0.03651966268073137
1766990269.474364,2072,combined_score,0.9847410395111882,0.9939470818124694,0.027313620379450176,-0.009206042301281192
1766990302.091397,2073,combined_score,0.972465332328793,0.9939470818124694,-0.012275707182395235,-0.021481749483676427
1766990370.8139021,2074,combined_score,0.9711867618257635,0.9939470818124694,-0.0012785705030294858,-0.022760319986705912
1766990398.1652377,2075,combined_score,0.9649584883564633,0.9939470818124694,-0.006228273469300216,-0.02898859345600613
1766990425.5364935,2079,combined_score,0.9155638763836178,0.9939470818124694,-0.04939461197284545,-0.07838320542885158
1766990567.7302082,2080,combined_score,0.0,0.9939470818124694,-0.9155638763836178,-0.9939470818124694
1766990612.236959,2081,combined_score,0.9799159069690592,0.9939470818124694,0.9799159069690592,-0.01403117484341021
1766990624.0190122,2078,combined_score,0.9897340960429573,0.9939470818124694,0.009818189073898087,-0.004212985769512123
1766990739.8222477,2077,combined_score,0.0,0.9939470818124694,-0.9897340960429573,-0.9939470818124694
1766990751.7101266,2083,combined_score,0.0,0.9939470818124694,0.0,-0.9939470818124694
1766990772.519949,2082,combined_score,0.9830668907237179,0.9939470818124694,0.9830668907237179,-0.01088019108875149
1766990841.345803,2084,combined_score,0.9860923583150726,0.9939470818124694,0.0030254675913546913,-0.007854723497396798
1766990948.8544948,2086,combined_score,0.9599218380276644,0.9939470818124694,-0.026170520287408183,-0.03402524378480498
1766990982.432606,2085,combined_score,0.9801658624160721,0.9939470818124694,0.020244024388407666,-0.013781219396397315
1766990986.4972768,2087,combined_score,0.981424889774548,0.9939470818124694,0.0012590273584759393,-0.012522192037921376
1766991044.2560592,2088,combined_score,0.9673715869482387,0.9939470818124694,-0.014053302826309344,-0.02657549486423072
1766991109.6476815,2089,combined_score,0.0,0.9939470818124694,-0.9673715869482387,-0.9939470818124694
1766991149.8326778,2091,combined_score,0.978011024381914,0.9939470818124694,0.978011024381914,-0.015936057430555373
1766991153.9199061,2090,combined_score,0.9794725885433411,0.9939470818124694,0.0014615641614270647,-0.014474493269128308
1766991218.3948169,2092,combined_score,0.988661937389327,0.9939470818124694,0.009189348845985879,-0.005285144423142429
1766991257.774824,2094,combined_score,0.9535408876097021,0.9939470818124694,-0.035121049779624824,-0.040406194202767254
1766991299.36678,2093,combined_score,0.9731914202768093,0.9939470818124694,0.019650532667107146,-0.020755661535660108
1766991353.7497911,2095,combined_score,0.9812849646319015,0.9939470818124694,0.008093544355092241,-0.012662117180567867
1766991381.8270981,2096,combined_score,0.9755136531310484,0.9939470818124694,-0.005771311500853082,-0.01843342868142095
1766991442.2677634,2098,combined_score,0.9378392164273072,0.9939470818124694,-0.037674436703741265,-0.056107865385162214
1766991471.50898,2097,combined_score,0.9807364592912168,0.9939470818124694,0.04289724286390961,-0.013210622521252602
1766991611.781471,2100,combined_score,0.9679055726131616,0.9939470818124694,-0.012830886678055209,-0.02604150919930781
1766991676.687996,2101,combined_score,0.9789244718966773,0.9939470818124694,0.011018899283515737,-0.015022609915792073
1766991696.485304,2102,combined_score,0.9764169012976998,0.9939470818124694,-0.0025075705989775487,-0.017530180514769622
1766991774.9352357,2103,combined_score,0.0,0.9939470818124694,-0.9764169012976998,-0.9939470818124694
1766991811.2179725,2099,combined_score,0.0,0.9939470818124694,0.0,-0.9939470818124694
1766991857.0274398,2104,combined_score,0.973036294660121,0.9939470818124694,0.973036294660121,-0.020910787152348398
1766991898.66828,2105,combined_score,0.0,0.9939470818124694,-0.973036294660121,-0.9939470818124694
1766991982.6871743,2106,combined_score,0.9834363107931064,0.9939470818124694,0.9834363107931064,-0.01051077101936293
1766991988.0469186,2107,combined_score,0.0,0.9939470818124694,-0.9834363107931064,-0.9939470818124694
1766992053.554695,2108,combined_score,0.9801765120355524,0.9939470818124694,0.9801765120355524,-0.01377056977691693
1766992092.162345,2109,combined_score,0.0,0.9939470818124694,-0.9801765120355524,-0.9939470818124694
1766992164.749555,2110,combined_score,0.0,0.9939470818124694,0.0,-0.9939470818124694
1766992214.1929543,2111,combined_score,0.9590250861393315,0.9939470818124694,0.9590250861393315,-0.03492199567313792
1766992278.1987658,2113,combined_score,0.9835479606827047,0.9939470818124694,0.024522874543373208,-0.01039912112976471
1766992290.5857487,2112,combined_score,0.0,0.9939470818124694,-0.9835479606827047,-0.9939470818124694
1766992351.3059232,2114,combined_score,0.9783423205551273,0.9939470818124694,0.9783423205551273,-0.015604761257342115
1766992518.2990668,2117,combined_score,0.9799438415521936,0.9939470818124694,0.0016015209970663413,-0.014003240260275773
1766992529.6600573,2116,combined_score,0.0,0.9939470818124694,-0.9799438415521936,-0.9939470818124694
1766992570.6074185,2118,combined_score,0.9555339065287948,0.9939470818124694,0.9555339065287948,-0.038413175283674605
1766992642.8205693,2115,combined_score,0.0,0.9939470818124694,-0.9555339065287948,-0.9939470818124694
1766992687.9309769,2120,combined_score,0.0,0.9939470818124694,0.0,-0.9939470818124694
1766992801.1382787,2121,combined_score,0.9805847937502993,0.9939470818124694,0.9805847937502993,-0.013362288062170102
1766992808.7215767,2119,combined_score,0.9897340960429573,0.9939470818124694,0.00914930229265798,-0.004212985769512123
1766992831.8894508,2122,combined_score,0.0,0.9939470818124694,-0.9897340960429573,-0.9939470818124694
1766992874.5279016,2123,combined_score,0.9844387799740691,0.9939470818124694,0.9844387799740691,-0.009508301838400235
1766992946.0180457,2125,combined_score,0.0,0.9939470818124694,-0.9844387799740691,-0.9939470818124694
1766992982.7210014,2124,combined_score,0.0,0.9939470818124694,0.0,-0.9939470818124694
1766993019.0297673,2127,combined_score,0.0,0.9939470818124694,0.0,-0.9939470818124694
1766993042.9436195,2126,combined_score,0.9745633930600857,0.9939470818124694,0.9745633930600857,-0.01938368875238372
1766993132.538278,2129,combined_score,0.0,0.9939470818124694,-0.9745633930600857,-0.9939470818124694
1766993158.624987,2128,combined_score,0.9763604236750397,0.9939470818124694,0.9763604236750397,-0.017586658137429656
1766993243.479364,2131,combined_score,0.97428025330127,0.9939470818124694,-0.0020801703737697297,-0.019666828511199386
1766993245.818614,2130,combined_score,0.9820598740668992,0.9939470818124694,0.007779620765629214,-0.011887207745570172
1766993360.5374174,2132,combined_score,0.9757192950145697,0.9939470818124694,-0.0063405790523295424,-0.018227786797899714
1766993469.1875458,2137,combined_score,0.9247694179896075,0.9939470818124694,-0.05094987702496212,-0.06917766382286183
1766993474.691687,2136,combined_score,0.9750050132250253,0.9939470818124694,0.05023559523541776,-0.018942068587444072
1766993524.9163222,2135,combined_score,0.9893287913268027,0.9939470818124694,0.014323778101777429,-0.004618290485666643
1766993646.9662092,2134,combined_score,0.0,0.9939470818124694,-0.9893287913268027,-0.9939470818124694
1766993678.1828663,2138,combined_score,0.9729573501528652,0.9939470818124694,0.9729573501528652,-0.02098973165960416
1766993724.3077002,2139,combined_score,0.9648425579396456,0.9939470818124694,-0.008114792213219646,-0.029104523872823806
1766993754.0012043,2140,combined_score,0.9784257222149204,0.9939470818124694,0.01358316427527484,-0.015521359597548967
1766993865.6702282,2141,combined_score,0.0,0.9939470818124694,-0.9784257222149204,-0.9939470818124694
1766993917.7232707,2143,combined_score,0.9601225847221359,0.9939470818124694,0.9601225847221359,-0.03382449709033353
1766993926.762739,2142,combined_score,0.9846509399116199,0.9939470818124694,0.02452835518948404,-0.009296141900849486
1766993977.3995872,2144,combined_score,0.860369433187176,0.9939470818124694,-0.12428150672444394,-0.13357764862529342
1766994043.0579224,2145,combined_score,0.0,0.9939470818124694,-0.860369433187176,-0.9939470818124694
1766994063.454344,2146,combined_score,0.97118945217849,0.9939470818124694,0.97118945217849,-0.022757629633979426
1766994134.5758784,2147,combined_score,0.9852037895312415,0.9939470818124694,0.014014337352751594,-0.008743292281227832
1766994172.7324276,2148,combined_score,0.983840721848116,0.9939470818124694,-0.0013630676831255517,-0.010106359964353384
1766994222.7856655,2149,combined_score,0.9551222157854085,0.9939470818124694,-0.02871850606270754,-0.03882486602706092
1766994270.6186895,2150,combined_score,0.9499415251580242,0.9939470818124694,-0.0051806906273842435,-0.044005556654445166
1766994312.4648702,2152,combined_score,0.0,0.9939470818124694,-0.9499415251580242,-0.9939470818124694
1766994340.944822,2151,combined_score,0.9892952201596956,0.9939470818124694,0.9892952201596956,-0.004651861652773759
1766994370.6276252,2153,combined_score,0.9824188128504024,0.9939470818124694,-0.0068764073092931755,-0.011528268962066934
1766994386.2458963,2157,combined_score,0.0,0.9939470818124694,-0.9824188128504024,-0.9939470818124694
1766994454.5129302,2155,combined_score,0.0,0.9939470818124694,0.0,-0.9939470818124694
1766994524.4681053,2158,combined_score,0.0,0.9939470818124694,0.0,-0.9939470818124694
1766994564.0706882,2156,combined_score,0.9840031890850344,0.9939470818124694,0.9840031890850344,-0.00994389272743501
1766994566.5451012,2160,combined_score,0.8883663419844334,0.9939470818124694,-0.09563684710060094,-0.10558073982803595
1766994621.769357,2159,combined_score,0.9795804386879117,0.9939470818124694,0.09121409670347824,-0.01436664312455771
1766994622.9995453,2162,combined_score,0.0,0.9939470818124694,-0.9795804386879117,-0.9939470818124694
1766994711.2621129,2161,combined_score,0.0,0.9939470818124694,0.0,-0.9939470818124694
1766994726.6643763,2163,combined_score,0.9753386887760311,0.9939470818124694,0.9753386887760311,-0.018608393036438242
1766994781.6348422,2164,combined_score,0.0,0.9939470818124694,-0.9753386887760311,-0.9939470818124694
1766994853.1233244,2165,combined_score,0.9739103740382902,0.9939470818124694,0.9739103740382902,-0.020036707774179208
1766994870.9368374,2166,combined_score,0.9419077376081332,0.9939470818124694,-0.032002636430156994,-0.0520393442043362
1766994876.00123,2167,combined_score,0.0,0.9939470818124694,-0.9419077376081332,-0.9939470818124694
1766994934.4293787,2171,combined_score,0.0,0.9939470818124694,0.0,-0.9939470818124694
1766994939.8579795,2168,combined_score,0.9856196834407555,0.9939470818124694,0.9856196834407555,-0.008327398371713923
1766995038.393826,2170,combined_score,0.0,0.9939470818124694,-0.9856196834407555,-0.9939470818124694
1766995106.098207,2169,combined_score,0.0,0.9939470818124694,0.0,-0.9939470818124694
1766995129.6157513,2173,combined_score,0.0,0.9939470818124694,0.0,-0.9939470818124694
1766995138.586403,2172,combined_score,0.9642759290752585,0.9939470818124694,0.9642759290752585,-0.029671152737210882
1766995142.3593006,2174,combined_score,0.9628871612258623,0.9939470818124694,-0.001388767849396233,-0.031059920586607115
1766995282.950441,2176,combined_score,0.0,0.9939470818124694,-0.9628871612258623,-0.9939470818124694
1766995303.83318,2178,combined_score,0.0,0.9939470818124694,0.0,-0.9939470818124694
1766995350.347701,2180,combined_score,0.0,0.9939470818124694,0.0,-0.9939470818124694
1766995379.9834137,2175,combined_score,0.0,0.9939470818124694,0.0,-0.9939470818124694
1766995410.7792811,2177,combined_score,0.9893287913268027,0.9939470818124694,0.9893287913268027,-0.004618290485666643
1766995455.4990768,2179,combined_score,0.9793708208693935,0.9939470818124694,-0.009957970457409204,-0.014576260943075847
1766995531.4162834,2181,combined_score,0.9757586220028681,0.9939470818124694,-0.003612198866525418,-0.018188459809601265
1766995556.762337,2183,combined_score,0.0,0.9939470818124694,-0.9757586220028681,-0.9939470818124694
1766995557.0412111,2182,combined_score,0.9631113512071289,0.9939470818124694,0.9631113512071289,-0.030835730605340506
1766995610.8165753,2184,combined_score,0.0,0.9939470818124694,-0.9631113512071289,-0.9939470818124694
1766995731.8446758,2188,combined_score,0.8735282980561017,0.9939470818124694,0.8735282980561017,-0.12041878375636772
1766995769.6996765,2185,combined_score,0.9734867447242493,0.9939470818124694,0.09995844666814768,-0.020460337088220037
1766995772.981547,2186,combined_score,0.9736546292918364,0.9939470818124694,0.00016788456758709547,-0.020292452520632942
1766995781.028293,2187,combined_score,0.0,0.9939470818124694,-0.9736546292918364,-0.9939470818124694
1766995921.3823411,2189,combined_score,0.9717324806544705,0.9939470818124694,0.9717324806544705,-0.022214601157998892
1766995935.9602473,2191,combined_score,0.9401140779629156,0.9939470818124694,-0.031618402691554914,-0.05383300384955381
1766995962.6629095,2192,combined_score,0.9872827866504341,0.9939470818124694,0.047168708687518546,-0.006664295162035261
1766996000.165996,2190,combined_score,0.9796897487439592,0.9939470818124694,-0.00759303790647492,-0.01425733306851018
1766996083.6779244,2194,combined_score,0.9303347899154688,0.9939470818124694,-0.04935495882849039,-0.06361229189700057
1766996127.974311,2193,combined_score,0.9622518882639824,0.9939470818124694,0.03191709834851364,-0.03169519354848693
1766996154.1388736,2195,combined_score,0.9695128632357776,0.9939470818124694,0.00726097497179512,-0.024434218576691813
1766996226.1526072,2196,combined_score,0.9809954452702152,0.9939470818124694,0.011482582034437638,-0.012951636542254175
1766996239.4832346,2197,combined_score,0.966006885886082,0.9939470818124694,-0.014988559384133238,-0.027940195926387412
1766996315.5340703,2199,combined_score,0.9619282756465638,0.9939470818124694,-0.004078610239518166,-0.03201880616590558
1766996326.0778077,2198,combined_score,0.0,0.9939470818124694,-0.9619282756465638,-0.9939470818124694
1766996465.695371,2200,combined_score,0.0,0.9939470818124694,0.0,-0.9939470818124694
1766996476.5573847,2201,combined_score,0.9613089347448152,0.9939470818124694,0.9613089347448152,-0.03263814706765422
1766996544.549021,2203,combined_score,0.0,0.9939470818124694,-0.9613089347448152,-0.9939470818124694
1766996709.7515888,2204,combined_score,0.9753325300047978,0.9939470818124694,0.9753325300047978,-0.018614551807671575
1766996769.4253998,2205,combined_score,0.9897340960429573,0.9939470818124694,0.014401566038159452,-0.004212985769512123
1766996778.5257223,2202,combined_score,0.0,0.9939470818124694,-0.9897340960429573,-0.9939470818124694
1766996780.2917054,2206,combined_score,0.9854114876014811,0.9939470818124694,0.9854114876014811,-0.008535594210988262
1766996907.9821987,2207,combined_score,0.9785550297475871,0.9939470818124694,-0.0068564578538939935,-0.015392052064882256
1766996949.2696788,2210,combined_score,0.0,0.9939470818124694,-0.9785550297475871,-0.9939470818124694
1766996970.7500215,2209,combined_score,0.9869003940814485,0.9939470818124694,0.9869003940814485,-0.007046687731020906
1766996979.971393,2208,combined_score,0.9759955863676029,0.9939470818124694,-0.01090480771384561,-0.017951495444866516
1766997090.426621,2213,combined_score,0.9371824570579379,0.9939470818124694,-0.03881312930966496,-0.05676462475453148
1766997106.8959005,2211,combined_score,0.9792641078581785,0.9939470818124694,0.04208165080024062,-0.014682973954290857
1766997146.8727233,2215,combined_score,0.8657586597818263,0.9939470818124694,-0.11350544807635221,-0.12818842203064307
1766997165.8541665,2214,combined_score,0.9552155749180954,0.9939470818124694,0.08945691513626908,-0.03873150689437399
1766997241.4665587,2212,combined_score,0.0,0.9939470818124694,-0.9552155749180954,-0.9939470818124694
1766997305.069708,2216,combined_score,0.9689202597433684,0.9939470818124694,0.9689202597433684,-0.025026822069101007
1766997310.3062832,2218,combined_score,0.9470776732636068,0.9939470818124694,-0.02184258647976156,-0.04686940854886257
1766997333.5534513,2217,combined_score,0.966081771984648,0.9939470818124694,0.01900409872104114,-0.027865309827821427
1766997448.6330714,2219,combined_score,0.9823824876007654,0.9939470818124694,0.016300715616117456,-0.011564594211703971
1766997475.4932525,2220,combined_score,0.0,0.9939470818124694,-0.9823824876007654,-0.9939470818124694
1766997489.0512996,2222,combined_score,0.0,0.9939470818124694,0.0,-0.9939470818124694
1766997541.6866221,2221,combined_score,0.9797872740072574,0.9939470818124694,0.9797872740072574,-0.014159807805211977
1766997557.3145945,2225,combined_score,0.0,0.9939470818124694,-0.9797872740072574,-0.9939470818124694
1766997657.5597923,2223,combined_score,0.9843836256100589,0.9939470818124694,0.9843836256100589,-0.009563456202410503
1766997704.048473,2224,combined_score,0.9885367579916288,0.9939470818124694,0.004153132381569891,-0.005410323820840612
1766997721.537927,2228,combined_score,0.0,0.9939470818124694,-0.9885367579916288,-0.9939470818124694
1766997745.181439,2226,combined_score,0.977691923657472,0.9939470818124694,0.977691923657472,-0.01625515815499734
1766997748.553304,2227,combined_score,0.0,0.9939470818124694,-0.977691923657472,-0.9939470818124694
1766997822.477223,2230,combined_score,0.0,0.9939470818124694,0.0,-0.9939470818124694
1766997898.0695543,2231,combined_score,0.0,0.9939470818124694,0.0,-0.9939470818124694
1766997951.659972,2229,combined_score,0.9649330612514019,0.9939470818124694,0.9649330612514019,-0.0290140205610675
1766997960.9320648,2235,combined_score,0.0,0.9939470818124694,-0.9649330612514019,-0.9939470818124694
1766998004.9552028,2234,combined_score,0.0,0.9939470818124694,0.0,-0.9939470818124694
1766998007.5817604,2233,combined_score,0.0,0.9939470818124694,0.0,-0.9939470818124694
1766998159.5522707,2239,combined_score,0.9348730139922243,0.9939470818124694,0.9348730139922243,-0.059074067820245046
1766998163.8968935,2237,combined_score,0.9584589253416269,0.9939470818124694,0.023585911349402577,-0.03548815647084247
1766998204.2795696,2236,combined_score,0.0,0.9939470818124694,-0.9584589253416269,-0.9939470818124694
1766998237.6485863,2238,combined_score,0.9838319218600948,0.9939470818124694,0.9838319218600948,-0.010115159952374553
1766998287.6477163,2241,combined_score,0.9191619937612455,0.9939470818124694,-0.0646699280988493,-0.07478508805122386
1766998373.4075625,2240,combined_score,0.9602112096920676,0.9939470818124694,0.041049215930822114,-0.033735872120401744
1766998423.4352717,2242,combined_score,0.9737147050652049,0.9939470818124694,0.01350349537313722,-0.020232376747264524
1766998452.864027,2243,combined_score,0.9617898303927648,0.9939470818124694,-0.011924874672440078,-0.0321572514197046
1766998555.203969,2245,combined_score,0.9483453784742822,0.9939470818124694,-0.013444451918482536,-0.04560170333818714
1766998664.9239497,2247,combined_score,0.985358720650173,0.9939470818124694,0.03701334217589081,-0.008588361162296332
1766998696.0371158,2248,combined_score,0.9688892298147284,0.9939470818124694,-0.01646949083544469,-0.02505785199774102
1766998699.4616911,2246,combined_score,0.0,0.9939470818124694,-0.9688892298147284,-0.9939470818124694
1766998733.6176615,2244,combined_score,0.0,0.9939470818124694,0.0,-0.9939470818124694
1766998750.8286946,2250,combined_score,0.0,0.9939470818124694,0.0,-0.9939470818124694
1766998789.1292908,2249,combined_score,0.9410383348008843,0.9939470818124694,0.9410383348008843,-0.0529087470115851
1766998850.599803,2252,combined_score,0.9187601971531346,0.9939470818124694,-0.022278137647749663,-0.07518688465933476
1766998890.2309172,2251,combined_score,0.9627303863696579,0.9939470818124694,0.04397018921652329,-0.03121669544281147
1766999009.5915678,2254,combined_score,0.9769629606756235,0.9939470818124694,0.014232574305965584,-0.016984121136845887
1766999094.9918525,2255,combined_score,0.9728402710029384,0.9939470818124694,-0.0041226896726851425,-0.02110681080953103
1766999130.4628315,2256,combined_score,0.9712062929316599,0.9939470818124694,-0.001633978071278408,-0.022740788880809437
1766999162.8242922,2257,combined_score,0.0,0.9939470818124694,-0.9712062929316599,-0.9939470818124694
1766999170.410243,2259,combined_score,0.0,0.9939470818124694,0.0,-0.9939470818124694
1766999212.250038,2253,combined_score,0.0,0.9939470818124694,0.0,-0.9939470818124694
1766999266.1816869,2258,combined_score,0.0,0.9939470818124694,0.0,-0.9939470818124694
1766999331.125113,2263,combined_score,0.9191945719268095,0.9939470818124694,0.9191945719268095,-0.07475250988565985
1766999344.5989118,2260,combined_score,0.9670197035056182,0.9939470818124694,0.04782513157880863,-0.026927378306851213
1766999347.7520626,2261,combined_score,0.9733985871623437,0.9939470818124694,0.006378883656725565,-0.020548494650125648
1766999407.1759298,2262,combined_score,0.9845954275630727,0.9939470818124694,0.011196840400728991,-0.009351654249396657
1766999571.240794,2264,combined_score,0.0,0.9939470818124694,-0.9845954275630727,-0.9939470818124694
1766999574.51241,2266,combined_score,0.9788528749693923,0.9939470818124694,0.9788528749693923,-0.015094206843077052
1766999595.0777097,2267,combined_score,0.9722987858417127,0.9939470818124694,-0.00655408912767963,-0.02164829597075668
1766999608.8476121,2265,combined_score,0.9826723389892325,0.9939470818124694,0.010373553147519754,-0.011274742823236927
1766999734.9124906,2269,combined_score,0.0,0.9939470818124694,-0.9826723389892325,-0.9939470818124694
1766999758.78115,2268,combined_score,0.977374834599306,0.9939470818124694,0.977374834599306,-0.016572247213163416
1766999781.8962276,2270,combined_score,0.9774335309799435,0.9939470818124694,5.869638063749072e-05,-0.016513550832525925
1766999853.3466287,2271,combined_score,0.9767181258213093,0.9939470818124694,-0.0007154051586341081,-0.017228955991160033
1766999938.6370742,2272,combined_score,0.9815488589298561,0.9939470818124694,0.004830733108546759,-0.012398222882613275
1766999997.5377247,2273,combined_score,0.972608398515277,0.9939470818124694,-0.008940460414579077,-0.02133868329719235
1767000005.6682038,2274,combined_score,0.9881373941324512,0.9939470818124694,0.015528995617174135,-0.005809687680018216
1767000125.4414663,2275,combined_score,0.98105924197124,0.9939470818124694,-0.007078152161211215,-0.012887839841229431
1767000163.2521617,2276,combined_score,0.0,0.9939470818124694,-0.98105924197124,-0.9939470818124694
1767000176.9809718,2277,combined_score,0.0,0.9939470818124694,0.0,-0.9939470818124694
1767000233.14732,2278,combined_score,0.9876034865216984,0.9939470818124694,0.9876034865216984,-0.006343595290770998
1767000335.8709176,2279,combined_score,0.9867333784049296,0.9939470818124694,-0.0008701081167687974,-0.0072137034075397954
1767000376.864632,2281,combined_score,0.9860629359545028,0.9939470818124694,-0.0006704424504268003,-0.007884145857966596
1767000394.4161541,2282,combined_score,0.0,0.9939470818124694,-0.9860629359545028,-0.9939470818124694
1767000401.9544427,2283,combined_score,0.0,0.9939470818124694,0.0,-0.9939470818124694
1767000409.6016107,2280,combined_score,0.9700633793383443,0.9939470818124694,0.9700633793383443,-0.02388370247412508
1767000526.6746776,2284,combined_score,0.9653002056549902,0.9939470818124694,-0.004763173683354105,-0.028646876157479184
1767000548.820696,2285,combined_score,0.0,0.9939470818124694,-0.9653002056549902,-0.9939470818124694
1767000569.8399854,2287,combined_score,0.0,0.9939470818124694,0.0,-0.9939470818124694
1767000604.7749557,2286,combined_score,0.0,0.9939470818124694,0.0,-0.9939470818124694
1767000665.6169915,2288,combined_score,0.0,0.9939470818124694,0.0,-0.9939470818124694
1767000779.2869544,2289,combined_score,0.9824664685033172,0.9939470818124694,0.9824664685033172,-0.011480613309152177
1767000785.4511292,2290,combined_score,0.976696049001784,0.9939470818124694,-0.0057704195015332305,-0.017251032810685407
1767000819.7772264,2291,combined_score,0.974910720230568,0.9939470818124694,-0.001785328771215955,-0.019036361581901362
1767000956.4796844,2292,combined_score,0.9897340960429573,0.9939470818124694,0.014823375812389239,-0.004212985769512123
1767000986.6681497,2294,combined_score,0.9807047147256128,0.9939470818124694,-0.009029381317344432,-0.013242367086856555
1767001093.6029189,2295,combined_score,0.9811124671170826,0.9939470818124694,0.00040775239146972897,-0.012834614695386826
1767001132.215777,2297,combined_score,0.9814798936132745,0.9939470818124694,0.0003674264961919249,-0.0124671881991949
1767001181.2188404,2299,combined_score,0.0,0.9939470818124694,-0.9814798936132745,-0.9939470818124694
1767001183.2921457,2296,combined_score,0.9785890112484245,0.9939470818124694,0.9785890112484245,-0.015358070564044923
1767001208.9048176,2293,combined_score,0.0,0.9939470818124694,-0.9785890112484245,-0.9939470818124694
1767001253.8542821,2298,combined_score,0.9883085455419653,0.9939470818124694,0.9883085455419653,-0.005638536270504035
1767001355.7362237,2302,combined_score,0.0,0.9939470818124694,-0.9883085455419653,-0.9939470818124694
1767001359.159007,2301,combined_score,0.0,0.9939470818124694,0.0,-0.9939470818124694
1767001408.8925197,2300,combined_score,0.984926846253533,0.9939470818124694,0.984926846253533,-0.009020235558936385
1767001525.694866,2303,combined_score,0.0,0.9939470818124694,-0.984926846253533,-0.9939470818124694
1767001547.3237875,2305,combined_score,0.9820493849578183,0.9939470818124694,0.9820493849578183,-0.01189769685465103
1767001635.301264,2309,combined_score,0.9292749645143307,0.9939470818124694,-0.05277442044348768,-0.06467211729813871
1767001639.4114926,2306,combined_score,0.979749248482114,0.9939470818124694,0.05047428396778331,-0.014197833330355403
1767001697.4745667,2308,combined_score,0.8747022086955619,0.9939470818124694,-0.10504703978655205,-0.11924487311690746
1767001814.6093276,2311,combined_score,0.9574170655427042,0.9939470818124694,0.0827148568471423,-0.03653001626976515
1767001823.4607882,2310,combined_score,0.0,0.9939470818124694,-0.9574170655427042,-0.9939470818124694
1767001849.217241,2307,combined_score,0.9770519675004682,0.9939470818124694,0.9770519675004682,-0.01689511431200119
1767001929.310913,2312,combined_score,0.9762017456510544,0.9939470818124694,-0.0008502218494137459,-0.017745336161414937
1767001993.8834047,2316,combined_score,0.0,0.9939470818124694,-0.9762017456510544,-0.9939470818124694
1767002028.0358021,2313,combined_score,0.9675112452976037,0.9939470818124694,0.9675112452976037,-0.026435836514865696
1767002029.5387387,2314,combined_score,0.0,0.9939470818124694,-0.9675112452976037,-0.9939470818124694
1767002068.019835,2315,combined_score,0.9879231751814959,0.9939470818124694,0.9879231751814959,-0.006023906630973519
1767002170.645159,2318,combined_score,0.9390516706188924,0.9939470818124694,-0.048871504562603474,-0.05489541119357699
1767002182.1169121,2319,combined_score,0.9387493123329805,0.9939470818124694,-0.0003023582859118523,-0.055197769479488845
1767002201.0612326,2320,combined_score,0.9501456229376309,0.9939470818124694,0.011396310604650406,-0.04380145887483844
1767002225.1320782,2317,combined_score,0.9737916419550965,0.9939470818124694,0.023646019017465547,-0.020155439857372892
1767002357.3321424,2322,combined_score,0.0,0.9939470818124694,-0.9737916419550965,-0.9939470818124694
1767002364.8027837,2321,combined_score,0.0,0.9939470818124694,0.0,-0.9939470818124694
1767002373.3759992,2324,combined_score,0.0,0.9939470818124694,0.0,-0.9939470818124694
1767002436.6511288,2323,combined_score,0.9817407911386058,0.9939470818124694,0.9817407911386058,-0.012206290673863585
1767002538.5664456,2325,combined_score,0.0,0.9939470818124694,-0.9817407911386058,-0.9939470818124694
1767002543.415383,2327,combined_score,0.0,0.9939470818124694,0.0,-0.9939470818124694
1767002567.5961702,2326,combined_score,0.9722983412110988,0.9939470818124694,0.9722983412110988,-0.021648740601370564
1767002635.3467188,2328,combined_score,0.9604719691361169,0.9939470818124694,-0.011826372074981939,-0.0334751126763525
1767002690.8164396,2330,combined_score,0.0,0.9939470818124694,-0.9604719691361169,-0.9939470818124694
1767002773.6890163,2333,combined_score,0.8441135292016958,0.9939470818124694,0.8441135292016958,-0.14983355261077358
1767002779.6961563,2331,combined_score,0.958343306495868,0.9939470818124694,0.11422977729417216,-0.035603775316601416
1767002781.891559,2329,combined_score,0.9689784415666417,0.9939470818124694,0.010635135070773738,-0.024968640245827678
1767002839.8521237,2332,combined_score,0.9715638859473424,0.9939470818124694,0.002585444380700741,-0.022383195865126937
1767002922.9444425,2334,combined_score,0.9416088843359717,0.9939470818124694,-0.02995500161137077,-0.052338197476497705
1767002969.2719266,2336,combined_score,0.980485699093808,0.9939470818124694,0.03887681475783633,-0.013461382718661374
1767002996.7087224,2335,combined_score,0.9573240224355354,0.9939470818124694,-0.023161676658272623,-0.036623059376934
1767003013.449052,2337,combined_score,0.975189414752413,0.9939470818124694,0.01786539231687767,-0.018757667060056327
1767003127.7697146,2338,combined_score,0.952707099571258,0.9939470818124694,-0.022482315181155066,-0.04123998224121139
1767003173.9275057,2339,combined_score,0.9638513413056287,0.9939470818124694,0.011144241734370675,-0.030095740506840718
1767003238.3403935,2340,combined_score,0.9821946688616833,0.9939470818124694,0.01834332755605461,-0.011752412950786106
1767003265.611364,2342,combined_score,0.0,0.9939470818124694,-0.9821946688616833,-0.9939470818124694
1767003273.8932097,2341,combined_score,0.9739865463992396,0.9939470818124694,0.9739865463992396,-0.01996053541322973
1767003305.186045,2343,combined_score,0.0,0.9939470818124694,-0.9739865463992396,-0.9939470818124694
1767003440.0471592,2344,combined_score,0.9939470818124694,0.9939470818124694,0.9939470818124694,0.0
1767003482.9325173,2346,combined_score,0.9790359028306962,0.9939470818124694,-0.014911178981773188,-0.014911178981773188
1767003488.6408267,2345,combined_score,0.9854604581833865,0.9939470818124694,0.006424555352690264,-0.008486623629082923
1767003527.2193449,2347,combined_score,0.9846963856510296,0.9939470818124694,-0.0007640725323568853,-0.009250696161439809
1767003611.6849744,2348,combined_score,0.9621774236969578,0.9939470818124694,-0.02251896195407177,-0.03176965811551158
1767003665.75146,2350,combined_score,0.9263115790152566,0.9939470818124694,-0.035865844681701176,-0.06763550279721275
1767003701.1761518,2351,combined_score,0.0,0.9939470818124694,-0.9263115790152566,-0.9939470818124694
1767003701.5878284,2349,combined_score,0.9802220968996895,0.9939470818124694,0.9802220968996895,-0.013724984912779847
1767003710.6920722,2352,combined_score,0.0,0.9939470818124694,-0.9802220968996895,-0.9939470818124694
1767003844.3068492,2355,combined_score,0.0,0.9939470818124694,0.0,-0.9939470818124694
1767003895.3327775,2353,combined_score,0.974410351280326,0.9939470818124694,0.974410351280326,-0.01953673053214333
1767003906.446538,2354,combined_score,0.980808939008583,0.9939470818124694,0.006398587728256966,-0.013138142803886366
1767003934.6765158,2356,combined_score,0.9725698949639681,0.9939470818124694,-0.008239044044614952,-0.021377186848501317
1767004025.8464596,2357,combined_score,0.9829465404305907,0.9939470818124694,0.010376645466622647,-0.01100054138187867
1767004028.8498724,2358,combined_score,0.9345344839686579,0.9939470818124694,-0.048412056461932806,-0.05941259784381148
1767004053.4340768,2360,combined_score,0.0,0.9939470818124694,-0.9345344839686579,-0.9939470818124694
1767004092.5141907,2359,combined_score,0.906165605795185,0.9939470818124694,0.906165605795185,-0.08778147601728437
1767004159.0456674,2363,combined_score,0.0,0.9939470818124694,-0.906165605795185,-0.9939470818124694
1767004230.3798094,2362,combined_score,0.9885085438185038,0.9939470818124694,0.9885085438185038,-0.005438537993965542
1767004271.482299,2364,combined_score,0.9603483748979582,0.9939470818124694,-0.028160168920545625,-0.03359870691451117
1767004276.8470495,2361,combined_score,0.9775272864694594,0.9939470818124694,0.0171789115715012,-0.01641979534300997
1767004371.9145918,2365,combined_score,0.9836149738490553,0.9939470818124694,0.006087687379595863,-0.010332107963414106
1767004434.464527,2366,combined_score,0.0,0.9939470818124694,-0.9836149738490553,-0.9939470818124694
1767004467.6777005,2367,combined_score,0.9737114463634555,0.9939470818124694,0.9737114463634555,-0.020235635449013856
1767004471.2234082,2368,combined_score,0.9225651216845646,0.9939470818124694,-0.05114632467889091,-0.07138196012790476
1767004570.4429712,2369,combined_score,0.9692731972241211,0.9939470818124694,0.04670807553955647,-0.024673884588348294
1767004609.3387444,2370,combined_score,0.9815721081922052,0.9939470818124694,0.012298910968084109,-0.012374973620264185
1767004658.789199,2371,combined_score,0.9838385771394784,0.9939470818124694,0.002266468947273226,-0.010108504672990959
1767004675.574778,2372,combined_score,0.9883747811806983,0.9939470818124694,0.0045362040412199045,-0.005572300631771054
1767004680.7197878,2374,combined_score,0.0,0.9939470818124694,-0.9883747811806983,-0.9939470818124694
1767004745.5821185,2376,combined_score,0.0,0.9939470818124694,0.0,-0.9939470818124694
1767004798.1114688,2373,combined_score,0.9786932335031543,0.9939470818124694,0.9786932335031543,-0.015253848309315088
1767004870.7441342,2377,combined_score,0.9800548572004042,0.9939470818124694,0.001361623697249903,-0.013892224612065185
1767004895.6200712,2375,combined_score,0.0,0.9939470818124694,-0.9800548572004042,-0.9939470818124694
1767004922.871198,2378,combined_score,0.985058856284568,0.9939470818124694,0.985058856284568,-0.008888225527901361
1767005029.7314227,2379,combined_score,0.9837037622624986,0.9939470818124694,-0.0013550940220694585,-0.01024331954997082
1767005048.3968077,2381,combined_score,0.0,0.9939470818124694,-0.9837037622624986,-0.9939470818124694
1767005097.5803506,2383,combined_score,0.9193803136769666,0.9939470818124694,0.9193803136769666,-0.07456676813550278
1767005133.2328808,2382,combined_score,0.9717893255146791,0.9939470818124694,0.052409011837712516,-0.022157756297790265
1767005136.4708457,2380,combined_score,0.9856490889622977,0.9939470818124694,0.013859763447618634,-0.008297992850171632
1767005254.4598417,2385,combined_score,0.0,0.9939470818124694,-0.9856490889622977,-0.9939470818124694
1767005287.6923573,2384,combined_score,0.9579500017014818,0.9939470818124694,0.9579500017014818,-0.03599708011098757
1767005313.3388898,2386,combined_score,0.9697587680231438,0.9939470818124694,0.011808766321661945,-0.02418831378932562
1767005332.6520677,2387,combined_score,0.0,0.9939470818124694,-0.9697587680231438,-0.9939470818124694
1767005473.6682935,2388,combined_score,0.9755567261039849,0.9939470818124694,0.9755567261039849,-0.018390355708484463
1767005482.8087451,2391,combined_score,0.0,0.9939470818124694,-0.9755567261039849,-0.9939470818124694
1767005531.5909915,2390,combined_score,0.0,0.9939470818124694,0.0,-0.9939470818124694
1767005541.158734,2393,combined_score,0.8952149372404602,0.9939470818124694,0.8952149372404602,-0.09873214457200918
1767005564.5508611,2392,combined_score,0.9911816768982448,0.9939470818124694,0.09596673965778457,-0.0027654049142246118
1767005711.025342,2394,combined_score,0.9750502140004004,0.9939470818124694,-0.016131462897844395,-0.018896867812069007
1767005720.1533134,2395,combined_score,0.974747093386232,0.9939470818124694,-0.0003031206141683729,-0.01919998842623738
1767005728.6313336,2397,combined_score,0.9666713717913796,0.9939470818124694,-0.00807572159485237,-0.02727571002108975
1767005865.005327,2398,combined_score,0.0,0.9939470818124694,-0.9666713717913796,-0.9939470818124694
1767005874.069107,2399,combined_score,0.0,0.9939470818124694,0.0,-0.9939470818124694
1767005907.09705,2400,combined_score,0.9865147525846027,0.9939470818124694,0.9865147525846027,-0.00743232922786663
1767005954.6307225,2402,combined_score,0.0,0.9939470818124694,-0.9865147525846027,-0.9939470818124694
1767005964.966274,2396,combined_score,0.0,0.9939470818124694,0.0,-0.9939470818124694
1767006075.6695452,2404,combined_score,0.9266433712333121,0.9939470818124694,0.9266433712333121,-0.0673037105791573
1767006079.8910959,2401,combined_score,0.9818062301167897,0.9939470818124694,0.055162858883477606,-0.012140851695679689
1767006177.1793325,2405,combined_score,0.9803120254965406,0.9939470818124694,-0.0014942046202490733,-0.013635056315928762
1767006189.091514,2406,combined_score,0.9798136976929116,0.9939470818124694,-0.0004983278036290173,-0.01413338411955778
1767006248.1438923,2408,combined_score,0.9391253825625231,0.9939470818124694,-0.04068831513038851,-0.05482169924994629
1767006252.659245,2407,combined_score,0.9730079435687587,0.9939470818124694,0.033882561006235656,-0.02093913824371063
1767006315.8104897,2409,combined_score,0.9107034989591606,0.9939470818124694,-0.062304444609598164,-0.0832435828533088
1767006400.6208622,2412,combined_score,0.9651866287077281,0.9939470818124694,0.054483129748567505,-0.02876045310474129
1767006413.5406861,2411,combined_score,0.0,0.9939470818124694,-0.9651866287077281,-0.9939470818124694
1767006415.8071294,2410,combined_score,0.0,0.9939470818124694,0.0,-0.9939470818124694
1767006586.2324202,2416,combined_score,0.0,0.9939470818124694,0.0,-0.9939470818124694
1767006613.5010378,2414,combined_score,0.976220154332152,0.9939470818124694,0.976220154332152,-0.017726927480317345
1767006615.5213373,2415,combined_score,0.9765147678026205,0.9939470818124694,0.0002946134704684411,-0.017432314009848904
1767006763.5940175,2413,combined_score,0.0,0.9939470818124694,-0.9765147678026205,-0.9939470818124694
1767006768.7878785,2417,combined_score,0.9653007950729142,0.9939470818124694,0.9653007950729142,-0.02864628673955516
1767006823.5005903,2418,combined_score,0.9848208501715424,0.9939470818124694,0.019520055098628197,-0.009126231640926963
1767006931.9047918,2422,combined_score,0.9166833437850848,0.9939470818124694,-0.06813750638645766,-0.07726373802738462
1767006935.6877277,2420,combined_score,0.9790641723334087,0.9939470818124694,0.06238082854832394,-0.01488290947906068
1767007053.7811127,2419,combined_score,0.0,0.9939470818124694,-0.9790641723334087,-0.9939470818124694
1767007090.0236664,2423,combined_score,0.0,0.9939470818124694,0.0,-0.9939470818124694
1767007148.896153,2424,combined_score,0.9797331028857116,0.9939470818124694,0.9797331028857116,-0.014213978926757798
1767007230.3182914,2426,combined_score,0.9362168417932966,0.9939470818124694,-0.04351626109241502,-0.05773024001917282
1767007252.0349216,2425,combined_score,0.0,0.9939470818124694,-0.9362168417932966,-0.9939470818124694
1767007293.063193,2421,combined_score,0.9576212434304068,0.9939470818124694,0.9576212434304068,-0.0363258383820626
1767007358.1996272,2427,combined_score,0.983914853726953,0.9939470818124694,0.0262936102965462,-0.010032228085516404
1767007375.455243,2430,combined_score,0.8776508382226562,0.9939470818124694,-0.10626401550429676,-0.11629624358981316
1767007405.3471458,2428,combined_score,0.9841638267482457,0.9939470818124694,0.10651298852558944,-0.009783255064223728
1767007586.8862228,2432,combined_score,0.9791186200988269,0.9939470818124694,-0.005045206649418765,-0.014828461713642493
1767007606.7995572,2431,combined_score,0.9688455443602478,0.9939470818124694,-0.010273075738579052,-0.025101537452221545
1767007704.0698128,2429,combined_score,0.0,0.9939470818124694,-0.9688455443602478,-0.9939470818124694
1767007763.9613013,2436,combined_score,0.0,0.9939470818124694,0.0,-0.9939470818124694
1767007828.0686011,2433,combined_score,0.0,0.9939470818124694,0.0,-0.9939470818124694
1767007828.7547107,2434,combined_score,0.0,0.9939470818124694,0.0,-0.9939470818124694
1767007829.2358015,2435,combined_score,0.0,0.9939470818124694,0.0,-0.9939470818124694
1767007882.3011239,2437,combined_score,0.0,0.9939470818124694,0.0,-0.9939470818124694
1767008029.9937205,2438,combined_score,0.9755964925894284,0.9939470818124694,0.9755964925894284,-0.018350589223041003
1767008040.0070682,2440,combined_score,0.9923917123670946,0.9939470818124694,0.01679521977766618,-0.0015553694453748212
1767008046.5378194,2439,combined_score,0.9822711104679633,0.9939470818124694,-0.01012060189913122,-0.011675971344506042
1767008081.1433675,2441,combined_score,0.9688507951143709,0.9939470818124694,-0.013420315353592449,-0.02509628669809849
1767008119.8876243,2445,combined_score,0.0,0.9939470818124694,-0.9688507951143709,-0.9939470818124694
1767008167.4347017,2442,combined_score,0.8820049718711873,0.9939470818124694,0.8820049718711873,-0.11194210994128206
1767008217.5504334,2443,combined_score,0.9644552531777164,0.9939470818124694,0.0824502813065291,-0.02949182863475297
1767008267.7941709,2444,combined_score,0.9724901041834806,0.9939470818124694,0.008034851005764176,-0.021456977628988794
1767008279.8021145,2446,combined_score,0.0,0.9939470818124694,-0.9724901041834806,-0.9939470818124694
1767008289.463881,2447,combined_score,0.9799477346505853,0.9939470818124694,0.9799477346505853,-0.013999347161884113
1767008333.4688067,2448,combined_score,0.9324196396405634,0.9939470818124694,-0.047528095010021865,-0.06152744217190598
1767008389.4684865,2452,combined_score,0.0,0.9939470818124694,-0.9324196396405634,-0.9939470818124694
1767008427.8374019,2451,combined_score,0.0,0.9939470818124694,0.0,-0.9939470818124694
1767008464.0841656,2450,combined_score,0.9644041868134493,0.9939470818124694,0.9644041868134493,-0.029542894999020075
1767008464.439665,2449,combined_score,0.9766682713104232,0.9939470818124694,0.012264084496973915,-0.01727881050204616
1767008630.9683928,2454,combined_score,0.9676042952317444,0.9939470818124694,-0.009063976078678815,-0.026342786580724975
1767008663.9104345,2455,combined_score,0.9786091635327779,0.9939470818124694,0.011004868301033532,-0.015337918279691443
1767008669.6759286,2456,combined_score,0.0,0.9939470818124694,-0.9786091635327779,-0.9939470818124694
1767008686.018303,2457,combined_score,0.980820804542377,0.9939470818124694,0.980820804542377,-0.013126277270092412
1767008812.2579195,2459,combined_score,0.0,0.9939470818124694,-0.980820804542377,-0.9939470818124694
1767008830.598593,2460,combined_score,0.9782371259558136,0.9939470818124694,0.9782371259558136,-0.0157099558566558
1767008847.6264036,2458,combined_score,0.974349817762997,0.9939470818124694,-0.0038873081928165742,-0.019597264049472374
1767008875.4245374,2462,combined_score,0.0,0.9939470818124694,-0.974349817762997,-0.9939470818124694
1767008899.3726149,2461,combined_score,0.0,0.9939470818124694,0.0,-0.9939470818124694
1767009025.6919081,2463,combined_score,0.9770975817802393,0.9939470818124694,0.9770975817802393,-0.01684950003223007
1767009039.3998883,2464,combined_score,0.0,0.9939470818124694,-0.9770975817802393,-0.9939470818124694
1767009054.0374992,2466,combined_score,0.0,0.9939470818124694,0.0,-0.9939470818124694
1767009111.1236894,2465,combined_score,0.9715152831308216,0.9939470818124694,0.9715152831308216,-0.022431798681647797
1767009245.9706314,2469,combined_score,0.9726764670378104,0.9939470818124694,0.0011611839069888275,-0.02127061477465897
1767009291.212895,2468,combined_score,0.9874145168538402,0.9939470818124694,0.014738049816029775,-0.0065325649586291945
1767009329.4770422,2470,combined_score,0.9217461248682126,0.9939470818124694,-0.06566839198562757,-0.07220095694425677
1767009458.5848992,2472,combined_score,0.9712861561363988,0.9939470818124694,0.04954003126818618,-0.022660925676070587
1767009466.230446,2474,combined_score,0.9605533781876271,0.9939470818124694,-0.010732777948771699,-0.033393703624842286
1767009481.8395817,2473,combined_score,0.9700636887065046,0.9939470818124694,0.009510310518877518,-0.023883393105964767
1767009559.6816173,2471,combined_score,0.0,0.9939470818124694,-0.9700636887065046,-0.9939470818124694
1767009647.435887,2475,combined_score,0.0,0.9939470818124694,0.0,-0.9939470818124694
1767009674.6707394,2477,combined_score,0.9753629344694077,0.9939470818124694,0.9753629344694077,-0.018584147343061685
1767009674.8869069,2476,combined_score,0.9752342383480057,0.9939470818124694,-0.00012869612140198328,-0.01871284346446367
1767009728.745074,2478,combined_score,0.0,0.9939470818124694,-0.9752342383480057,-0.9939470818124694
1767009881.419896,2482,combined_score,0.9842866359668072,0.9939470818124694,0.9842866359668072,-0.009660445845662169
1767009954.7133396,2480,combined_score,0.9809879149699138,0.9939470818124694,-0.003298720996893434,-0.012959166842555603
1767010098.318433,2479,combined_score,0.0,0.9939470818124694,-0.9809879149699138,-0.9939470818124694
1767010104.7525845,2483,combined_score,0.9912622889861255,0.9939470818124694,0.9912622889861255,-0.002684792826343929
1767010107.6847734,2481,combined_score,0.0,0.9939470818124694,-0.9912622889861255,-0.9939470818124694
1767010176.7105823,2484,combined_score,0.9689349488923904,0.9939470818124694,0.9689349488923904,-0.025012132920078978
1767010269.5840404,2485,combined_score,0.966720436117059,0.9939470818124694,-0.0022145127753313565,-0.027226645695410334
1767010286.6677005,2486,combined_score,0.9753932900274601,0.9939470818124694,0.008672853910401068,-0.018553791785009266
1767010304.8701482,2487,combined_score,0.9783573710290806,0.9939470818124694,0.002964081001620489,-0.015589710783388777
1767010341.5264876,2489,combined_score,0.0,0.9939470818124694,-0.9783573710290806,-0.9939470818124694
1767010393.7966142,2488,combined_score,0.9889663424575535,0.9939470818124694,0.9889663424575535,-0.004980739354915831
1767010464.8438485,2491,combined_score,0.0,0.9939470818124694,-0.9889663424575535,-0.9939470818124694
1767010487.6587892,2490,combined_score,0.9693078173358548,0.9939470818124694,0.9693078173358548,-0.024639264476614575
1767010552.67856,2492,combined_score,0.9804048237315999,0.9939470818124694,0.011097006395745068,-0.013542258080869507
1767010595.1876788,2493,combined_score,0.9773430140612143,0.9939470818124694,-0.003061809670385607,-0.016604067751255114
1767010652.269692,2494,combined_score,0.9722939083336716,0.9939470818124694,-0.005049105727542691,-0.021653173478797805
1767010744.5294642,2498,combined_score,0.0,0.9939470818124694,-0.9722939083336716,-0.9939470818124694
1767010746.057225,2496,combined_score,0.9546362582237746,0.9939470818124694,0.9546362582237746,-0.039310823588694754
1767010752.871072,2495,combined_score,0.0,0.9939470818124694,-0.9546362582237746,-0.9939470818124694
1767010815.1420546,2497,combined_score,0.986973109965483,0.9939470818124694,0.986973109965483,-0.006973971846986338
1767010818.266689,2501,combined_score,0.0,0.9939470818124694,-0.986973109965483,-0.9939470818124694
1767010851.6404445,2499,combined_score,0.9228127024347804,0.9939470818124694,0.9228127024347804,-0.07113437937768896
1767010955.4077084,2500,combined_score,0.9800587062164997,0.9939470818124694,0.05724600378171929,-0.01388837559596967
1767011025.0784233,2503,combined_score,0.9713226116038184,0.9939470818124694,-0.008736094612681322,-0.022624470208650993
1767011054.5323668,2502,combined_score,0.9775199766172068,0.9939470818124694,0.006197365013388412,-0.01642710519526258
1767011138.663122,2504,combined_score,0.9897340960429573,0.9939470818124694,0.012214119425750458,-0.004212985769512123
1767011196.2051985,2505,combined_score,0.9664965905669842,0.9939470818124694,-0.02323750547597303,-0.027450491245485154
1767011203.8592544,2508,combined_score,0.7429012245531652,0.9939470818124694,-0.22359536601381902,-0.2510458572593042
1767011330.9307706,2506,combined_score,0.0,0.9939470818124694,-0.7429012245531652,-0.9939470818124694
1767011368.5504,2509,combined_score,0.9851635400334274,0.9939470818124694,0.9851635400334274,-0.008783541779041948
1767011496.681641,2507,combined_score,0.0,0.9939470818124694,-0.9851635400334274,-0.9939470818124694
1767011543.6222057,2511,combined_score,0.9785000820890037,0.9939470818124694,0.9785000820890037,-0.015446999723465638
1767011588.9247274,2513,combined_score,0.9078030283229042,0.9939470818124694,-0.07069705376609958,-0.08614405348956522
1767011598.8533385,2514,combined_score,0.0,0.9939470818124694,-0.9078030283229042,-0.9939470818124694
1767011640.0003853,2510,combined_score,0.0,0.9939470818124694,0.0,-0.9939470818124694
1767011669.1914523,2512,combined_score,0.0,0.9939470818124694,0.0,-0.9939470818124694
1767011674.6140368,2515,combined_score,0.8997149208000308,0.9939470818124694,0.8997149208000308,-0.09423216101243859
1767011753.582905,2519,combined_score,0.0,0.9939470818124694,-0.8997149208000308,-0.9939470818124694
1767011807.169365,2517,combined_score,0.9735914336450127,0.9939470818124694,0.9735914336450127,-0.02035564816745672
1767011809.0189102,2516,combined_score,0.979315994439934,0.9939470818124694,0.005724560794921341,-0.014631087372535378
1767011850.1943595,2521,combined_score,0.8319694491972044,0.9939470818124694,-0.1473465452427296,-0.161977632615265
1767011869.6528347,2518,combined_score,0.0,0.9939470818124694,-0.8319694491972044,-0.9939470818124694
1767011945.3140695,2520,combined_score,0.9128355542964219,0.9939470818124694,0.9128355542964219,-0.08111152751604744
1767012009.091363,2524,combined_score,0.9376256034990837,0.9939470818124694,0.024790049202661812,-0.05632147831338563
1767012014.6676676,2522,combined_score,0.9864745383011142,0.9939470818124694,0.04884893480203045,-0.007472543511355179
1767012028.8684983,2523,combined_score,0.9708566671523793,0.9939470818124694,-0.015617871148734919,-0.023090414660090097
1767012133.3972309,2525,combined_score,0.9667312999990605,0.9939470818124694,-0.004125367153318793,-0.02721578181340889
1767012228.5052278,2529,combined_score,0.972429251717082,0.9939470818124694,0.0056979517180215655,-0.021517830095387325
1767012252.239421,2528,combined_score,0.9749487757312085,0.9939470818124694,0.002519524014126473,-0.018998306081260852
1767012395.4030707,2527,combined_score,0.0,0.9939470818124694,-0.9749487757312085,-0.9939470818124694
1767012404.2893012,2532,combined_score,0.0,0.9939470818124694,0.0,-0.9939470818124694
1767012408.0388606,2531,combined_score,0.9793713037851469,0.9939470818124694,0.9793713037851469,-0.014575778027322461
1767012491.2412558,2534,combined_score,0.0,0.9939470818124694,-0.9793713037851469,-0.9939470818124694
1767012594.1641893,2530,combined_score,0.0,0.9939470818124694,0.0,-0.9939470818124694
1767012624.9591064,2535,combined_score,0.9862520982389426,0.9939470818124694,0.9862520982389426,-0.007694983573526826
1767012630.6607656,2533,combined_score,0.9829396467686121,0.9939470818124694,-0.0033124514703304353,-0.011007435043857261
1767012728.9682202,2536,combined_score,0.9651051114453676,0.9939470818124694,-0.017834535323244527,-0.028841970367101788
1767012772.050994,2537,combined_score,0.0,0.9939470818124694,-0.9651051114453676,-0.9939470818124694
1767012778.2667933,2539,combined_score,0.9702836424177472,0.9939470818124694,0.9702836424177472,-0.023663439394722152
1767012868.118912,2538,combined_score,0.9725111950612724,0.9939470818124694,0.0022275526435251436,-0.02143588675119701
1767012897.7833045,2540,combined_score,0.0,0.9939470818124694,-0.9725111950612724,-0.9939470818124694
1767012935.336438,2542,combined_score,0.9826798004351293,0.9939470818124694,0.9826798004351293,-0.011267281377340121
1767012951.3855803,2541,combined_score,0.0,0.9939470818124694,-0.9826798004351293,-0.9939470818124694
1767013089.7498937,2544,combined_score,0.9765194207029579,0.9939470818124694,0.9765194207029579,-0.01742766110951144
1767013124.0254278,2543,combined_score,0.0,0.9939470818124694,-0.9765194207029579,-0.9939470818124694
1767013142.9090476,2546,combined_score,0.0,0.9939470818124694,0.0,-0.9939470818124694
1767013164.9434023,2545,combined_score,0.9810886189795059,0.9939470818124694,0.9810886189795059,-0.012858462832963435
1767013209.6990786,2549,combined_score,0.0,0.9939470818124694,-0.9810886189795059,-0.9939470818124694
1767013285.9036736,2547,combined_score,0.0,0.9939470818124694,0.0,-0.9939470818124694
1767013364.8647552,2548,combined_score,0.9895751692567306,0.9939470818124694,0.9895751692567306,-0.004371912555738766
1767013379.2244282,2551,combined_score,0.976610485294537,0.9939470818124694,-0.012964683962193635,-0.0173365965179324
1767013405.6489792,2550,combined_score,0.0,0.9939470818124694,-0.976610485294537,-0.9939470818124694
1767013428.5969183,2552,combined_score,0.9595219225280455,0.9939470818124694,0.9595219225280455,-0.03442515928442391
1767013556.6730232,2555,combined_score,0.0,0.9939470818124694,-0.9595219225280455,-0.9939470818124694
1767013567.7534196,2553,combined_score,0.9711093706316128,0.9939470818124694,0.9711093706316128,-0.022837711180856535
1767013612.8644605,2556,combined_score,0.9648108160640135,0.9939470818124694,-0.006298554567599313,-0.029136265748455847
1767013651.1587236,2558,combined_score,0.0,0.9939470818124694,-0.9648108160640135,-0.9939470818124694
1767013666.329264,2554,combined_score,0.9604737575040732,0.9939470818124694,0.9604737575040732,-0.033473324308396224
1767013713.945834,2557,combined_score,0.9724220186128945,0.9939470818124694,0.011948261108821301,-0.021525063199574923
1767013731.0012138,2559,combined_score,0.9247464027175399,0.9939470818124694,-0.04767561589535452,-0.06920067909492944
1767013857.2227576,2561,combined_score,0.0,0.9939470818124694,-0.9247464027175399,-0.9939470818124694
1767013866.9895976,2560,combined_score,0.9407970387642708,0.9939470818124694,0.9407970387642708,-0.05315004304819859
1767013931.2431786,2562,combined_score,0.9768051400814851,0.9939470818124694,0.036008101317214325,-0.017141941730984267
1767013945.6075082,2563,combined_score,0.9689965658516806,0.9939470818124694,-0.007808574229804521,-0.02495051596078879
1767013967.6155365,2566,combined_score,0.0,0.9939470818124694,-0.9689965658516806,-0.9939470818124694
1767014064.552614,2565,combined_score,0.9802276828574729,0.9939470818124694,0.9802276828574729,-0.01371939895499652
1767014076.1675074,2564,combined_score,0.9807196507840483,0.9939470818124694,0.0004919679265754651,-0.013227431028421055
1767014162.3453312,2567,combined_score,0.9877580707857792,0.9939470818124694,0.007038420001730827,-0.006189011026690228
1767014224.475681,2570,combined_score,0.0,0.9939470818124694,-0.9877580707857792,-0.9939470818124694
1767014226.1743813,2568,combined_score,0.979080839362107,0.9939470818124694,0.979080839362107,-0.014866242450362388
1767014287.9117587,2569,combined_score,0.9771580636855937,0.9939470818124694,-0.001922775676513333,-0.01678901812687572
1767014381.471721,2573,combined_score,0.0,0.9939470818124694,-0.9771580636855937,-0.9939470818124694
1767014423.4927058,2574,combined_score,0.9559887733793796,0.9939470818124694,0.9559887733793796,-0.03795830843308978
1767014454.893548,2571,combined_score,0.0,0.9939470818124694,-0.9559887733793796,-0.9939470818124694
1767014549.3718817,2575,combined_score,0.9350388951144109,0.9939470818124694,0.9350388951144109,-0.05890818669805853
1767014631.8547416,2576,combined_score,0.961034959392973,0.9939470818124694,0.02599606427856216,-0.03291212241949637
1767014657.4434817,2572,combined_score,0.0,0.9939470818124694,-0.961034959392973,-0.9939470818124694
1767014680.9213965,2577,combined_score,0.9865384143804482,0.9939470818124694,0.9865384143804482,-0.0074086674320211765
1767014751.1932173,2578,combined_score,0.9772822885143736,0.9939470818124694,-0.009256125866074605,-0.01666479329809578
1767014831.6663048,2579,combined_score,0.9746379469199199,0.9939470818124694,-0.002644341594453703,-0.019309134892549484
1767014881.7372987,2581,combined_score,0.9805095907109644,0.9939470818124694,0.005871643791044545,-0.01343749110150494
1767014883.9621556,2580,combined_score,0.9702616438409751,0.9939470818124694,-0.01024794686998931,-0.02368543797149425
1767014915.4851825,2582,combined_score,0.0,0.9939470818124694,-0.9702616438409751,-0.9939470818124694
1767015035.6185992,2584,combined_score,0.9841435347571471,0.9939470818124694,0.9841435347571471,-0.00980354705532227
1767015071.1747944,2585,combined_score,0.0,0.9939470818124694,-0.9841435347571471,-0.9939470818124694
1767015087.8811321,2586,combined_score,0.0,0.9939470818124694,0.0,-0.9939470818124694
1767015153.5520282,2583,combined_score,0.0,0.9939470818124694,0.0,-0.9939470818124694
1767015258.1488473,2589,combined_score,0.0,0.9939470818124694,0.0,-0.9939470818124694
1767015261.079196,2587,combined_score,0.9852266744123148,0.9939470818124694,0.9852266744123148,-0.008720407400154562
1767015282.446467,2588,combined_score,0.9855387030167427,0.9939470818124694,0.00031202860442791636,-0.008408378795726645
1767015345.605789,2592,combined_score,0.0,0.9939470818124694,-0.9855387030167427,-0.9939470818124694
1767015363.257376,2590,combined_score,0.9711347392922252,0.9939470818124694,0.9711347392922252,-0.022812342520244222
1767015424.801794,2593,combined_score,0.9622410883099499,0.9939470818124694,-0.008893650982275236,-0.03170599350251946
1767015575.0967765,2594,combined_score,0.9821763707731316,0.9939470818124694,0.01993528246318166,-0.0117707110393378
1767015596.7368608,2595,combined_score,0.9867621869399735,0.9939470818124694,0.0045858161668419495,-0.007184894872495851
1767015656.5891047,2596,combined_score,0.983003407811631,0.9939470818124694,-0.0037587791283425487,-0.0109436740008384
1767015697.2682178,2591,combined_score,0.0,0.9939470818124694,-0.983003407811631,-0.9939470818124694
1767015733.6305285,2597,combined_score,0.9814098421090278,0.9939470818124694,0.9814098421090278,-0.01253723970344156
1767015764.4367712,2598,combined_score,0.0,0.9939470818124694,-0.9814098421090278,-0.9939470818124694
1767015765.3479977,2600,combined_score,0.0,0.9939470818124694,0.0,-0.9939470818124694
1767015882.7856686,2599,combined_score,0.9762973672685806,0.9939470818124694,0.9762973672685806,-0.01764971454388875
1767015905.8589907,2602,combined_score,0.9802573182740828,0.9939470818124694,0.003959951005502171,-0.013689763538386579
1767015998.593073,2603,combined_score,0.9725867254224689,0.9939470818124694,-0.007670592851613867,-0.021360356390000446
1767016022.727926,2604,combined_score,0.9751109996251232,0.9939470818124694,0.0025242742026542198,-0.018836082187346226
1767016134.586511,2605,combined_score,0.9793907231659743,0.9939470818124694,0.004279723540851155,-0.014556358646495071
1767016177.9643044,2601,combined_score,0.0,0.9939470818124694,-0.9793907231659743,-0.9939470818124694
1767016237.7397642,2607,combined_score,0.0,0.9939470818124694,0.0,-0.9939470818124694
1767016290.862702,2608,combined_score,0.0,0.9939470818124694,0.0,-0.9939470818124694
1767016309.2846534,2606,combined_score,0.0,0.9939470818124694,0.0,-0.9939470818124694
1767016457.6809819,2610,combined_score,0.9829005477615858,0.9939470818124694,0.9829005477615858,-0.011046534050883627
1767016476.2022777,2612,combined_score,0.0,0.9939470818124694,-0.9829005477615858,-0.9939470818124694
1767016512.1628904,2609,combined_score,0.0,0.9939470818124694,0.0,-0.9939470818124694
1767016532.6901288,2613,combined_score,0.0,0.9939470818124694,0.0,-0.9939470818124694
1767016697.0262544,2614,combined_score,0.978981389921739,0.9939470818124694,0.978981389921739,-0.014965691890730382
1767016709.923209,2615,combined_score,0.0,0.9939470818124694,-0.978981389921739,-0.9939470818124694
1767016710.702322,2617,combined_score,0.0,0.9939470818124694,0.0,-0.9939470818124694
1767016745.3212006,2616,combined_score,0.9732229962801624,0.9939470818124694,0.9732229962801624,-0.02072408553230698
1767016896.0617523,2618,combined_score,0.9725888253453163,0.9939470818124694,-0.0006341709348460789,-0.02135825646715306
1767016914.74034,2619,combined_score,0.957548106157444,0.9939470818124694,-0.015040719187872309,-0.03639897565502537
1767016933.1746347,2620,combined_score,0.9716683804922083,0.9939470818124694,0.01412027433476426,-0.022278701320261107
1767016975.6839302,2621,combined_score,0.986084086943174,0.9939470818124694,0.014415706450965682,-0.007862994869295425
1767017048.1504338,2624,combined_score,0.9244425242717142,0.9939470818124694,-0.061641562671459704,-0.06950455754075513
1767017109.646896,2622,combined_score,0.9753560910868478,0.9939470818124694,0.05091356681513359,-0.018590990725621537
1767017143.7131422,2625,combined_score,0.9667801360098287,0.9939470818124694,-0.008575955077019137,-0.027166945802640674
1767017163.2671578,2623,combined_score,0.0,0.9939470818124694,-0.9667801360098287,-0.9939470818124694
1767017218.9495547,2627,combined_score,0.9133992554149228,0.9939470818124694,0.9133992554149228,-0.08054782639754654
1767017283.6791923,2626,combined_score,0.9823685599225038,0.9939470818124694,0.06896930450758099,-0.011578521889965554
1767017348.9862401,2628,combined_score,0.9607124431467254,0.9939470818124694,-0.02165611677577839,-0.03323463866574394
1767017385.7045307,2629,combined_score,0.9707364102411477,0.9939470818124694,0.010023967094422215,-0.023210671571321728
1767017401.098104,2632,combined_score,0.0,0.9939470818124694,-0.9707364102411477,-0.9939470818124694
1767017473.8054252,2631,combined_score,0.9654978866124438,0.9939470818124694,0.9654978866124438,-0.028449195200025534
1767017593.740848,2636,combined_score,0.0,0.9939470818124694,-0.9654978866124438,-0.9939470818124694
1767017614.651559,2633,combined_score,0.9774615334539764,0.9939470818124694,0.9774615334539764,-0.01648554835849303
1767017619.6238146,2634,combined_score,0.9769782051549987,0.9939470818124694,-0.00048332829897768104,-0.01696887665747071
1767017677.3758955,2630,combined_score,0.0,0.9939470818124694,-0.9769782051549987,-0.9939470818124694
1767017817.550889,2639,combined_score,0.0,0.9939470818124694,0.0,-0.9939470818124694
1767017823.2456453,2640,combined_score,0.0,0.9939470818124694,0.0,-0.9939470818124694
1767017830.1808736,2637,combined_score,0.9717790588759448,0.9939470818124694,0.9717790588759448,-0.022168022936524534
1767017845.2656689,2638,combined_score,0.0,0.9939470818124694,-0.9717790588759448,-0.9939470818124694
1767017990.2571938,2641,combined_score,0.973325898829183,0.9939470818124694,0.973325898829183,-0.020621182983286412
1767018023.445992,2642,combined_score,0.9750030202977373,0.9939470818124694,0.0016771214685543656,-0.018944061514732047
1767018046.64155,2644,combined_score,0.0,0.9939470818124694,-0.9750030202977373,-0.9939470818124694
1767018060.3118734,2643,combined_score,0.9908204774814943,0.9939470818124694,0.9908204774814943,-0.0031266043309751135
1767018108.444554,2647,combined_score,0.0,0.9939470818124694,-0.9908204774814943,-0.9939470818124694
1767018207.8705704,2646,combined_score,0.9873860520494878,0.9939470818124694,0.9873860520494878,-0.006561029762981563
1767018213.8537974,2645,combined_score,0.0,0.9939470818124694,-0.9873860520494878,-0.9939470818124694
1767018282.031731,2648,combined_score,0.9865883733277554,0.9939470818124694,0.9865883733277554,-0.007358708484713983
1767018291.454021,2649,combined_score,0.9791237537749937,0.9939470818124694,-0.0074646195527616754,-0.014823328037475658
1767018305.8719263,2651,combined_score,0.8778283814561109,0.9939470818124694,-0.10129537231888286,-0.11611870035635852
1767018441.4469981,2650,combined_score,0.9802982541868256,0.9939470818124694,0.10246987273071473,-0.013648827625643789
1767018498.8006074,2652,combined_score,0.9782644406596726,0.9939470818124694,-0.002033813527153039,-0.015682641152796828
1767018517.869376,2654,combined_score,0.9804902355812922,0.9939470818124694,0.0022257949216196726,-0.013456846231177155
1767018529.0993357,2653,combined_score,0.9861853751158169,0.9939470818124694,0.005695139534524718,-0.007761706696652437
1767018694.0956078,2657,combined_score,0.9843374117565497,0.9939470818124694,-0.0018479633592672906,-0.009609670055919728
1767018727.094155,2658,combined_score,0.976937049278833,0.9939470818124694,-0.007400362477716693,-0.01701003253363642
1767018880.6639678,2655,combined_score,0.0,0.9939470818124694,-0.976937049278833,-0.9939470818124694
1767018916.7715755,2659,combined_score,0.9705217865955178,0.9939470818124694,0.9705217865955178,-0.02342529521695158
1767018945.9746962,2656,combined_score,0.0,0.9939470818124694,-0.9705217865955178,-0.9939470818124694
1767018963.029223,2660,combined_score,0.984911288075547,0.9939470818124694,0.984911288075547,-0.009035793736922426
1767019024.4131162,2661,combined_score,0.0,0.9939470818124694,-0.984911288075547,-0.9939470818124694
1767019056.903613,2662,combined_score,0.0,0.9939470818124694,0.0,-0.9939470818124694
1767019156.0145273,2664,combined_score,0.0,0.9939470818124694,0.0,-0.9939470818124694
1767019164.6479092,2663,combined_score,0.9713414998483431,0.9939470818124694,0.9713414998483431,-0.02260558196412632
1767019230.4506323,2665,combined_score,0.9736666792708009,0.9939470818124694,0.0023251794224578015,-0.02028040254166852
1767019252.131278,2666,combined_score,0.9770717272972423,0.9939470818124694,0.0034050480264414817,-0.016875354515227037
1767019315.2902868,2668,combined_score,0.0,0.9939470818124694,-0.9770717272972423,-0.9939470818124694
1767019369.1694446,2667,combined_score,0.0,0.9939470818124694,0.0,-0.9939470818124694
1767019429.3021455,2669,combined_score,0.9747470980002023,0.9939470818124694,0.9747470980002023,-0.019199983812267063
1767019438.9402514,2670,combined_score,0.9730516503391925,0.9939470818124694,-0.001695447661009819,-0.020895431473276882
1767019495.7657685,2671,combined_score,0.0,0.9939470818124694,-0.9730516503391925,-0.9939470818124694
1767019508.7249222,2674,combined_score,0.0,0.9939470818124694,0.0,-0.9939470818124694
1767019548.3088207,2673,combined_score,0.0,0.9939470818124694,0.0,-0.9939470818124694
1767019597.5692618,2672,combined_score,0.9786875079043139,0.9939470818124694,0.9786875079043139,-0.015259573908155466
1767019704.7102826,2677,combined_score,0.0,0.9939470818124694,-0.9786875079043139,-0.9939470818124694
1767019737.4640217,2675,combined_score,0.0,0.9939470818124694,0.0,-0.9939470818124694
1767019802.700719,2680,combined_score,0.9048612984940116,0.9939470818124694,0.9048612984940116,-0.08908578331845773
1767019927.5107622,2679,combined_score,0.9685497569246242,0.9939470818124694,0.06368845843061255,-0.025397324887845185
1767019935.851049,2676,combined_score,0.0,0.9939470818124694,-0.9685497569246242,-0.9939470818124694
1767020026.178893,2678,combined_score,0.0,0.9939470818124694,0.0,-0.9939470818124694
1767020030.001129,2681,combined_score,0.9719509640543902,0.9939470818124694,0.9719509640543902,-0.021996117758079192
1767020117.0238738,2683,combined_score,0.0,0.9939470818124694,-0.9719509640543902,-0.9939470818124694
1767020152.3518922,2682,combined_score,0.9800317810338227,0.9939470818124694,0.9800317810338227,-0.013915300778646666
1767020238.457008,2684,combined_score,0.9843536940544529,0.9939470818124694,0.00432191302063023,-0.009593387758016436
1767020239.2316296,2685,combined_score,0.9824509508147649,0.9939470818124694,-0.0019027432396880872,-0.011496130997704523
1767020297.1355746,2686,combined_score,0.0,0.9939470818124694,-0.9824509508147649,-0.9939470818124694
1767020343.2916324,2689,combined_score,0.8921320282911206,0.9939470818124694,0.8921320282911206,-0.10181505352134879
1767020346.540233,2687,combined_score,0.9839816130351386,0.9939470818124694,0.09184958474401805,-0.009965468777330733
1767020423.9543695,2688,combined_score,0.9719447671704585,0.9939470818124694,-0.012036845864680124,-0.022002314642010856
1767020444.5190876,2692,combined_score,0.8900019027896771,0.9939470818124694,-0.08194286438078147,-0.10394517902279232
1767020462.9122887,2690,combined_score,0.945420958957615,0.9939470818124694,0.05541905616793796,-0.04852612285485436
1767020581.1602964,2693,combined_score,0.0,0.9939470818124694,-0.945420958957615,-0.9939470818124694
1767020603.5767956,2691,combined_score,0.9698215730681895,0.9939470818124694,0.9698215730681895,-0.024125508744279878
1767020662.9140477,2694,combined_score,0.9800036868399951,0.9939470818124694,0.010182113771805557,-0.013943394972474321
1767020688.0050735,2695,combined_score,0.976955842697373,0.9939470818124694,-0.003047844142622047,-0.016991239115096368
1767020746.6906853,2699,combined_score,0.7676956646361837,0.9939470818124694,-0.20926017806118935,-0.22625141717628572
1767020782.4985259,2698,combined_score,0.0,0.9939470818124694,-0.7676956646361837,-0.9939470818124694
1767020801.2457995,2697,combined_score,0.9648925963211421,0.9939470818124694,0.9648925963211421,-0.029054485491327275
1767020849.200592,2701,combined_score,0.0,0.9939470818124694,-0.9648925963211421,-0.9939470818124694
1767020956.259957,2696,combined_score,0.9881705396572428,0.9939470818124694,0.9881705396572428,-0.005776542155226605
1767020976.947022,2700,combined_score,0.980965690594398,0.9939470818124694,-0.007204849062844798,-0.012981391218071403
1767021014.3123698,2702,combined_score,0.9790514642638407,0.9939470818124694,-0.001914226330557267,-0.01489561754862867
1767021031.6606302,2704,combined_score,0.8134842774986938,0.9939470818124694,-0.16556718676514692,-0.1804628043137756
1767021075.644095,2703,combined_score,0.9808476629309679,0.9939470818124694,0.16736338543227414,-0.013099418881501457
1767021140.7476573,2706,combined_score,0.9367829616145198,0.9939470818124694,-0.04406470131644813,-0.057164120197949586
1767021177.990928,2707,combined_score,0.0,0.9939470818124694,-0.9367829616145198,-0.9939470818124694
1767021223.1430142,2705,combined_score,0.0,0.9939470818124694,0.0,-0.9939470818124694
1767021251.7529788,2708,combined_score,0.0,0.9939470818124694,0.0,-0.9939470818124694
1767021293.941649,2710,combined_score,0.9295477234577674,0.9939470818124694,0.9295477234577674,-0.06439935835470201
1767021329.1585908,2709,combined_score,0.0,0.9939470818124694,-0.9295477234577674,-0.9939470818124694
1767021471.7714572,2712,combined_score,0.9725498538612991,0.9939470818124694,0.9725498538612991,-0.021397227951170272
1767021506.5679698,2713,combined_score,0.9741466176393108,0.9939470818124694,0.0015967637780116561,-0.019800464173158616
1767021522.071611,2714,combined_score,0.0,0.9939470818124694,-0.9741466176393108,-0.9939470818124694
1767021637.772805,2715,combined_score,0.0,0.9939470818124694,0.0,-0.9939470818124694
1767021684.0290637,2711,combined_score,0.0,0.9939470818124694,0.0,-0.9939470818124694
1767021705.9425325,2716,combined_score,0.9882392753668195,0.9939470818124694,0.9882392753668195,-0.005707806445649832
1767021762.8994474,2717,combined_score,0.9763752788155028,0.9939470818124694,-0.011863996551316758,-0.01757180299696659
1767021835.1707153,2718,combined_score,0.973154337470024,0.9939470818124694,-0.0032209413454787894,-0.02079274434244538
1767021879.847087,2719,combined_score,0.0,0.9939470818124694,-0.973154337470024,-0.9939470818124694
1767021882.9030137,2720,combined_score,0.9791678079785532,0.9939470818124694,0.9791678079785532,-0.014779273833916196
1767021970.8782973,2721,combined_score,0.0,0.9939470818124694,-0.9791678079785532,-0.9939470818124694
1767021979.916447,2723,combined_score,0.9233215292275649,0.9939470818124694,0.9233215292275649,-0.07062555258490444
1767022041.927007,2722,combined_score,0.9663638100208811,0.9939470818124694,0.04304228079331618,-0.02758327179158826
1767022042.4203753,2724,combined_score,0.0,0.9939470818124694,-0.9663638100208811,-0.9939470818124694
1767022127.5447516,2726,combined_score,0.0,0.9939470818124694,0.0,-0.9939470818124694
1767022159.7849853,2725,combined_score,0.9688905198471618,0.9939470818124694,0.9688905198471618,-0.02505656196530759
1767022266.9843042,2728,combined_score,0.9794490529625981,0.9939470818124694,0.010558533115436308,-0.01449802884987128
1767022288.4739215,2729,combined_score,0.984026586999873,0.9939470818124694,0.0045775340372749,-0.009920494812596381
1767022306.6114247,2727,combined_score,0.9818704207754515,0.9939470818124694,-0.0021561662244214963,-0.012076661037017877
1767022352.9663072,2730,combined_score,0.9813891115186261,0.9939470818124694,-0.00048130925682543513,-0.012557970293843312
1767022400.0002623,2734,combined_score,0.0,0.9939470818124694,-0.9813891115186261,-0.9939470818124694
1767022401.1597714,2731,combined_score,0.0,0.9939470818124694,0.0,-0.9939470818124694
1767022502.016771,2732,combined_score,0.9746991604395489,0.9939470818124694,0.9746991604395489,-0.01924792137292053
1767022533.9007332,2733,combined_score,0.9807175343361441,0.9939470818124694,0.006018373896595208,-0.01322954747632532
1767022571.8145006,2735,combined_score,0.0,0.9939470818124694,-0.9807175343361441,-0.9939470818124694
1767022600.7741807,2736,combined_score,0.9830513522012654,0.9939470818124694,0.9830513522012654,-0.010895729611203997
1767022647.1269174,2737,combined_score,0.0,0.9939470818124694,-0.9830513522012654,-0.9939470818124694
1767022707.3159585,2738,combined_score,0.9699971785211875,0.9939470818124694,0.9699971785211875,-0.023949903291281882
1767022790.8552885,2739,combined_score,0.9852874085613962,0.9939470818124694,0.015290230040208685,-0.008659673251073197
1767022808.5076048,2740,combined_score,0.9755260945737034,0.9939470818124694,-0.009761313987692755,-0.01842098723876595
1767022855.8965058,2741,combined_score,0.9678100267034098,0.9939470818124694,-0.007716067870293664,-0.026137055109059615
1767022919.5981557,2742,combined_score,0.9871395476047797,0.9939470818124694,0.019329520901369968,-0.006807534207689647
1767022992.4574203,2745,combined_score,0.0,0.9939470818124694,-0.9871395476047797,-0.9939470818124694
1767023007.0913115,2743,combined_score,0.9833739571188321,0.9939470818124694,0.9833739571188321,-0.010573124693637248
1767023036.076349,2744,combined_score,0.9790194187216771,0.9939470818124694,-0.00435453839715505,-0.014927663090792298
1767023133.4111032,2746,combined_score,0.9809283431315655,0.9939470818124694,0.001908924409888435,-0.013018738680903863
1767023204.2411118,2748,combined_score,0.9836066851485104,0.9939470818124694,0.0026783420169448346,-0.010340396663959028
1767023211.9277635,2747,combined_score,0.9789536093783203,0.9939470818124694,-0.004653075770190029,-0.014993472434149058
1767023245.4974794,2749,combined_score,0.9814432750503811,0.9939470818124694,0.00248966567206077,-0.012503806762088288
1767023286.8026547,2752,combined_score,0.903322309747395,0.9939470818124694,-0.07812096530298607,-0.09062477206507435
1767023304.1661131,2751,combined_score,0.0,0.9939470818124694,-0.903322309747395,-0.9939470818124694
1767023341.4440336,2750,combined_score,0.0,0.9939470818124694,0.0,-0.9939470818124694
1767023455.5809133,2753,combined_score,0.9698519797424057,0.9939470818124694,0.9698519797424057,-0.024095102070063712
1767023484.2065754,2755,combined_score,0.9768146011977068,0.9939470818124694,0.006962621455301132,-0.01713248061476258
1767023553.0308926,2756,combined_score,0.0,0.9939470818124694,-0.9768146011977068,-0.9939470818124694
1767023566.0145438,2754,combined_score,0.0,0.9939470818124694,0.0,-0.9939470818124694
1767023703.8371966,2757,combined_score,0.9765689618090376,0.9939470818124694,0.9765689618090376,-0.017378120003431752
1767023711.31699,2759,combined_score,0.9846257276280761,0.9939470818124694,0.00805676581903847,-0.009321354184393282
1767023733.4568865,2758,combined_score,0.988801950688115,0.9939470818124694,0.004176223060038953,-0.00514513112435433
1767023772.6955018,2760,combined_score,0.9759659615252,0.9939470818124694,-0.012835989162915062,-0.017981120287269392
1767023898.1748347,2762,combined_score,0.9705355954050432,0.9939470818124694,-0.005430366120156793,-0.023411486407426185
1767023908.8286479,2763,combined_score,0.986014398635431,0.9939470818124694,0.015478803230387861,-0.007932683177038324
1767023953.0062325,2761,combined_score,0.931069119675917,0.9939470818124694,-0.054945278959514066,-0.06287796213655239
1767024052.9329062,2764,combined_score,0.9883117201533991,0.9939470818124694,0.057242600477482086,-0.005635361659070304
1767024132.0740771,2766,combined_score,0.0,0.9939470818124694,-0.9883117201533991,-0.9939470818124694
1767024151.0082858,2767,combined_score,0.9778779656538593,0.9939470818124694,0.9778779656538593,-0.016069116158610064
1767024273.5318768,2768,combined_score,0.9732071955460759,0.9939470818124694,-0.004670770107783384,-0.020739886266393448
1767024331.0368025,2765,combined_score,0.0,0.9939470818124694,-0.9732071955460759,-0.9939470818124694
1767024335.410363,2771,combined_score,0.0,0.9939470818124694,0.0,-0.9939470818124694
1767024368.2038896,2770,combined_score,0.9799612018715727,0.9939470818124694,0.9799612018715727,-0.013985879940896728
1767024400.147027,2772,combined_score,0.9259168425429527,0.9939470818124694,-0.05404435932861995,-0.06803023926951668
1767024537.4556623,2774,combined_score,0.0,0.9939470818124694,-0.9259168425429527,-0.9939470818124694
1767024547.1412735,2776,combined_score,0.9093105630289915,0.9939470818124694,0.9093105630289915,-0.08463651878347789
1767024598.5415192,2775,combined_score,0.0,0.9939470818124694,-0.9093105630289915,-0.9939470818124694
1767024605.338231,2778,combined_score,0.0,0.9939470818124694,0.0,-0.9939470818124694
1767024696.9164414,2779,combined_score,0.0,0.9939470818124694,0.0,-0.9939470818124694
1767024721.7850008,2777,combined_score,0.9676413639729492,0.9939470818124694,0.9676413639729492,-0.026305717839520182
1767024738.4798484,2780,combined_score,0.9789380202993643,0.9939470818124694,0.011296656326415078,-0.015009061513105104
1767024794.4621778,2773,combined_score,0.0,0.9939470818124694,-0.9789380202993643,-0.9939470818124694
1767024828.945792,2781,combined_score,0.9622666604513446,0.9939470818124694,0.9622666604513446,-0.03168042136112481
1767024875.1583188,2782,combined_score,0.0,0.9939470818124694,-0.9622666604513446,-0.9939470818124694
1767024955.0895278,2783,combined_score,0.9706872738190377,0.9939470818124694,0.9706872738190377,-0.023259807993431636
1767025027.6039932,2784,combined_score,0.987207874955414,0.9939470818124694,0.016520601136376212,-0.006739206857055424
1767025033.935399,2785,combined_score,0.963600237104004,0.9939470818124694,-0.023607637851409957,-0.03034684470846538
1767025112.2202592,2787,combined_score,0.0,0.9939470818124694,-0.963600237104004,-0.9939470818124694
1767025127.5722558,2786,combined_score,0.0,0.9939470818124694,0.0,-0.9939470818124694
1767025190.8316576,2791,combined_score,0.0,0.9939470818124694,0.0,-0.9939470818124694
1767025232.9398596,2788,combined_score,0.9383614137365306,0.9939470818124694,0.9383614137365306,-0.05558566807593879
1767025243.2985606,2790,combined_score,0.9408189194071286,0.9939470818124694,0.0024575056705979925,-0.053128162405340795
1767025246.386215,2789,combined_score,0.9815480069503217,0.9939470818124694,0.040729087543193154,-0.012399074862147641
1767025424.763645,2792,combined_score,0.0,0.9939470818124694,-0.9815480069503217,-0.9939470818124694
1767025451.3684926,2795,combined_score,0.9824422045756517,0.9939470818124694,0.9824422045756517,-0.011504877236817701
1767025457.437935,2793,combined_score,0.9690446700577774,0.9939470818124694,-0.013397534517874288,-0.02490241175469199
1767025462.648671,2794,combined_score,0.9703776181476381,0.9939470818124694,0.0013329480898607304,-0.02356946366483126
1767025616.2417912,2796,combined_score,0.9939470818124694,0.9939470818124694,0.02356946366483126,0.0
1767025651.6606255,2797,combined_score,0.965423424034982,0.9939470818124694,-0.028523657777487332,-0.028523657777487332
1767025666.4157596,2799,combined_score,0.0,0.9939470818124694,-0.965423424034982,-0.9939470818124694
1767025698.4745624,2798,combined_score,0.9689609412048551,0.9939470818124694,0.9689609412048551,-0.024986140607614282
1767025859.9088545,2801,combined_score,0.9733511213527684,0.9939470818124694,0.0043901801479132585,-0.020595960459701024
1767025867.382014,2802,combined_score,0.0,0.9939470818124694,-0.9733511213527684,-0.9939470818124694
1767025897.8902361,2800,combined_score,0.9917365705772719,0.9939470818124694,0.9917365705772719,-0.002210511235197443
1767025922.6689937,2803,combined_score,0.9556914727148555,0.9939470818124694,-0.036045097862416386,-0.03825560909761383
1767026019.2596807,2804,combined_score,0.0,0.9939470818124694,-0.9556914727148555,-0.9939470818124694
1767026055.4194355,2805,combined_score,0.9829353287209327,0.9939470818124694,0.9829353287209327,-0.01101175309153668
1767026133.1535616,2806,combined_score,0.9735939100352529,0.9939470818124694,-0.009341418685679836,-0.020353171777216517
1767026143.584589,2807,combined_score,0.9802532791540362,0.9939470818124694,0.006659369118783287,-0.01369380265843323
1767026199.8317044,2808,combined_score,0.9747010311071209,0.9939470818124694,-0.005552248046915231,-0.01924605070534846
1767026227.3613677,2810,combined_score,0.9804370370215854,0.9939470818124694,0.005736005914464437,-0.013510044790884024
1767026289.9575403,2809,combined_score,0.9813403513997612,0.9939470818124694,0.0009033143781758124,-0.012606730412708211
1767026325.9377968,2811,combined_score,0.9770726927389216,0.9939470818124694,-0.004267658660839557,-0.01687438907354777
1767026354.843724,2812,combined_score,0.0,0.9939470818124694,-0.9770726927389216,-0.9939470818124694
1767026448.2032087,2813,combined_score,0.9751769235345025,0.9939470818124694,0.9751769235345025,-0.01877015827796691
1767026487.402314,2814,combined_score,0.981991654231387,0.9939470818124694,0.006814730696884541,-0.011955427581082367
1767026489.0593302,2817,combined_score,0.0,0.9939470818124694,-0.981991654231387,-0.9939470818124694
1767026497.4940538,2815,combined_score,0.0,0.9939470818124694,0.0,-0.9939470818124694
1767026551.8380506,2816,combined_score,0.9875095022987007,0.9939470818124694,0.9875095022987007,-0.006437579513768665
1767026651.922816,2820,combined_score,0.9731928910658967,0.9939470818124694,-0.014316611232804033,-0.020754190746572698
1767026700.1231964,2819,combined_score,0.988618535689015,0.9939470818124694,0.01542564462311835,-0.005328546123454347
1767026722.7954838,2818,combined_score,0.9698593884954276,0.9939470818124694,-0.0187591471935874,-0.024087693317041747
1767026762.3106525,2821,combined_score,0.0,0.9939470818124694,-0.9698593884954276,-0.9939470818124694
1767026853.0699058,2823,combined_score,0.0,0.9939470818124694,0.0,-0.9939470818124694
1767026864.9324126,2822,combined_score,0.9609574615486091,0.9939470818124694,0.9609574615486091,-0.03298962026386032
1767026916.7885175,2825,combined_score,0.0,0.9939470818124694,-0.9609574615486091,-0.9939470818124694
1767026953.6469233,2824,combined_score,0.990463475848029,0.9939470818124694,0.990463475848029,-0.003483605964440417
1767027041.077217,2826,combined_score,0.0,0.9939470818124694,-0.990463475848029,-0.9939470818124694
1767027047.1448412,2827,combined_score,0.9769976406252266,0.9939470818124694,0.9769976406252266,-0.01694944118724273
1767027099.365994,2828,combined_score,0.9838291628622017,0.9939470818124694,0.0068315222369750295,-0.010117918950267701
1767027176.4384522,2830,combined_score,0.9473696477635357,0.9939470818124694,-0.03645951509866596,-0.046577434048933664
1767027178.6735916,2829,combined_score,0.0,0.9939470818124694,-0.9473696477635357,-0.9939470818124694
1767027265.7824516,2831,combined_score,0.9812660870533181,0.9939470818124694,0.9812660870533181,-0.012680994759151298
1767027285.1994002,2832,combined_score,0.9847414443273382,0.9939470818124694,0.003475357274020152,-0.009205637485131146
1767027322.128125,2833,combined_score,0.0,0.9939470818124694,-0.9847414443273382,-0.9939470818124694
1767027336.1021497,2835,combined_score,0.0,0.9939470818124694,0.0,-0.9939470818124694
1767027352.401274,2834,combined_score,0.9795411224163396,0.9939470818124694,0.9795411224163396,-0.014405959396129764
1767027395.7227247,2836,combined_score,0.7826680969497907,0.9939470818124694,-0.19687302546654895,-0.2112789848626787
1767027419.51704,2838,combined_score,0.0,0.9939470818124694,-0.7826680969497907,-0.9939470818124694
1767027478.6592817,2841,combined_score,0.0,0.9939470818124694,0.0,-0.9939470818124694
1767027481.6189141,2840,combined_score,0.9201019690541713,0.9939470818124694,0.9201019690541713,-0.07384511275829808
1767027546.9975858,2837,combined_score,0.9876365346365649,0.9939470818124694,0.06753456558239357,-0.006310547175904513
1767027571.0728266,2839,combined_score,0.9634219396700402,0.9939470818124694,-0.024214594966524672,-0.030525142142429185
1767027658.5341144,2842,combined_score,0.974035360703667,0.9939470818124694,0.010613421033626835,-0.01991172110880235
1767027683.9903076,2843,combined_score,0.9641397649349018,0.9939470818124694,-0.009895595768765197,-0.029807316877567547
1767027693.4362893,2844,combined_score,0.9788534086351489,0.9939470818124694,0.014713643700247081,-0.015093673177320466
1767027708.6899714,2845,combined_score,0.0,0.9939470818124694,-0.9788534086351489,-0.9939470818124694
1767027841.9033322,2846,combined_score,0.959301090814894,0.9939470818124694,0.959301090814894,-0.03464599099757537
1767027895.415032,2849,combined_score,0.975246763238797,0.9939470818124694,0.01594567242390299,-0.01870031857367238
1767027922.5183399,2848,combined_score,0.9608402242073969,0.9939470818124694,-0.0144065390314001,-0.03310685760507248
1767027922.8564043,2847,combined_score,0.0,0.9939470818124694,-0.9608402242073969,-0.9939470818124694
1767028048.4760046,2850,combined_score,0.972783887768815,0.9939470818124694,0.972783887768815,-0.02116319404365441
1767028078.7250063,2853,combined_score,0.9607029823796615,0.9939470818124694,-0.012080905389153518,-0.03324409943280793
1767028087.8420825,2851,combined_score,0.9732285105730187,0.9939470818124694,0.012525528193357283,-0.020718571239450645
1767028116.1694613,2852,combined_score,0.9738296575365554,0.9939470818124694,0.0006011469635366362,-0.02011742427591401
1767028176.6842592,2855,combined_score,0.8785085623488341,0.9939470818124694,-0.09532109518772125,-0.11543851946363526
1767028180.3007314,2854,combined_score,0.0,0.9939470818124694,-0.8785085623488341,-0.9939470818124694
1767028275.3604982,2857,combined_score,0.0,0.9939470818124694,0.0,-0.9939470818124694
1767028292.6175358,2856,combined_score,0.982289126281327,0.9939470818124694,0.982289126281327,-0.01165795553114235
1767028368.339904,2859,combined_score,0.9534699644320501,0.9939470818124694,-0.02881916184927691,-0.04047711738041926
1767028375.8710864,2860,combined_score,0.9383572532250795,0.9939470818124694,-0.015112711206970664,-0.05558982858738992
1767028376.3269312,2858,combined_score,0.9939470818124694,0.9939470818124694,0.05558982858738992,0.0
1767028435.2837446,2861,combined_score,0.0,0.9939470818124694,-0.9939470818124694,-0.9939470818124694
1767028533.9838538,2862,combined_score,0.9783047961711373,0.9939470818124694,0.9783047961711373,-0.015642285641332077
1767028560.5347497,2864,combined_score,0.9627734080646639,0.9939470818124694,-0.015531388106473365,-0.03117367374780544
1767028564.7285662,2865,combined_score,0.9327194864081795,0.9939470818124694,-0.03005392165648446,-0.0612275954042899
1767028593.899323,2863,combined_score,0.9752944680676139,0.9939470818124694,0.04257498165943441,-0.018652613744855495
1767028698.358895,2869,combined_score,0.9214543290507131,0.9939470818124694,-0.05384013901690077,-0.07249275276175626
1767028741.660131,2866,combined_score,0.0,0.9939470818124694,-0.9214543290507131,-0.9939470818124694
1767028765.3091896,2868,combined_score,0.9683924117729656,0.9939470818124694,0.9683924117729656,-0.025554670039503735
1767028848.3634949,2870,combined_score,0.0,0.9939470818124694,-0.9683924117729656,-0.9939470818124694
1767028957.1586547,2871,combined_score,0.9765661138299699,0.9939470818124694,0.9765661138299699,-0.01738096798249944
1767028990.137584,2872,combined_score,0.9794898465452023,0.9939470818124694,0.0029237327152323855,-0.014457235267267055
1767029020.7851691,2867,combined_score,0.0,0.9939470818124694,-0.9794898465452023,-0.9939470818124694
1767029043.5538068,2873,combined_score,0.9348679383851414,0.9939470818124694,0.9348679383851414,-0.05907914342732801
1767029161.5815716,2875,combined_score,0.9856501674034632,0.9939470818124694,0.050782229018321856,-0.00829691440900615
1767029237.2537394,2876,combined_score,0.9555825310890409,0.9939470818124694,-0.03006763631442233,-0.03836455072342848
1767029242.5019317,2874,combined_score,0.9745090710338129,0.9939470818124694,0.018926539944772003,-0.019438010778656478
1767029247.3124707,2877,combined_score,0.981575289733084,0.9939470818124694,0.007066218699271154,-0.012371792079385324
1767029303.2676673,2881,combined_score,0.0,0.9939470818124694,-0.981575289733084,-0.9939470818124694
1767029314.3882148,2878,combined_score,0.0,0.9939470818124694,0.0,-0.9939470818124694
1767029444.822599,2880,combined_score,0.0,0.9939470818124694,0.0,-0.9939470818124694
1767029447.415757,2879,combined_score,0.9811840289436169,0.9939470818124694,0.9811840289436169,-0.012763052868852487
1767029511.5504568,2882,combined_score,0.9679867903726709,0.9939470818124694,-0.013197238570946013,-0.0259602914397985
1767029513.3833163,2883,combined_score,0.0,0.9939470818124694,-0.9679867903726709,-0.9939470818124694
1767029599.7064068,2885,combined_score,0.0,0.9939470818124694,0.0,-0.9939470818124694
1767029638.3099833,2884,combined_score,0.9773662458166454,0.9939470818124694,0.9773662458166454,-0.01658083599582394
1767029674.2637494,2887,combined_score,0.0,0.9939470818124694,-0.9773662458166454,-0.9939470818124694
1767029697.1333437,2886,combined_score,0.0,0.9939470818124694,0.0,-0.9939470818124694
1767029763.6095197,2888,combined_score,0.9900482010652427,0.9939470818124694,0.9900482010652427,-0.003898880747226663
1767029852.573568,2889,combined_score,0.98999186679362,0.9939470818124694,-5.633427162277105e-05,-0.003955215018849434
1767029866.9835508,2891,combined_score,0.0,0.9939470818124694,-0.98999186679362,-0.9939470818124694
1767029909.7082276,2890,combined_score,0.9857263372853696,0.9939470818124694,0.9857263372853696,-0.008220744527099755
1767029974.9213758,2892,combined_score,0.985535216672707,0.9939470818124694,-0.0001911206126625764,-0.008411865139762331
1767030108.4893646,2895,combined_score,0.0,0.9939470818124694,-0.985535216672707,-0.9939470818124694
1767030200.3817835,2896,combined_score,0.9843970476894512,0.9939470818124694,0.9843970476894512,-0.009550034123018136
1767030280.9860952,2893,combined_score,0.0,0.9939470818124694,-0.9843970476894512,-0.9939470818124694
1767030306.9855251,2894,combined_score,0.0,0.9939470818124694,0.0,-0.9939470818124694
1767030360.5392568,2897,combined_score,0.0,0.9939470818124694,0.0,-0.9939470818124694
1767030406.0291278,2901,combined_score,0.8784149201290542,0.9939470818124694,0.8784149201290542,-0.11553216168341518
1767030412.064966,2898,combined_score,0.9827816731705674,0.9939470818124694,0.10436675304151322,-0.011165408641901964
1767030423.0757787,2899,combined_score,0.0,0.9939470818124694,-0.9827816731705674,-0.9939470818124694
1767030476.013948,2904,combined_score,0.0,0.9939470818124694,0.0,-0.9939470818124694
1767030494.4229128,2900,combined_score,0.9719417494266526,0.9939470818124694,0.9719417494266526,-0.02200533238581681
1767030627.5295396,2902,combined_score,0.9787271038392319,0.9939470818124694,0.006785354412579325,-0.015219977973237486
1767030648.0286036,2903,combined_score,0.0,0.9939470818124694,-0.9787271038392319,-0.9939470818124694
1767030677.6086504,2906,combined_score,0.9780421498646485,0.9939470818124694,0.9780421498646485,-0.015904931947820833
1767030682.8664618,2905,combined_score,0.0,0.9939470818124694,-0.9780421498646485,-0.9939470818124694
1767030764.8425562,2910,combined_score,0.9273039614548988,0.9939470818124694,0.9273039614548988,-0.06664312035757058
1767030857.4125497,2907,combined_score,0.978372191851934,0.9939470818124694,0.05106823039703523,-0.015574889960535354
1767030860.7223868,2909,combined_score,0.9782481594378443,0.9939470818124694,-0.00012403241408975862,-0.015698922374625113
1767030874.1477027,2908,combined_score,0.9758506197572672,0.9939470818124694,-0.0023975396805770988,-0.01809646205520221
1767030944.0518293,2911,combined_score,0.9709242405631355,0.9939470818124694,-0.004926379194131636,-0.023022841249333847
1767031025.5199978,2912,combined_score,0.0,0.9939470818124694,-0.9709242405631355,-0.9939470818124694
1767031038.4914148,2913,combined_score,0.9679819817494411,0.9939470818124694,0.9679819817494411,-0.025965100063028324
1767031102.2234519,2914,combined_score,0.9812513770523541,0.9939470818124694,0.013269395302913045,-0.012695704760115278
1767031145.197018,2915,combined_score,0.991808900440751,0.9939470818124694,0.010557523388396883,-0.002138181371718395
1767031234.0381372,2917,combined_score,0.9329203196924636,0.9939470818124694,-0.0588885807482874,-0.061026762120005795
1767031249.3497593,2916,combined_score,0.9913287586279269,0.9939470818124694,0.058408438935463325,-0.0026183231845424704
1767031273.7988234,2918,combined_score,0.9289676635544445,0.9939470818124694,-0.06236109507348242,-0.06497941825802489
1767031346.941879,2919,combined_score,0.9708136194677363,0.9939470818124694,0.041845955913291766,-0.023133462344733124
1767031404.6591184,2920,combined_score,0.0,0.9939470818124694,-0.9708136194677363,-0.9939470818124694
1767031486.3661857,2922,combined_score,0.9770936460843631,0.9939470818124694,0.9770936460843631,-0.01685343572810627
1767031490.7454052,2921,combined_score,0.9821889275477248,0.9939470818124694,0.005095281463361689,-0.01175815426474458
1767031518.6769204,2923,combined_score,0.9768079108305542,0.9939470818124694,-0.005381016717170617,-0.017139170981915197
1767031614.0164413,2924,combined_score,0.9831830243254172,0.9939470818124694,0.006375113494862972,-0.010764057487052225
1767031669.985823,2928,combined_score,0.0,0.9939470818124694,-0.9831830243254172,-0.9939470818124694
1767031680.749503,2925,combined_score,0.0,0.9939470818124694,0.0,-0.9939470818124694
1767031713.5977714,2926,combined_score,0.0,0.9939470818124694,0.0,-0.9939470818124694
1767031770.2195768,2927,combined_score,0.9768986846070855,0.9939470818124694,0.9768986846070855,-0.01704839720538387
1767031889.801101,2931,combined_score,0.9713260489416714,0.9939470818124694,-0.005572635665414105,-0.022621032870797975
1767031901.32311,2930,combined_score,0.0,0.9939470818124694,-0.9713260489416714,-0.9939470818124694
1767031909.692982,2929,combined_score,0.9829607696013712,0.9939470818124694,0.9829607696013712,-0.010986312211098137
1767031978.1505072,2932,combined_score,0.9728869522946844,0.9939470818124694,-0.010073817306686883,-0.02106012951778502
1767031986.5918896,2934,combined_score,0.0,0.9939470818124694,-0.9728869522946844,-0.9939470818124694
1767032065.4931233,2933,combined_score,0.0,0.9939470818124694,0.0,-0.9939470818124694
1767032116.0942707,2935,combined_score,0.986556170322088,0.9939470818124694,0.986556170322088,-0.007390911490381402
1767032198.5523462,2936,combined_score,0.974968353386853,0.9939470818124694,-0.011587816935235029,-0.01897872842561643
1767032210.128754,2938,combined_score,0.9496253383533806,0.9939470818124694,-0.02534301503347236,-0.04432174345908879
1767032301.4775414,2940,combined_score,0.8115363703708962,0.9939470818124694,-0.13808896798248438,-0.18241071144157317
1767032344.3882124,2939,combined_score,0.9835590178021878,0.9939470818124694,0.1720226474312916,-0.010388064010281584
1767032376.00706,2937,combined_score,0.0,0.9939470818124694,-0.9835590178021878,-0.9939470818124694
1767032415.0189779,2941,combined_score,0.9779056960293686,0.9939470818124694,0.9779056960293686,-0.01604138578310077
1767032512.1284482,2943,combined_score,0.0,0.9939470818124694,-0.9779056960293686,-0.9939470818124694
1767032539.5575354,2942,combined_score,0.9831048255688374,0.9939470818124694,0.9831048255688374,-0.010842256243631998
1767032578.507423,2945,combined_score,0.0,0.9939470818124694,-0.9831048255688374,-0.9939470818124694
1767032758.8728015,2947,combined_score,0.98094189319727,0.9939470818124694,0.98094189319727,-0.013005188615199392
1767032796.170856,2948,combined_score,0.9847932891066985,0.9939470818124694,0.003851395909428512,-0.00915379270577088
1767032820.350729,2949,combined_score,0.0,0.9939470818124694,-0.9847932891066985,-0.9939470818124694
1767032824.024306,2944,combined_score,0.0,0.9939470818124694,0.0,-0.9939470818124694
1767032865.3526838,2952,combined_score,0.0,0.9939470818124694,0.0,-0.9939470818124694
1767032948.9553025,2953,combined_score,0.0,0.9939470818124694,0.0,-0.9939470818124694
1767032980.7772098,2946,combined_score,0.0,0.9939470818124694,0.0,-0.9939470818124694
1767032981.2584565,2951,combined_score,0.0,0.9939470818124694,0.0,-0.9939470818124694
1767033005.4881675,2950,combined_score,0.0,0.9939470818124694,0.0,-0.9939470818124694
1767033136.4754937,2954,combined_score,0.9755542235077771,0.9939470818124694,0.9755542235077771,-0.018392858304692283
1767033143.095084,2955,combined_score,0.0,0.9939470818124694,-0.9755542235077771,-0.9939470818124694
1767033187.7049952,2957,combined_score,0.9637809715568982,0.9939470818124694,0.9637809715568982,-0.030166110255571144
1767033189.8548248,2959,combined_score,0.0,0.9939470818124694,-0.9637809715568982,-0.9939470818124694
1767033204.7046366,2956,combined_score,0.9785609811011676,0.9939470818124694,0.9785609811011676,-0.015386100711301753
1767033333.3716016,2958,combined_score,0.9660610913736786,0.9939470818124694,-0.012499889727489055,-0.02788599043879081
1767033367.8120413,2961,combined_score,0.9731269969101087,0.9939470818124694,0.0070659055364301615,-0.020820084902360647
1767033392.8012526,2960,combined_score,0.9848151693127888,0.9939470818124694,0.011688172402680053,-0.009131912499680594
1767033497.103095,2963,combined_score,0.9276272913401384,0.9939470818124694,-0.05718787797265035,-0.06631979047233094
1767033559.506277,2965,combined_score,0.9747042199628667,0.9939470818124694,0.047076928622728276,-0.019242861849602666
1767033613.6537397,2964,combined_score,0.972131036287548,0.9939470818124694,-0.0025731836753186688,-0.021816045524921335
1767033636.0069323,2966,combined_score,0.0,0.9939470818124694,-0.972131036287548,-0.9939470818124694
1767033663.7253606,2962,combined_score,0.0,0.9939470818124694,0.0,-0.9939470818124694
1767033767.9729316,2968,combined_score,0.0,0.9939470818124694,0.0,-0.9939470818124694
1767033786.0579782,2967,combined_score,0.9698923828244168,0.9939470818124694,0.9698923828244168,-0.02405469898805257
1767033806.823189,2969,combined_score,0.0,0.9939470818124694,-0.9698923828244168,-0.9939470818124694
1767033860.7707884,2973,combined_score,0.0,0.9939470818124694,0.0,-0.9939470818124694
1767033926.9118848,2970,combined_score,0.0,0.9939470818124694,0.0,-0.9939470818124694
1767033941.0951655,2972,combined_score,0.0,0.9939470818124694,0.0,-0.9939470818124694
1767033958.985574,2971,combined_score,0.9799956572474651,0.9939470818124694,0.9799956572474651,-0.013951424565004311
1767034014.402155,2974,combined_score,0.9468257829540435,0.9939470818124694,-0.03316987429342155,-0.047121298858425864
1767034093.0536609,2975,combined_score,0.0,0.9939470818124694,-0.9468257829540435,-0.9939470818124694
1767034135.8707247,2976,combined_score,0.9713697260123788,0.9939470818124694,0.9713697260123788,-0.02257735580009057
1767034175.4887347,2977,combined_score,0.9707597240409199,0.9939470818124694,-0.0006100019714588845,-0.023187357771549455
1767034197.4771237,2978,combined_score,0.9713894323145449,0.9939470818124694,0.0006297082736249626,-0.022557649497924492
1767034260.455449,2979,combined_score,0.0,0.9939470818124694,-0.9713894323145449,-0.9939470818124694
1767034344.0492036,2980,combined_score,0.9764006871772228,0.9939470818124694,0.9764006871772228,-0.017546394635246543
1767034350.3775752,2981,combined_score,0.9846671839534857,0.9939470818124694,0.0082664967762629,-0.009279897858983643
1767034399.5381167,2982,combined_score,0.9883520308867019,0.9939470818124694,0.003684846933216135,-0.0055950509257675085
1767034429.2763557,2983,combined_score,0.9771989680284825,0.9939470818124694,-0.011153062858219376,-0.016748113783986884
1767034502.9448643,2984,combined_score,0.9775691613779051,0.9939470818124694,0.0003701933494225651,-0.01637792043456432
1767034526.0321941,2985,combined_score,0.9676578815042586,0.9939470818124694,-0.009911279873646484,-0.026289200308210803
1767034543.7485144,2986,combined_score,0.0,0.9939470818124694,-0.9676578815042586,-0.9939470818124694
1767034592.491306,2989,combined_score,0.0,0.9939470818124694,0.0,-0.9939470818124694
1767034636.5964105,2987,combined_score,0.9846654188174305,0.9939470818124694,0.9846654188174305,-0.009281662995038853
1767034687.5102284,2992,combined_score,0.0,0.9939470818124694,-0.9846654188174305,-0.9939470818124694
1767034709.0181725,2988,combined_score,0.9702459580484949,0.9939470818124694,0.9702459580484949,-0.023701123763974485
1767034715.4071853,2990,combined_score,0.9554621557539198,0.9939470818124694,-0.014783802294575099,-0.038484926058549584
1767034787.7884777,2991,combined_score,0.9741535514677436,0.9939470818124694,0.018691395713823833,-0.01979353034472575
1767034895.5432405,2993,combined_score,0.9757511327947062,0.9939470818124694,0.0015975813269625272,-0.018195949017763224
1767034900.8609633,2995,combined_score,0.9253355642472174,0.9939470818124694,-0.05041556854748874,-0.06861151756525197
1767034933.607781,2994,combined_score,0.9830954245966793,0.9939470818124694,0.0577598603494619,-0.010851657215790067
1767034943.7294874,2997,combined_score,0.0,0.9939470818124694,-0.9830954245966793,-0.9939470818124694
1767035046.6543736,2998,combined_score,0.0,0.9939470818124694,0.0,-0.9939470818124694
1767035072.837404,2999,combined_score,0.0,0.9939470818124694,0.0,-0.9939470818124694
1767035132.3543828,3000,combined_score,0.9697817298915253,0.9939470818124694,0.9697817298915253,-0.024165351920944045
1767035217.827231,3001,combined_score,0.9531861771333067,0.9939470818124694,-0.016595552758218668,-0.04076090467916271
1767035236.7741091,2996,combined_score,0.0,0.9939470818124694,-0.9531861771333067,-0.9939470818124694
1767035285.6656866,3002,combined_score,0.9820649669358456,0.9939470818124694,0.9820649669358456,-0.011882114876623828
1767035337.903273,3003,combined_score,0.9913747150560466,0.9939470818124694,0.009309748120201022,-0.002572366756422806
1767035384.3116264,3005,combined_score,0.9532184948365828,0.9939470818124694,-0.03815622021946374,-0.04072858697588655
1767035406.1761634,3004,combined_score,0.9723380238749362,0.9939470818124694,0.019119529038353344,-0.021609057937533205
1767035499.6054761,3006,combined_score,0.9745646326285103,0.9939470818124694,0.0022266087535741663,-0.01938244918395904
1767035551.4797513,3007,combined_score,0.9745472129311988,0.9939470818124694,-1.7419697311504834e-05,-0.019399868881270543
1767035605.5266318,3008,combined_score,0.966601845416384,0.9939470818124694,-0.007945367514814783,-0.027345236396085326
1767035639.8243794,3009,combined_score,0.0,0.9939470818124694,-0.966601845416384,-0.9939470818124694
1767035747.015361,3011,combined_score,0.9760640808900315,0.9939470818124694,0.9760640808900315,-0.017883000922437886
1767035764.9873793,3012,combined_score,0.9761530822039839,0.9939470818124694,8.900131395239708e-05,-0.01779399960848549
1767035797.527782,3013,combined_score,0.989632982978555,0.9939470818124694,0.013479900774571063,-0.004314098833914426
1767035835.2882693,3015,combined_score,0.0,0.9939470818124694,-0.989632982978555,-0.9939470818124694
1767035882.5439065,3014,combined_score,0.9796256775595161,0.9939470818124694,0.9796256775595161,-0.014321404252953251
1767035999.901632,3016,combined_score,0.9816023127181999,0.9939470818124694,0.001976635158683737,-0.012344769094269514
1767036043.9483223,3018,combined_score,0.9813441440416215,0.9939470818124694,-0.00025816867657835196,-0.012602937770847866
1767036128.5350928,3021,combined_score,0.0,0.9939470818124694,-0.9813441440416215,-0.9939470818124694
1767036130.1943607,3017,combined_score,0.0,0.9939470818124694,0.0,-0.9939470818124694
1767036329.3072283,3023,combined_score,0.9788132291041365,0.9939470818124694,0.9788132291041365,-0.015133852708332896
1767036340.1910133,3022,combined_score,0.9812504215317829,0.9939470818124694,0.002437192427646395,-0.0126966602806865
1767036344.0881135,3019,combined_score,0.0,0.9939470818124694,-0.9812504215317829,-0.9939470818124694
1767036420.9608812,3024,combined_score,0.93052969183001,0.9939470818124694,0.93052969183001,-0.06341738998245938
1767036437.1308177,3020,combined_score,0.0,0.9939470818124694,-0.93052969183001,-0.9939470818124694
1767036584.634576,3027,combined_score,0.0,0.9939470818124694,0.0,-0.9939470818124694
1767036594.2658648,3026,combined_score,0.0,0.9939470818124694,0.0,-0.9939470818124694
1767036610.1541018,3030,combined_score,0.5134928201523903,0.9939470818124694,0.5134928201523903,-0.4804542616600791
1767036653.799028,3028,combined_score,0.9897789843983318,0.9939470818124694,0.4762861642459415,-0.004168097414137595
1767036746.6722116,3025,combined_score,0.0,0.9939470818124694,-0.9897789843983318,-0.9939470818124694
1767036772.0451138,3031,combined_score,0.0,0.9939470818124694,0.0,-0.9939470818124694
1767036786.2855272,3029,combined_score,0.0,0.9939470818124694,0.0,-0.9939470818124694
1767036844.9712389,3035,combined_score,0.0,0.9939470818124694,0.0,-0.9939470818124694
1767036944.143444,3034,combined_score,0.9698288438034781,0.9939470818124694,0.9698288438034781,-0.024118238008991266
1767036948.203625,3033,combined_score,0.9806678683395851,0.9939470818124694,0.010839024536106967,-0.0132792134728843
1767037056.4715734,3036,combined_score,0.9741288150076083,0.9939470818124694,-0.006539053331976796,-0.019818266804861095
1767037077.9224308,3032,combined_score,0.0,0.9939470818124694,-0.9741288150076083,-0.9939470818124694
1767037125.4675515,3039,combined_score,0.0,0.9939470818124694,0.0,-0.9939470818124694
1767037150.726148,3038,combined_score,0.9831830243254172,0.9939470818124694,0.9831830243254172,-0.010764057487052225
1767037176.126052,3037,combined_score,0.9664529692549985,0.9939470818124694,-0.016730055070418692,-0.027494112557470918
1767037283.463044,3043,combined_score,0.0,0.9939470818124694,-0.9664529692549985,-0.9939470818124694
1767037337.7466924,3041,combined_score,0.9692607685110199,0.9939470818124694,0.9692607685110199,-0.024686313301449436
1767037347.1580377,3040,combined_score,0.9703409799890906,0.9939470818124694,0.0010802114780706917,-0.023606101823378745
1767037411.0596159,3042,combined_score,0.992953679232908,0.9939470818124694,0.02261269924381737,-0.0009934025795613755
1767037439.394693,3045,combined_score,0.0,0.9939470818124694,-0.992953679232908,-0.9939470818124694
1767037505.2240636,3044,combined_score,0.9780327786085596,0.9939470818124694,0.9780327786085596,-0.01591430320390974
1767037610.8757145,3047,combined_score,0.9785820651772545,0.9939470818124694,0.0005492865686949067,-0.015365016635214834
1767037632.8337245,3048,combined_score,0.0,0.9939470818124694,-0.9785820651772545,-0.9939470818124694
1767037661.8069568,3049,combined_score,0.0,0.9939470818124694,0.0,-0.9939470818124694
1767037781.532871,3046,combined_score,0.0,0.9939470818124694,0.0,-0.9939470818124694
1767037831.810754,3050,combined_score,0.9832430747106029,0.9939470818124694,0.9832430747106029,-0.010704007101866475
1767037873.1913295,3051,combined_score,0.9720383189742403,0.9939470818124694,-0.011204755736362593,-0.021908762838229068
1767037970.9878635,3053,combined_score,0.9759447002496747,0.9939470818124694,0.003906381275434412,-0.018002381562794656
1767038017.016721,3056,combined_score,0.0,0.9939470818124694,-0.9759447002496747,-0.9939470818124694
1767038042.3731308,3055,combined_score,0.9673111881057606,0.9939470818124694,0.9673111881057606,-0.026635893706708824
1767038042.8447177,3054,combined_score,0.9720317940606378,0.9939470818124694,0.004720605954877222,-0.021915287751831602
1767038064.6088893,3057,combined_score,0.0,0.9939470818124694,-0.9720317940606378,-0.9939470818124694
1767038091.2539241,3052,combined_score,0.0,0.9939470818124694,0.0,-0.9939470818124694
1767038216.922839,3059,combined_score,0.9547427442622446,0.9939470818124694,0.9547427442622446,-0.03920433755022479
1767038277.2779465,3061,combined_score,0.968760322781368,0.9939470818124694,0.014017578519123441,-0.025186759031101347
1767038277.4117355,3058,combined_score,0.972149903969474,0.9939470818124694,0.00338958118810595,-0.021797177842995397
1767038301.1515782,3060,combined_score,0.9813864296347417,0.9939470818124694,0.00923652566526767,-0.012560652177727727
1767038309.5549724,3062,combined_score,0.0,0.9939470818124694,-0.9813864296347417,-0.9939470818124694
1767038469.652572,3063,combined_score,0.9748639948040403,0.9939470818124694,0.9748639948040403,-0.01908308700842909
1767038483.5038424,3066,combined_score,0.971327940850888,0.9939470818124694,-0.003536053953152263,-0.022619140961581352
1767038496.2805343,3064,combined_score,0.9750442470815627,0.9939470818124694,0.0037163062306746486,-0.018902834730906704
1767038525.5308392,3065,combined_score,0.0,0.9939470818124694,-0.9750442470815627,-0.9939470818124694
1767038580.464349,3068,combined_score,0.9208049184187608,0.9939470818124694,0.9208049184187608,-0.0731421633937086
1767038594.891485,3070,combined_score,0.0,0.9939470818124694,-0.9208049184187608,-0.9939470818124694
1767038620.8285573,3069,combined_score,0.9714693472528171,0.9939470818124694,0.9714693472528171,-0.022477734559652296
1767038790.8098485,3073,combined_score,0.0,0.9939470818124694,-0.9714693472528171,-0.9939470818124694
1767038791.270762,3071,combined_score,0.9775196075743771,0.9939470818124694,0.9775196075743771,-0.01642747423809232
1767038861.5931013,3067,combined_score,0.0,0.9939470818124694,-0.9775196075743771,-0.9939470818124694
1767038865.4145093,3072,combined_score,0.9835983200413646,0.9939470818124694,0.9835983200413646,-0.010348761771104775
1767038981.022642,3075,combined_score,0.0,0.9939470818124694,-0.9835983200413646,-0.9939470818124694
1767039019.760187,3078,combined_score,0.0,0.9939470818124694,0.0,-0.9939470818124694
1767039024.3620815,3074,combined_score,0.9792515701509502,0.9939470818124694,0.9792515701509502,-0.014695511661519167
1767039047.663956,3076,combined_score,0.9834975861565761,0.9939470818124694,0.004246016005625908,-0.01044949565589326
1767039075.729452,3077,combined_score,0.9830729662347422,0.9939470818124694,-0.00042461992183395747,-0.010874115577727217
1767039224.8471212,3079,combined_score,0.9890351524287021,0.9939470818124694,0.00596218619395994,-0.004911929383767277
1767039229.562508,3082,combined_score,0.9716756890218338,0.9939470818124694,-0.017359463406868336,-0.022271392790635614
1767039255.7607152,3080,combined_score,0.0,0.9939470818124694,-0.9716756890218338,-0.9939470818124694
1767039269.0844595,3081,combined_score,0.9723824792414651,0.9939470818124694,0.9723824792414651,-0.021564602571004232
1767039382.0684721,3084,combined_score,0.0,0.9939470818124694,-0.9723824792414651,-0.9939470818124694
1767039382.7365391,3083,combined_score,0.0,0.9939470818124694,0.0,-0.9939470818124694
1767039390.2139893,3085,combined_score,0.0,0.9939470818124694,0.0,-0.9939470818124694
1767039491.6657498,3087,combined_score,0.9416742606306097,0.9939470818124694,0.9416742606306097,-0.05227282118185972
1767039532.4273996,3090,combined_score,0.9560000789760446,0.9939470818124694,0.014325818345434893,-0.037947002836424826
1767039540.7397225,3088,combined_score,0.0,0.9939470818124694,-0.9560000789760446,-0.9939470818124694
1767039563.0834253,3089,combined_score,0.968084207256928,0.9939470818124694,0.968084207256928,-0.02586287455554137
1767039638.8434741,3086,combined_score,0.0,0.9939470818124694,-0.968084207256928,-0.9939470818124694
1767039715.913324,3092,combined_score,0.931117591467797,0.9939470818124694,0.931117591467797,-0.06282949034467233
1767039787.4124389,3093,combined_score,0.988012803189283,0.9939470818124694,0.05689521172148593,-0.005934278623186406
1767039793.0956042,3091,combined_score,0.9804821021093217,0.9939470818124694,-0.007530701079961233,-0.01346497970314764
1767039831.0582962,3094,combined_score,0.9810914140728672,0.9939470818124694,0.0006093119635454114,-0.012855667739602228
1767039870.2375467,3098,combined_score,0.0,0.9939470818124694,-0.9810914140728672,-0.9939470818124694
1767039880.7439084,3095,combined_score,0.9845451643948004,0.9939470818124694,0.9845451643948004,-0.009401917417668937
1767040008.1781929,3097,combined_score,0.9682904160558568,0.9939470818124694,-0.016254748338943692,-0.02565666575661263
1767040018.2631195,3096,combined_score,0.9853112124901674,0.9939470818124694,0.017020796434310648,-0.008635869322301981
1767040040.3295815,3099,combined_score,0.0,0.9939470818124694,-0.9853112124901674,-0.9939470818124694
1767040076.5301344,3100,combined_score,0.0,0.9939470818124694,0.0,-0.9939470818124694
1767040186.853395,3101,combined_score,0.9766750689043585,0.9939470818124694,0.9766750689043585,-0.017272012908110868
1767040214.5145612,3103,combined_score,0.9645235584603088,0.9939470818124694,-0.012151510444049718,-0.029423523352160585
1767040231.4823847,3102,combined_score,0.9781195165739598,0.9939470818124694,0.013595958113650997,-0.01582756523850959
1767040286.2744255,3104,combined_score,0.0,0.9939470818124694,-0.9781195165739598,-0.9939470818124694
1767040371.8903468,3107,combined_score,0.9728438254052456,0.9939470818124694,0.9728438254052456,-0.02110325640722377
1767040410.7756813,3105,combined_score,0.981632766444831,0.9939470818124694,0.008788941039585385,-0.012314315367638384
1767040433.4290771,3108,combined_score,0.9586005041159551,0.9939470818124694,-0.023032262328875897,-0.03534657769651428
1767040484.7702217,3106,combined_score,0.0,0.9939470818124694,-0.9586005041159551,-0.9939470818124694
1767040562.2304544,3109,combined_score,0.968500542958932,0.9939470818124694,0.968500542958932,-0.025446538853537426
1767040562.3031664,3110,combined_score,0.0,0.9939470818124694,-0.968500542958932,-0.9939470818124694
1767040638.691424,3111,combined_score,0.9854323572209658,0.9939470818124694,0.9854323572209658,-0.008514724591503597
1767040685.840044,3112,combined_score,0.9792362976218246,0.9939470818124694,-0.006196059599141157,-0.014710784190644755
1767040713.8229506,3113,combined_score,0.9159739991065566,0.9939470818124694,-0.06326229851526799,-0.07797308270591274
1767040805.2537098,3116,combined_score,0.0,0.9939470818124694,-0.9159739991065566,-0.9939470818124694
1767040809.4633265,3114,combined_score,0.0,0.9939470818124694,0.0,-0.9939470818124694
1767040818.450731,3115,combined_score,0.9601520033422966,0.9939470818124694,0.9601520033422966,-0.033795078470172824
1767040918.988823,3117,combined_score,0.0,0.9939470818124694,-0.9601520033422966,-0.9939470818124694
1767041021.0161817,3118,combined_score,0.9557812798796747,0.9939470818124694,0.9557812798796747,-0.03816580193279473
1767041034.7277944,3120,combined_score,0.0,0.9939470818124694,-0.9557812798796747,-0.9939470818124694
1767041037.9901214,3119,combined_score,0.9861481354661046,0.9939470818124694,0.9861481354661046,-0.007798946346364799
1767041071.5299547,3121,combined_score,0.0,0.9939470818124694,-0.9861481354661046,-0.9939470818124694
1767041246.6370234,3122,combined_score,0.9738348603640828,0.9939470818124694,0.9738348603640828,-0.020112221448386536
1767041258.3697674,3124,combined_score,0.9832613304563447,0.9939470818124694,0.00942647009226183,-0.010685751356124706
1767041278.3434517,3123,combined_score,0.9851721571730733,0.9939470818124694,0.0019108267167285975,-0.008774924639396109
1767041294.2661278,3125,combined_score,0.9812888804396971,0.9939470818124694,-0.003883276733376184,-0.012658201372772293
1767041321.8770447,3127,combined_score,0.0,0.9939470818124694,-0.9812888804396971,-0.9939470818124694
1767041405.3204901,3126,combined_score,0.977906209587325,0.9939470818124694,0.977906209587325,-0.016040872225144387
1767041477.0334222,3128,combined_score,0.0,0.9939470818124694,-0.977906209587325,-0.9939470818124694
1767041479.3910983,3129,combined_score,0.9783542488570098,0.9939470818124694,0.9783542488570098,-0.015592832955459546
1767041513.399722,3130,combined_score,0.9359637030036005,0.9939470818124694,-0.04239054585340929,-0.057983378808868835
1767041650.8093429,3131,combined_score,0.9754024862354704,0.9939470818124694,0.03943878323186989,-0.018544595576998946
1767041660.5362453,3132,combined_score,0.0,0.9939470818124694,-0.9754024862354704,-0.9939470818124694
1767041733.7698488,3133,combined_score,0.9725975346442178,0.9939470818124694,0.9725975346442178,-0.021349547168251548
1767041755.6178231,3134,combined_score,0.977596698454101,0.9939470818124694,0.004999163809883189,-0.01635038335836836
1767041875.635713,3137,combined_score,0.0,0.9939470818124694,-0.977596698454101,-0.9939470818124694
1767041877.6567092,3135,combined_score,0.9854830683281449,0.9939470818124694,0.9854830683281449,-0.008464013484324462
1767041886.9059234,3136,combined_score,0.9832041241800354,0.9939470818124694,-0.002278944148109474,-0.010742957632433936
1767041935.9755552,3138,combined_score,0.935879895771927,0.9939470818124694,-0.04732422840810846,-0.058067186040542396
1767042026.936253,3139,combined_score,0.9400170171373515,0.9939470818124694,0.004137121365424545,-0.05393006467511785
1767042053.8894048,3140,combined_score,0.0,0.9939470818124694,-0.9400170171373515,-0.9939470818124694
1767042213.2719345,3144,combined_score,0.978195987797559,0.9939470818124694,0.978195987797559,-0.015751094014910372
1767042244.0213304,3143,combined_score,0.9817771705439331,0.9939470818124694,0.0035811827463740897,-0.012169911268536282
1767042258.7673533,3142,combined_score,0.0,0.9939470818124694,-0.9817771705439331,-0.9939470818124694
1767042337.0745687,3141,combined_score,0.0,0.9939470818124694,0.0,-0.9939470818124694
1767042432.107357,3146,combined_score,0.980815101087803,0.9939470818124694,0.980815101087803,-0.01313198072466637
1767042461.1292162,3147,combined_score,0.0,0.9939470818124694,-0.980815101087803,-0.9939470818124694
1767042475.9941387,3145,combined_score,0.9615527272486973,0.9939470818124694,0.9615527272486973,-0.03239435456377204
1767042547.753761,3148,combined_score,0.9793802319648551,0.9939470818124694,0.017827504716157794,-0.01456684984761425
1767042588.9712656,3152,combined_score,0.0,0.9939470818124694,-0.9793802319648551,-0.9939470818124694
1767042633.0711005,3150,combined_score,0.9742851449961715,0.9939470818124694,0.9742851449961715,-0.01966193681629791
1767042683.4590745,3151,combined_score,0.9806342417894314,0.9939470818124694,0.006349096793259901,-0.013312840023038008
1767042761.5428858,3153,combined_score,0.9836540887005251,0.9939470818124694,0.003019846911093693,-0.010292993111944315
1767042794.1951828,3154,combined_score,0.0,0.9939470818124694,-0.9836540887005251,-0.9939470818124694
1767042839.215158,3155,combined_score,0.0,0.9939470818124694,0.0,-0.9939470818124694
1767042871.7424467,3149,combined_score,0.0,0.9939470818124694,0.0,-0.9939470818124694
1767042909.6217551,3158,combined_score,0.9021873418707087,0.9939470818124694,0.9021873418707087,-0.09175973994176068
1767043027.4793293,3160,combined_score,0.0,0.9939470818124694,-0.9021873418707087,-0.9939470818124694
1767043030.2701228,3156,combined_score,0.9602507926377563,0.9939470818124694,0.9602507926377563,-0.03369628917471312
1767043035.8950112,3159,combined_score,0.9701861105458481,0.9939470818124694,0.009935317908091879,-0.023760971266621245
1767043039.3244615,3157,combined_score,0.9798800219527288,0.9939470818124694,0.009693911406880695,-0.01406705985974055
1767043171.5918393,3161,combined_score,0.0,0.9939470818124694,-0.9798800219527288,-0.9939470818124694
1767043243.8667598,3163,combined_score,0.9840609161227076,0.9939470818124694,0.9840609161227076,-0.00988616568976175
1767043260.1345117,3162,combined_score,0.9684463016264926,0.9939470818124694,-0.01561461449621504,-0.02550078018597679
1767043277.118576,3164,combined_score,0.9853050910509681,0.9939470818124694,0.016858789424475495,-0.008641990761501295
1767043357.5167298,3165,combined_score,0.0,0.9939470818124694,-0.9853050910509681,-0.9939470818124694
1767043438.6470838,3167,combined_score,0.9824929928231895,0.9939470818124694,0.9824929928231895,-0.01145408898927991
1767043451.5672545,3166,combined_score,0.9310860818126434,0.9939470818124694,-0.051406911010546064,-0.06286099999982597
1767043504.7200234,3168,combined_score,0.9873553772769431,0.9939470818124694,0.05626929546429971,-0.006591704535526266
1767043548.9651945,3169,combined_score,0.9706074316289872,0.9939470818124694,-0.016747945647955897,-0.023339650183482163
1767043635.7619607,3170,combined_score,0.0,0.9939470818124694,-0.9706074316289872,-0.9939470818124694
1767043637.8352735,3172,combined_score,0.0,0.9939470818124694,0.0,-0.9939470818124694
1767043647.884931,3171,combined_score,0.9821520869321387,0.9939470818124694,0.9821520869321387,-0.011794994880330645
1767043686.4120688,3173,combined_score,0.8586737101950814,0.9939470818124694,-0.1234783767370573,-0.13527337161738795
1767043826.8599288,3174,combined_score,0.9897013121960485,0.9939470818124694,0.13102760200096708,-0.004245769616420869
1767043843.8748474,3175,combined_score,0.9649675871637285,0.9939470818124694,-0.024733725032319964,-0.028979494648740833
1767043876.9578888,3176,combined_score,0.9753294728800354,0.9939470818124694,0.010361885716306807,-0.018617608932434027
1767043903.4778965,3177,combined_score,0.9828754404907324,0.9939470818124694,0.007545967610697035,-0.011071641321736991
1767043998.5794384,3181,combined_score,0.8808656615976302,0.9939470818124694,-0.10200977889310214,-0.11308142021483913
1767044064.2774975,3178,combined_score,0.9877774955815203,0.9939470818124694,0.10691183398389004,-0.006169586230949098
1767044086.4822736,3179,combined_score,0.9778788472460671,0.9939470818124694,-0.009898648335453175,-0.016068234566402273
1767044104.7248259,3180,combined_score,0.9781201923431301,0.9939470818124694,0.0002413450970629727,-0.0158268894693393
1767044209.1085665,3182,combined_score,0.9770479929163752,0.9939470818124694,-0.0010721994267548496,-0.01689908889609415
1767044218.8818562,3183,combined_score,0.9322996670602159,0.9939470818124694,-0.04474832585615929,-0.06164741475225344
1767044290.953888,3185,combined_score,0.9829344387178416,0.9939470818124694,0.050634771657625643,-0.011012643094627794
1767044300.8039248,3184,combined_score,0.9735273133188808,0.9939470818124694,-0.009407125398960825,-0.02041976849358862
1767044346.0265222,3187,combined_score,0.9742762782229636,0.9939470818124694,0.0007489649040828272,-0.019670803589505792
1767044348.947915,3186,combined_score,0.9411577607435182,0.9939470818124694,-0.033118517479445386,-0.05278932106895118
1767044448.3684938,3189,combined_score,0.0,0.9939470818124694,-0.9411577607435182,-0.9939470818124694
1767044493.5031147,3188,combined_score,0.976614256791195,0.9939470818124694,0.976614256791195,-0.017332825021274423
1767044494.028585,3190,combined_score,0.0,0.9939470818124694,-0.976614256791195,-0.9939470818124694
1767044561.1803124,3191,combined_score,0.980134476887012,0.9939470818124694,0.980134476887012,-0.013812604925457328
1767044618.7121677,3193,combined_score,0.91447118745611,0.9939470818124694,-0.06566328943090205,-0.07947589435635938
1767044658.2695937,3196,combined_score,0.0,0.9939470818124694,-0.91447118745611,-0.9939470818124694
1767044667.4196284,3192,combined_score,0.9791281600148274,0.9939470818124694,0.9791281600148274,-0.014818921797641993
1767044743.2754073,3194,combined_score,0.982651261724816,0.9939470818124694,0.0035231017099885964,-0.011295820087653397
1767044755.141574,3195,combined_score,0.9651326929060305,0.9939470818124694,-0.01751856881878544,-0.028814388906438837
1767044782.4698007,3197,combined_score,0.9659339749336306,0.9939470818124694,0.0008012820276001031,-0.028013106878838734
1767044838.3511384,3198,combined_score,0.9713262839599107,0.9939470818124694,0.005392309026280073,-0.02262079785255866
1767044945.7893229,3200,combined_score,0.9758999299331989,0.9939470818124694,0.004573645973288132,-0.01804715187927053
1767044966.42577,3199,combined_score,0.9842997770852788,0.9939470818124694,0.008399847152079976,-0.009647304727190553
1767045005.129958,3201,combined_score,0.9406225369772265,0.9939470818124694,-0.043677240108052295,-0.05332454483524285
1767045104.1676788,3203,combined_score,0.0,0.9939470818124694,-0.9406225369772265,-0.9939470818124694
1767045122.9444633,3204,combined_score,0.9712840001923607,0.9939470818124694,0.9712840001923607,-0.02266308162010866
1767045150.8547955,3205,combined_score,0.9732078334048541,0.9939470818124694,0.0019238332124933422,-0.02073924840761532
1767045183.2752032,3206,combined_score,0.0,0.9939470818124694,-0.9732078334048541,-0.9939470818124694
1767045243.2992043,3208,combined_score,0.0,0.9939470818124694,0.0,-0.9939470818124694
1767045292.565719,3207,combined_score,0.9798190465835491,0.9939470818124694,0.9798190465835491,-0.014128035228920255
1767045304.261496,3209,combined_score,0.0,0.9939470818124694,-0.9798190465835491,-0.9939470818124694
1767045345.5881767,3210,combined_score,0.9753867058418139,0.9939470818124694,0.9753867058418139,-0.018560375970655518
1767045407.9037426,3211,combined_score,0.0,0.9939470818124694,-0.9753867058418139,-0.9939470818124694
1767045475.2138023,3212,combined_score,0.0,0.9939470818124694,0.0,-0.9939470818124694
1767045514.5281868,3213,combined_score,0.0,0.9939470818124694,0.0,-0.9939470818124694
1767045542.0686638,3214,combined_score,0.9793695467690609,0.9939470818124694,0.9793695467690609,-0.01457753504340853
1767045550.0005417,3215,combined_score,0.0,0.9939470818124694,-0.9793695467690609,-0.9939470818124694
1767045618.0152345,3217,combined_score,0.6686475178891701,0.9939470818124694,0.6686475178891701,-0.3252995639232993
1767045662.8164623,3216,combined_score,0.9369187658687368,0.9939470818124694,0.2682712479795667,-0.05702831594373259
1767045803.9611635,3219,combined_score,0.984406425328988,0.9939470818124694,0.04748765946025124,-0.009540656483481347
1767045848.1394217,3221,combined_score,0.9753548176552739,0.9939470818124694,-0.009051607673714157,-0.018592264157195504
1767045956.4613967,3222,combined_score,0.9267671774644738,0.9939470818124694,-0.048587640190800085,-0.06717990434799559
1767045967.4651103,3218,combined_score,0.0,0.9939470818124694,-0.9267671774644738,-0.9939470818124694
1767046033.2223887,3223,combined_score,0.9701036631693903,0.9939470818124694,0.9701036631693903,-0.02384341864307904
1767046035.4668376,3220,combined_score,0.0,0.9939470818124694,-0.9701036631693903,-0.9939470818124694
1767046101.7370155,3224,combined_score,0.9844763303433893,0.9939470818124694,0.9844763303433893,-0.009470751469080052
1767046192.6152775,3227,combined_score,0.9681996798531239,0.9939470818124694,-0.016276650490265387,-0.02574740195934544
1767046224.5378437,3226,combined_score,0.9748740864207932,0.9939470818124694,0.0066744065676692665,-0.019072995391676173
1767046235.6577969,3225,combined_score,0.9477337639125485,0.9939470818124694,-0.02714032250824472,-0.04621331789992089
1767046282.281448,3228,combined_score,0.9747244591283094,0.9939470818124694,0.026990695215760918,-0.019222622684159973
1767046389.0691795,3229,combined_score,0.9794154941180404,0.9939470818124694,0.004691034989731002,-0.014531587694428971
1767046424.6872985,3230,combined_score,0.9720267274978538,0.9939470818124694,-0.007388766620186615,-0.021920354314615587
1767046442.2059104,3232,combined_score,0.0,0.9939470818124694,-0.9720267274978538,-0.9939470818124694
1767046482.4734254,3231,combined_score,0.9777053910749727,0.9939470818124694,0.9777053910749727,-0.016241690737496706
1767046500.6748047,3233,combined_score,0.9456690978461433,0.9939470818124694,-0.03203629322882939,-0.0482779839663261
1767046523.6592908,3235,combined_score,0.0,0.9939470818124694,-0.9456690978461433,-0.9939470818124694
1767046683.7880197,3234,combined_score,0.9816809716582573,0.9939470818124694,0.9816809716582573,-0.012266110154212084
1767046698.4843748,3236,combined_score,0.0,0.9939470818124694,-0.9816809716582573,-0.9939470818124694
1767046703.2212863,3237,combined_score,0.9766521603250792,0.9939470818124694,0.9766521603250792,-0.017294921487390202
1767046777.0880284,3240,combined_score,0.8717481006393819,0.9939470818124694,-0.10490405968569727,-0.12219898117308747
1767046917.4667292,3241,combined_score,0.985325562810632,0.9939470818124694,0.11357746217125009,-0.008621519001837386
1767046927.2129343,3243,combined_score,0.0,0.9939470818124694,-0.985325562810632,-0.9939470818124694
1767046941.315686,3238,combined_score,0.0,0.9939470818124694,0.0,-0.9939470818124694
1767046975.212404,3244,combined_score,0.0,0.9939470818124694,0.0,-0.9939470818124694
1767046979.876337,3242,combined_score,0.0,0.9939470818124694,0.0,-0.9939470818124694
1767047125.5351858,3245,combined_score,0.9677915027581965,0.9939470818124694,0.9677915027581965,-0.026155579054272904
1767047153.4874697,3246,combined_score,0.9743010917259918,0.9939470818124694,0.006509588967795299,-0.019645990086477605
1767047162.4261134,3247,combined_score,0.0,0.9939470818124694,-0.9743010917259918,-0.9939470818124694
1767047174.517729,3248,combined_score,0.9787467223624562,0.9939470818124694,0.9787467223624562,-0.01520035945001319
1767047324.87137,3252,combined_score,0.0,0.9939470818124694,-0.9787467223624562,-0.9939470818124694
1767047342.2218654,3249,combined_score,0.9787959170044318,0.9939470818124694,0.9787959170044318,-0.015151164808037576
1767047359.5577009,3251,combined_score,0.991996788406765,0.9939470818124694,0.01320087140233317,-0.0019502934057044063
1767047433.9134686,3250,combined_score,0.9803727913175857,0.9939470818124694,-0.011623997089179272,-0.013574290494883678
1767047452.138583,3254,combined_score,0.8937124190953217,0.9939470818124694,-0.08666037222226397,-0.10023466271714765
1767047502.7824929,3253,combined_score,0.9640988101930644,0.9939470818124694,0.0703863910977427,-0.029848271619404954
1767047598.9957707,3257,combined_score,0.0,0.9939470818124694,-0.9640988101930644,-0.9939470818124694
1767047600.2312663,3255,combined_score,0.0,0.9939470818124694,0.0,-0.9939470818124694
1767047648.7164571,3258,combined_score,0.9896370808597423,0.9939470818124694,0.9896370808597423,-0.004310000952727044
1767047653.8192828,3256,combined_score,0.9606099480123078,0.9939470818124694,-0.029027132847434522,-0.03333713380016157
1767047752.9645135,3260,combined_score,0.0,0.9939470818124694,-0.9606099480123078,-0.9939470818124694
1767047770.8796403,3259,combined_score,0.9745596259227763,0.9939470818124694,0.9745596259227763,-0.01938745588969304
1767047822.11804,3262,combined_score,0.9607860526230521,0.9939470818124694,-0.013773573299724284,-0.033161029189417324
1767047857.0643218,3261,combined_score,0.9860687204186577,0.9939470818124694,0.025282667795605618,-0.007878361393811706
1767047862.9756227,3263,combined_score,0.9309699857525404,0.9939470818124694,-0.055098734666117255,-0.06297709605992896
1767047955.9650497,3266,combined_score,0.0,0.9939470818124694,-0.9309699857525404,-0.9939470818124694
1767047988.9381921,3265,combined_score,0.9801093679060641,0.9939470818124694,0.9801093679060641,-0.013837713906405313
1767048006.6030736,3264,combined_score,0.9639478168220517,0.9939470818124694,-0.016161551084012404,-0.029999264990417718
1767048057.864978,3270,combined_score,0.0,0.9939470818124694,-0.9639478168220517,-0.9939470818124694
1767048140.143474,3267,combined_score,0.9617854129360037,0.9939470818124694,0.9617854129360037,-0.032161668876465654
1767048162.039636,3269,combined_score,0.975899793529345,0.9939470818124694,0.014114380593341247,-0.018047288283124407
1767048195.0362167,3268,combined_score,0.9677067398846311,0.9939470818124694,-0.008193053644713899,-0.026240341927838307
1767048294.4200397,3271,combined_score,0.9882202833246565,0.9939470818124694,0.020513543440025428,-0.005726798487812879
1767048320.0343826,3272,combined_score,0.9724217685936263,0.9939470818124694,-0.015798514731030222,-0.0215253132188431
1767048361.0139914,3274,combined_score,0.9185042301586113,0.9939470818124694,-0.05391753843501501,-0.07544285165385811
1767048396.2407513,3273,combined_score,0.9893308315160807,0.9939470818124694,0.07082660135746943,-0.00461625029638868
1767048529.6394198,3276,combined_score,0.9917153741855472,0.9939470818124694,0.0023845426694665273,-0.0022317076269221525
1767048556.9992013,3277,combined_score,0.975920185872308,0.9939470818124694,-0.015795188313239228,-0.01802689594016138
1767048561.650447,3278,combined_score,0.9513031751830822,0.9939470818124694,-0.024617010689225838,-0.04264390662938722
1767048722.9724422,3275,combined_score,0.0,0.9939470818124694,-0.9513031751830822,-0.9939470818124694
1767048725.7040744,3280,combined_score,0.0,0.9939470818124694,0.0,-0.9939470818124694
1767048772.772144,3279,combined_score,0.9701569431366368,0.9939470818124694,0.9701569431366368,-0.023790138675832573
1767048800.0999777,3281,combined_score,0.0,0.9939470818124694,-0.9701569431366368,-0.9939470818124694
1767048829.033174,3283,combined_score,0.9270811223639623,0.9939470818124694,0.9270811223639623,-0.06686595944850704
1767048916.9522967,3286,combined_score,0.0,0.9939470818124694,-0.9270811223639623,-0.9939470818124694
1767048961.732641,3282,combined_score,0.9891252955161518,0.9939470818124694,0.9891252955161518,-0.004821786296317576
1767048969.4103374,3284,combined_score,0.9837899470426892,0.9939470818124694,-0.00533534847346262,-0.010157134769780196
1767048995.5200586,3285,combined_score,0.0,0.9939470818124694,-0.9837899470426892,-0.9939470818124694
1767049010.2831044,3288,combined_score,0.0,0.9939470818124694,0.0,-0.9939470818124694
1767049071.5227616,3287,combined_score,0.0,0.9939470818124694,0.0,-0.9939470818124694
1767049171.1913197,3291,combined_score,0.0,0.9939470818124694,0.0,-0.9939470818124694
1767049195.3300853,3289,combined_score,0.9825992245143458,0.9939470818124694,0.9825992245143458,-0.011347857298123598
1767049210.3145027,3290,combined_score,0.0,0.9939470818124694,-0.9825992245143458,-0.9939470818124694
1767049330.4795752,3292,combined_score,0.0,0.9939470818124694,0.0,-0.9939470818124694
1767049400.4274259,3295,combined_score,0.9728945946703346,0.9939470818124694,0.9728945946703346,-0.021052487142134813
1767049401.955446,3293,combined_score,0.9796293377133339,0.9939470818124694,0.006734743042999369,-0.014317744099135443
1767049512.9326644,3296,combined_score,0.9776817097845282,0.9939470818124694,-0.0019476279288057619,-0.016265372027941205
1767049564.0235581,3297,combined_score,0.0,0.9939470818124694,-0.9776817097845282,-0.9939470818124694
1767049627.0718274,3298,combined_score,0.9820568731429191,0.9939470818124694,0.9820568731429191,-0.011890208669550262
1767049649.1845515,3294,combined_score,0.0,0.9939470818124694,-0.9820568731429191,-0.9939470818124694
1767049709.1082678,3299,combined_score,0.0,0.9939470818124694,0.0,-0.9939470818124694
1767049726.0802774,3300,combined_score,0.0,0.9939470818124694,0.0,-0.9939470818124694
1767049801.2854571,3301,combined_score,0.9443154894615472,0.9939470818124694,0.9443154894615472,-0.04963159235092218
1767049851.7652555,3302,combined_score,0.9597809310025348,0.9939470818124694,0.015465441540987612,-0.03416615080993457
1767050020.0800586,3305,combined_score,0.9906801430598375,0.9939470818124694,0.030899212057302727,-0.0032669387526318427
1767050023.7357657,3304,combined_score,0.0,0.9939470818124694,-0.9906801430598375,-0.9939470818124694
1767050110.5560477,3306,combined_score,0.992953679232908,0.9939470818124694,0.992953679232908,-0.0009934025795613755
1767050156.2135487,3303,combined_score,0.0,0.9939470818124694,-0.992953679232908,-0.9939470818124694
1767050161.8768494,3308,combined_score,0.0,0.9939470818124694,0.0,-0.9939470818124694
1767050253.8783147,3307,combined_score,0.0,0.9939470818124694,0.0,-0.9939470818124694
1767050311.7178903,3309,combined_score,0.9770834781673495,0.9939470818124694,0.9770834781673495,-0.01686360364511985
1767050353.0954416,3310,combined_score,0.9859379353504943,0.9939470818124694,0.008854457183144815,-0.008009146461975036
1767050371.6251352,3312,combined_score,0.0,0.9939470818124694,-0.9859379353504943,-0.9939470818124694
1767050542.4817111,3314,combined_score,0.9736436332819809,0.9939470818124694,0.9736436332819809,-0.020303448530488488
1767050553.3934305,3313,combined_score,0.9811338295949755,0.9939470818124694,0.007490196312994635,-0.012813252217493853
1767050573.0934315,3315,combined_score,0.9739503403707874,0.9939470818124694,-0.0071834892241881,-0.019996741441681953
1767050601.0524604,3311,combined_score,0.0,0.9939470818124694,-0.9739503403707874,-0.9939470818124694
1767050755.016866,3318,combined_score,0.9732613684333786,0.9939470818124694,0.9732613684333786,-0.020685713379090753
1767050786.6494663,3317,combined_score,0.0,0.9939470818124694,-0.9732613684333786,-0.9939470818124694
1767050819.6251645,3319,combined_score,0.9826294241521563,0.9939470818124694,0.9826294241521563,-0.011317657660313118
1767050934.6936376,3320,combined_score,0.9693681917180338,0.9939470818124694,-0.013261232434122472,-0.02457889009443559
1767050940.2465158,3321,combined_score,0.0,0.9939470818124694,-0.9693681917180338,-0.9939470818124694
1767051045.004315,3316,combined_score,0.0,0.9939470818124694,0.0,-0.9939470818124694
1767051096.45131,3323,combined_score,0.0,0.9939470818124694,0.0,-0.9939470818124694
1767051103.6805913,3322,combined_score,0.0,0.9939470818124694,0.0,-0.9939470818124694
1767051155.5624475,3327,combined_score,0.0,0.9939470818124694,0.0,-0.9939470818124694
1767051167.764136,3324,combined_score,0.9807213179130118,0.9939470818124694,0.9807213179130118,-0.013225763899457621
1767051179.4947724,3325,combined_score,0.0,0.9939470818124694,-0.9807213179130118,-0.9939470818124694
1767051302.853585,3326,combined_score,0.0,0.9939470818124694,0.0,-0.9939470818124694
1767051339.6234167,3328,combined_score,0.9822905566320902,0.9939470818124694,0.9822905566320902,-0.011656525180379185
1767051366.236412,3330,combined_score,0.0,0.9939470818124694,-0.9822905566320902,-0.9939470818124694
1767051402.697564,3329,combined_score,0.0,0.9939470818124694,0.0,-0.9939470818124694
1767051482.5930083,3331,combined_score,0.9690909317388515,0.9939470818124694,0.9690909317388515,-0.024856150073617855
1767051494.4810312,3332,combined_score,0.0,0.9939470818124694,-0.9690909317388515,-0.9939470818124694
1767051519.2928998,3333,combined_score,0.969926198866576,0.9939470818124694,0.969926198866576,-0.02402088294589333
1767051529.9065566,3334,combined_score,0.983711131483075,0.9939470818124694,0.013784932616498935,-0.010235950329394394
1767051644.4645038,3336,combined_score,0.0,0.9939470818124694,-0.983711131483075,-0.9939470818124694
1767051671.2251933,3335,combined_score,0.976550261981935,0.9939470818124694,0.976550261981935,-0.017396819830534427
1767051699.4391928,3337,combined_score,0.98878743903802,0.9939470818124694,0.012237177056085069,-0.005159642774449358
1767051716.2413428,3338,combined_score,0.9707207046920927,0.9939470818124694,-0.018066734345927316,-0.023226377120376673
1767051818.1170123,3339,combined_score,0.9687627833479983,0.9939470818124694,-0.0019579213440944487,-0.025184298464471122
1767051885.451748,3340,combined_score,0.0,0.9939470818124694,-0.9687627833479983,-0.9939470818124694
1767051888.9055324,3341,combined_score,0.0,0.9939470818124694,0.0,-0.9939470818124694
1767051920.4026055,3342,combined_score,0.980459789222623,0.9939470818124694,0.980459789222623,-0.013487292589846378
1767052090.5199063,3343,combined_score,0.0,0.9939470818124694,-0.980459789222623,-0.9939470818124694
1767052093.341273,3346,combined_score,0.0,0.9939470818124694,0.0,-0.9939470818124694
1767052111.8749535,3345,combined_score,0.9784522112167555,0.9939470818124694,0.9784522112167555,-0.015494870595713861
1767052144.9910917,3344,combined_score,0.9543138348671688,0.9939470818124694,-0.02413837634958671,-0.03963324694530057
1767052300.1664414,3350,combined_score,0.0,0.9939470818124694,-0.9543138348671688,-0.9939470818124694
1767052322.5704637,3348,combined_score,0.974840133777362,0.9939470818124694,0.974840133777362,-0.019106948035107374
1767052324.8570137,3347,combined_score,0.9684061115696779,0.9939470818124694,-0.006434022207684076,-0.02554097024279145
1767052397.815148,3351,combined_score,0.0,0.9939470818124694,-0.9684061115696779,-0.9939470818124694
1767052517.374593,3355,combined_score,0.0,0.9939470818124694,0.0,-0.9939470818124694
1767052527.842895,3354,combined_score,0.9836364093275047,0.9939470818124694,0.9836364093275047,-0.010310672484964645
1767052532.4145331,3352,combined_score,0.9823146678083463,0.9939470818124694,-0.0013217415191584259,-0.01163241400412307
1767052544.7609673,3353,combined_score,0.9888959778715122,0.9939470818124694,0.006581310063165868,-0.005051103940957202
1767052647.8271484,3357,combined_score,0.0,0.9939470818124694,-0.9888959778715122,-0.9939470818124694
1767052717.271436,3358,combined_score,0.9719129807609781,0.9939470818124694,0.9719129807609781,-0.022034101051491284
1767052731.2855844,3359,combined_score,0.9871478417772003,0.9939470818124694,0.015234861016222179,-0.006799240035269105
1767052735.181286,3356,combined_score,0.9869853576415637,0.9939470818124694,-0.00016248413563657582,-0.006961724170905681
1767052837.4363692,3360,combined_score,0.9758493242694319,0.9939470818124694,-0.01113603337213176,-0.01809775754303744
1767052884.1342616,3363,combined_score,0.0,0.9939470818124694,-0.9758493242694319,-0.9939470818124694
1767052957.6837337,3361,combined_score,0.0,0.9939470818124694,0.0,-0.9939470818124694
1767053009.403696,3366,combined_score,0.9538144350943897,0.9939470818124694,0.9538144350943897,-0.0401326467180797
1767053075.8431933,3362,combined_score,0.0,0.9939470818124694,-0.9538144350943897,-0.9939470818124694
1767053097.9570448,3365,combined_score,0.9795458653870288,0.9939470818124694,0.9795458653870288,-0.014401216425440566
1767053222.0260706,3369,combined_score,0.9845826613870203,0.9939470818124694,0.005036795999991517,-0.00936442042544905
1767053250.219675,3368,combined_score,0.0,0.9939470818124694,-0.9845826613870203,-0.9939470818124694
1767053269.322082,3370,combined_score,0.9777042952781483,0.9939470818124694,0.9777042952781483,-0.016242786534321096
1767053383.414002,3371,combined_score,0.9708013590760393,0.9939470818124694,-0.006902936202109022,-0.02314572273643012
1767053401.4275174,3373,combined_score,0.0,0.9939470818124694,-0.9708013590760393,-0.9939470818124694
1767053459.4727988,3372,combined_score,0.0,0.9939470818124694,0.0,-0.9939470818124694
1767053498.8893647,3374,combined_score,0.9765352610933798,0.9939470818124694,0.9765352610933798,-0.017411820719089532
1767053602.105017,3376,combined_score,0.9787627584927819,0.9939470818124694,0.0022274973994020897,-0.015184323319687443
1767053630.4804718,3377,combined_score,0.9749335925388053,0.9939470818124694,-0.003829165953976643,-0.019013489273664086
1767053649.4810545,3379,combined_score,0.0,0.9939470818124694,-0.9749335925388053,-0.9939470818124694
1767053682.3432548,3378,combined_score,0.9799078762792361,0.9939470818124694,0.9799078762792361,-0.014039205533233234
1767053756.9197898,3380,combined_score,0.0,0.9939470818124694,-0.9799078762792361,-0.9939470818124694
1767053859.0971844,3382,combined_score,0.0,0.9939470818124694,0.0,-0.9939470818124694
1767053876.78924,3383,combined_score,0.9902601368722288,0.9939470818124694,0.9902601368722288,-0.0036869449402405774
1767053899.1466053,3384,combined_score,0.0,0.9939470818124694,-0.9902601368722288,-0.9939470818124694
1767053949.0841544,3387,combined_score,0.0,0.9939470818124694,0.0,-0.9939470818124694
1767053957.4108162,3386,combined_score,0.9616464137666131,0.9939470818124694,0.9616464137666131,-0.032300668045856296
1767054010.4896493,3385,combined_score,0.0,0.9939470818124694,-0.9616464137666131,-0.9939470818124694
1767054087.01362,3381,combined_score,0.0,0.9939470818124694,0.0,-0.9939470818124694
1767054174.2156823,3389,combined_score,0.9657834427193173,0.9939470818124694,0.9657834427193173,-0.028163639093152115
1767054243.225659,3390,combined_score,0.0,0.9939470818124694,-0.9657834427193173,-0.9939470818124694
1767054259.6063585,3391,combined_score,0.9659068462741786,0.9939470818124694,0.9659068462741786,-0.028040235538290825
1767054339.8342707,3392,combined_score,0.9909616475886772,0.9939470818124694,0.025054801314498665,-0.0029854342237921605
1767054375.966827,3394,combined_score,0.9687197390156796,0.9939470818124694,-0.02224190857299757,-0.02522734279678973
1767054388.2120726,3388,combined_score,0.0,0.9939470818124694,-0.9687197390156796,-0.9939470818124694
1767054435.8981662,3393,combined_score,0.9861245597762406,0.9939470818124694,0.9861245597762406,-0.007822522036228796
1767054449.0446324,3397,combined_score,0.0,0.9939470818124694,-0.9861245597762406,-0.9939470818124694
1767054520.1004992,3396,combined_score,0.0,0.9939470818124694,0.0,-0.9939470818124694
1767054633.3279178,3399,combined_score,0.0,0.9939470818124694,0.0,-0.9939470818124694
1767054664.7632701,3395,combined_score,0.0,0.9939470818124694,0.0,-0.9939470818124694
1767054702.077518,3398,combined_score,0.0,0.9939470818124694,0.0,-0.9939470818124694
1767054714.8153725,3400,combined_score,0.0,0.9939470818124694,0.0,-0.9939470818124694
1767054757.6987877,3402,combined_score,0.9002728326110108,0.9939470818124694,0.9002728326110108,-0.09367424920145861
1767054831.8221085,3401,combined_score,0.0,0.9939470818124694,-0.9002728326110108,-0.9939470818124694
1767054871.566487,3403,combined_score,0.9796077831067059,0.9939470818124694,0.9796077831067059,-0.014339298705763448
1767054876.2690508,3404,combined_score,0.0,0.9939470818124694,-0.9796077831067059,-0.9939470818124694
1767055008.4624527,3406,combined_score,0.0,0.9939470818124694,0.0,-0.9939470818124694
1767055067.4188561,3405,combined_score,0.0,0.9939470818124694,0.0,-0.9939470818124694
1767055084.0227678,3407,combined_score,0.9855007419940527,0.9939470818124694,0.9855007419940527,-0.008446339818416693
1767055202.5491335,3409,combined_score,0.9388995776114474,0.9939470818124694,-0.04660116438260531,-0.055047504201022
1767055231.5540142,3411,combined_score,0.9271970650621819,0.9939470818124694,-0.011702512549265465,-0.06675001675028747
1767055300.4569046,3410,combined_score,0.9565537325766988,0.9939470818124694,0.029356667514516932,-0.037393349235770534
1767055330.9998214,3412,combined_score,0.9807683106022259,0.9939470818124694,0.024214578025527067,-0.013178771210243467
1767055331.6828988,3408,combined_score,0.0,0.9939470818124694,-0.9807683106022259,-0.9939470818124694
1767055419.4251099,3413,combined_score,0.9833860460076895,0.9939470818124694,0.9833860460076895,-0.01056103580477985
1767055433.2068336,3414,combined_score,0.0,0.9939470818124694,-0.9833860460076895,-0.9939470818124694
1767055446.4040847,3416,combined_score,0.9716622476258412,0.9939470818124694,0.9716622476258412,-0.02228483418662819
1767055554.587356,3415,combined_score,0.9724329862543614,0.9939470818124694,0.0007707386285201734,-0.021514095558108015
1767055604.6446822,3420,combined_score,0.0,0.9939470818124694,-0.9724329862543614,-0.9939470818124694
1767055637.3327708,3418,combined_score,0.9916769174482121,0.9939470818124694,0.9916769174482121,-0.00227016436425731
1767055690.9962852,3417,combined_score,0.9818304176758528,0.9939470818124694,-0.009846499772359296,-0.012116664136616606
1767055724.1763482,3419,combined_score,0.984124954335226,0.9939470818124694,0.002294536659373181,-0.009822127477243425
1767055768.1870508,3422,combined_score,0.929290779628944,0.9939470818124694,-0.054834174706281935,-0.06465630218352536
1767055818.5638218,3421,combined_score,0.9737078141542115,0.9939470818124694,0.04441703452526746,-0.020239267658257898
1767055961.785755,3424,combined_score,0.0,0.9939470818124694,-0.9737078141542115,-0.9939470818124694
1767056041.050949,3426,combined_score,0.9927544273864912,0.9939470818124694,0.9927544273864912,-0.0011926544259781569
1767056046.0290837,3425,combined_score,0.9867741453442567,0.9939470818124694,-0.005980282042234553,-0.0071729364682127095
1767056078.585781,3423,combined_score,0.0,0.9939470818124694,-0.9867741453442567,-0.9939470818124694
1767056166.9337504,3427,combined_score,0.9858546484441182,0.9939470818124694,0.9858546484441182,-0.008092433368351193
1767056184.8072848,3428,combined_score,0.9795651387526535,0.9939470818124694,-0.00628950969146469,-0.014381943059815883
1767056216.4926634,3429,combined_score,0.9758635991575454,0.9939470818124694,-0.0037015395951081054,-0.018083482654923988
1767056272.3778493,3430,combined_score,0.9786118849610742,0.9939470818124694,0.002748285803528816,-0.015335196851395172
1767056371.1905308,3431,combined_score,0.9806740099066944,0.9939470818124694,0.0020621249456201918,-0.01327307190577498
1767056373.482994,3432,combined_score,0.9784122371077592,0.9939470818124694,-0.0022617727989352465,-0.015534844704710227
1767056511.5320807,3434,combined_score,0.9873867244566508,0.9939470818124694,0.008974487348891613,-0.0065603573558186135
1767056532.4223568,3436,combined_score,0.0,0.9939470818124694,-0.9873867244566508,-0.9939470818124694
1767056543.8272002,3435,combined_score,0.9768604157303482,0.9939470818124694,0.9768604157303482,-0.01708666608212117
1767056663.9517758,3433,combined_score,0.0,0.9939470818124694,-0.9768604157303482,-0.9939470818124694
1767056737.169732,3438,combined_score,0.0,0.9939470818124694,0.0,-0.9939470818124694
1767056743.3372052,3437,combined_score,0.0,0.9939470818124694,0.0,-0.9939470818124694
1767056802.594135,3442,combined_score,0.982212383131576,0.9939470818124694,0.982212383131576,-0.011734698680893385
1767056810.7963786,3439,combined_score,0.9845436432318949,0.9939470818124694,0.0023312601003189215,-0.009403438580574464
1767056894.4062502,3440,combined_score,0.9840715377596708,0.9939470818124694,-0.0004721054722240936,-0.009875544052798557
1767056922.4069078,3441,combined_score,0.9854496452493481,0.9939470818124694,0.0013781074896772605,-0.008497436563121297
1767056950.0890489,3444,combined_score,0.9485717355334717,0.9939470818124694,-0.036877909715876345,-0.04537534627899764
1767056957.493875,3443,combined_score,0.9824432748221668,0.9939470818124694,0.03387153928869502,-0.011503806990302623
1767057056.6684294,3445,combined_score,0.9622776030951681,0.9939470818124694,-0.02016567172699868,-0.0316694787173013
1767057077.157398,3448,combined_score,0.976355328189614,0.9939470818124694,0.014077725094445936,-0.017591753622855366
1767057131.123792,3446,combined_score,0.9789426860406247,0.9939470818124694,0.0025873578510107187,-0.015004395771844647
1767057143.720956,3447,combined_score,0.0,0.9939470818124694,-0.9789426860406247,-0.9939470818124694
1767057221.7816,3450,combined_score,0.9531812741375768,0.9939470818124694,0.9531812741375768,-0.040765807674892574
1767057273.9405863,3449,combined_score,0.9828035906996243,0.9939470818124694,0.0296223165620475,-0.011143491112845072
1767057312.40824,3453,combined_score,0.8039025292709726,0.9939470818124694,-0.1789010614286517,-0.19004455254149677
1767057326.6794753,3452,combined_score,0.969570161887005,0.9939470818124694,0.16566763261603235,-0.024376919925464424
1767057345.7911713,3451,combined_score,0.9806279639256974,0.9939470818124694,0.011057802038692444,-0.01331911788677198
1767057514.0918486,3454,combined_score,0.9664615632738787,0.9939470818124694,-0.014166400651818734,-0.027485518538590714
1767057539.0839887,3455,combined_score,0.9768165667287994,0.9939470818124694,0.010355003454920686,-0.017130515083670028
1767057544.812437,3457,combined_score,0.935021329606645,0.9939470818124694,-0.04179523712215438,-0.05892575220582441
1767057686.158424,3460,combined_score,0.9658758749026436,0.9939470818124694,0.030854545295998625,-0.028071206909825785
1767057724.0363162,3458,combined_score,0.991996788406765,0.9939470818124694,0.02612091350412138,-0.0019502934057044063
1767057833.8629553,3456,combined_score,0.0,0.9939470818124694,-0.991996788406765,-0.9939470818124694
1767057890.3338633,3461,combined_score,0.963259507909907,0.9939470818124694,0.963259507909907,-0.03068757390256238
1767057903.6013467,3463,combined_score,0.0,0.9939470818124694,-0.963259507909907,-0.9939470818124694
1767057946.8899624,3459,combined_score,0.9886625249549503,0.9939470818124694,0.9886625249549503,-0.005284556857519052
1767057961.366858,3462,combined_score,0.980474133873957,0.9939470818124694,-0.00818839108099334,-0.013472947938512392
1767058082.1502173,3466,combined_score,0.0,0.9939470818124694,-0.980474133873957,-0.9939470818124694
1767058084.1544664,3465,combined_score,0.9543666439934697,0.9939470818124694,0.9543666439934697,-0.03958043781899967
1767058132.366876,3464,combined_score,0.0,0.9939470818124694,-0.9543666439934697,-0.9939470818124694
1767058217.8108633,3468,combined_score,0.0,0.9939470818124694,0.0,-0.9939470818124694
1767058244.412347,3469,combined_score,0.9801532598663292,0.9939470818124694,0.9801532598663292,-0.013793821946140206
1767058334.1213808,3470,combined_score,0.9693027241223223,0.9939470818124694,-0.01085053574400685,-0.024644357690147056
1767058402.1583617,3467,combined_score,0.0,0.9939470818124694,-0.9693027241223223,-0.9939470818124694
1767058429.3846717,3471,combined_score,0.9767932813488361,0.9939470818124694,0.9767932813488361,-0.01715380046363324
1767058464.5015254,3472,combined_score,0.9829233935950186,0.9939470818124694,0.006130112246182429,-0.011023688217450811
1767058538.989481,3473,combined_score,0.9750568878398376,0.9939470818124694,-0.007866505755180997,-0.018890193972631808
1767058592.9997134,3474,combined_score,0.0,0.9939470818124694,-0.9750568878398376,-0.9939470818124694
1767058631.6163085,3476,combined_score,0.9583107398802193,0.9939470818124694,0.9583107398802193,-0.03563634193225007
1767058641.0732296,3475,combined_score,0.9667858208484975,0.9939470818124694,0.008475080968278204,-0.027161260963971867
1767058726.77398,3477,combined_score,0.9695193669071263,0.9939470818124694,0.002733546058628744,-0.024427714905343123
1767058739.6887162,3479,combined_score,0.9315044848713392,0.9939470818124694,-0.03801488203578707,-0.06244259694113019
1767058775.224053,3478,combined_score,0.9831341334870831,0.9939470818124694,0.05162964861574393,-0.010812948325386262
1767058858.4892998,3480,combined_score,0.964501592546107,0.9939470818124694,-0.018632540940976106,-0.029445489266362368
1767058883.5042627,3482,combined_score,0.9827106481797478,0.9939470818124694,0.018209055633640836,-0.011236433632721532
1767059066.8230221,3483,combined_score,0.0,0.9939470818124694,-0.9827106481797478,-0.9939470818124694
1767059104.4073267,3486,combined_score,0.9776562247153822,0.9939470818124694,0.9776562247153822,-0.01629085709708722
1767059143.3503532,3485,combined_score,0.9827255679241146,0.9939470818124694,0.005069343208732424,-0.011221513888354795
1767059194.9258127,3488,combined_score,0.0,0.9939470818124694,-0.9827255679241146,-0.9939470818124694
1767059211.5340452,3484,combined_score,0.0,0.9939470818124694,0.0,-0.9939470818124694
1767059286.361821,3489,combined_score,0.0,0.9939470818124694,0.0,-0.9939470818124694
1767059315.9853024,3487,combined_score,0.9796744136045189,0.9939470818124694,0.9796744136045189,-0.014272668207950479
1767059404.5217018,3491,combined_score,0.9845338597433343,0.9939470818124694,0.004859446138815393,-0.009413222069135085
1767059406.7172117,3490,combined_score,0.9818163892596664,0.9939470818124694,-0.002717470483667883,-0.012130692552802969
1767059607.7428722,3494,combined_score,0.9763828850413683,0.9939470818124694,-0.005433504218298135,-0.017564196771101104
1767059651.6104136,3495,combined_score,0.9778944544935688,0.9939470818124694,0.0015115694522005452,-0.01605262731890056
1767059659.306915,3492,combined_score,0.9705435377382142,0.9939470818124694,-0.007350916755354597,-0.023403544074255156
1767059757.80049,3493,combined_score,0.0,0.9939470818124694,-0.9705435377382142,-0.9939470818124694
1767059815.536367,3496,combined_score,0.0,0.9939470818124694,0.0,-0.9939470818124694
1767059833.981046,3498,combined_score,0.9432837536093198,0.9939470818124694,0.9432837536093198,-0.05066332820314956
1767059870.501044,3497,combined_score,0.0,0.9939470818124694,-0.9432837536093198,-0.9939470818124694
1767059930.4271896,3499,combined_score,0.9728594983687608,0.9939470818124694,0.9728594983687608,-0.021087583443708535
1767059976.2880132,3502,combined_score,0.0,0.9939470818124694,-0.9728594983687608,-0.9939470818124694
1767060022.1824768,3500,combined_score,0.9726790850115615,0.9939470818124694,0.9726790850115615,-0.02126799680090785
1767060074.184774,3501,combined_score,0.9794434033661727,0.9939470818124694,0.006764318354611221,-0.01450367844629663
1767060171.6734874,3504,combined_score,0.9692766025187712,0.9939470818124694,-0.010166800847401514,-0.024670479293698144
1767060185.8346422,3503,combined_score,0.0,0.9939470818124694,-0.9692766025187712,-0.9939470818124694
1767060219.384236,3505,combined_score,0.977112091764327,0.9939470818124694,0.977112091764327,-0.016834990048142373
1767060286.5449963,3506,combined_score,0.9737253861325894,0.9939470818124694,-0.0033867056317375965,-0.02022169567987997
1767060327.437737,3507,combined_score,0.9522181029984854,0.9939470818124694,-0.021507283134103994,-0.041728978813983963
1767060355.3007698,3509,combined_score,0.0,0.9939470818124694,-0.9522181029984854,-0.9939470818124694
1767060378.9962778,3508,combined_score,0.9571359178686307,0.9939470818124694,0.9571359178686307,-0.036811163943838654
1767060537.2972164,3511,combined_score,0.9651607089598927,0.9939470818124694,0.008024791091261974,-0.02878637285257668
1767060563.7105918,3512,combined_score,0.9296756571302546,0.9939470818124694,-0.035485051829638126,-0.0642714246822148
1767060581.3535192,3513,combined_score,0.9806582796744588,0.9939470818124694,0.05098262254420427,-0.013288802138010536
1767060717.5451484,3514,combined_score,0.9757759232030546,0.9939470818124694,-0.004882356471404226,-0.01817115860941476
1767060718.936428,3510,combined_score,0.0,0.9939470818124694,-0.9757759232030546,-0.9939470818124694
1767060752.5887518,3516,combined_score,0.9639426221317079,0.9939470818124694,0.9639426221317079,-0.030004459680761486
1767060785.5312862,3519,combined_score,0.0,0.9939470818124694,-0.9639426221317079,-0.9939470818124694
1767060792.195304,3515,combined_score,0.9756970738907718,0.9939470818124694,0.9756970738907718,-0.01825000792169762
1767060891.754905,3517,combined_score,0.9682402569155723,0.9939470818124694,-0.0074568169751995095,-0.02570682489689713
1767060944.4511447,3520,combined_score,0.0,0.9939470818124694,-0.9682402569155723,-0.9939470818124694
1767060955.746528,3518,combined_score,0.9716730974491655,0.9939470818124694,0.9716730974491655,-0.022273984363303856
1767061013.8573334,3521,combined_score,0.9821634330192017,0.9939470818124694,0.010490335570036202,-0.011783648793267654
1767061118.387921,3522,combined_score,0.9797171590162362,0.9939470818124694,-0.0024462740029654872,-0.014229922796233141
1767061128.666746,3523,combined_score,0.0,0.9939470818124694,-0.9797171590162362,-0.9939470818124694
1767061139.9925332,3524,combined_score,0.972651982512057,0.9939470818124694,0.972651982512057,-0.0212950993004124
1767061210.3774905,3525,combined_score,0.9750801109552116,0.9939470818124694,0.0024281284431546535,-0.018866970857257748
1767061311.9338467,3526,combined_score,0.9773969496245782,0.9939470818124694,0.0023168386693666054,-0.016550132187891142
1767061331.7516165,3528,combined_score,0.9769425507696505,0.9939470818124694,-0.0004543988549277067,-0.01700453104281885
1767061347.1942134,3527,combined_score,0.9554212154796036,0.9939470818124694,-0.02152133529004696,-0.03852586633286581
1767061367.9520068,3529,combined_score,0.9438443305405492,0.9939470818124694,-0.0115768849390544,-0.05010275127192021
1767061371.8696516,3531,combined_score,0.0,0.9939470818124694,-0.9438443305405492,-0.9939470818124694
1767061498.73585,3532,combined_score,0.0,0.9939470818124694,0.0,-0.9939470818124694
1767061541.4086788,3530,combined_score,0.9776136432194764,0.9939470818124694,0.9776136432194764,-0.016333438592992966
1767061548.5852761,3535,combined_score,0.0,0.9939470818124694,-0.9776136432194764,-0.9939470818124694
1767061618.086515,3534,combined_score,0.0,0.9939470818124694,0.0,-0.9939470818124694
1767061632.9989953,3533,combined_score,0.9770639862382785,0.9939470818124694,0.9770639862382785,-0.016883095574190876
1767061734.1715057,3537,combined_score,0.97794198947413,0.9939470818124694,0.0008780032358515211,-0.016005092338339355
1767061751.532505,3536,combined_score,0.9762284668400262,0.9939470818124694,-0.0017135226341038479,-0.017718614972443203
1767061806.7866356,3538,combined_score,0.9767956883770171,0.9939470818124694,0.0005672215369909583,-0.017151393435452245
1767061883.163322,3539,combined_score,0.0,0.9939470818124694,-0.9767956883770171,-0.9939470818124694
1767061947.9319084,3543,combined_score,0.0,0.9939470818124694,0.0,-0.9939470818124694
1767061996.566729,3540,combined_score,0.9770639862382785,0.9939470818124694,0.9770639862382785,-0.016883095574190876
1767061999.5572817,3542,combined_score,0.9613375902545317,0.9939470818124694,-0.01572639598374681,-0.032609491557937687
1767062114.1608868,3545,combined_score,0.9236786946854041,0.9939470818124694,-0.037658895569127604,-0.07026838712706529
1767062157.4912572,3546,combined_score,0.0,0.9939470818124694,-0.9236786946854041,-0.9939470818124694
1767062162.971137,3544,combined_score,0.9382120504928694,0.9939470818124694,0.9382120504928694,-0.055735031319600004
1767062167.233578,3541,combined_score,0.9849794032667268,0.9939470818124694,0.04676735277385746,-0.008967678545742541
1767062309.630719,3549,combined_score,0.0,0.9939470818124694,-0.9849794032667268,-0.9939470818124694
1767062322.2084897,3547,combined_score,0.9765395860830668,0.9939470818124694,0.9765395860830668,-0.01740749572940259
1767062347.3050256,3548,combined_score,0.9762361206145046,0.9939470818124694,-0.0003034654685621918,-0.01771096119796478
1767062439.7242472,3550,combined_score,0.0,0.9939470818124694,-0.9762361206145046,-0.9939470818124694
1767062476.8046863,3551,combined_score,0.0,0.9939470818124694,0.0,-0.9939470818124694
1767062488.744977,3552,combined_score,0.0,0.9939470818124694,0.0,-0.9939470818124694
1767062536.2369044,3553,combined_score,0.982138191813199,0.9939470818124694,0.982138191813199,-0.011808889999270433
1767062653.5537913,3557,combined_score,0.0,0.9939470818124694,-0.982138191813199,-0.9939470818124694
1767062713.2310545,3556,combined_score,0.9692898794555815,0.9939470818124694,0.9692898794555815,-0.024657202356887842
1767062868.5557334,3558,combined_score,0.9803144175175303,0.9939470818124694,0.011024538061948808,-0.013632664294939034
1767062874.939674,3554,combined_score,0.0,0.9939470818124694,-0.9803144175175303,-0.9939470818124694
1767062888.7547374,3555,combined_score,0.0,0.9939470818124694,0.0,-0.9939470818124694
1767062994.1686795,3561,combined_score,0.9172280446493798,0.9939470818124694,0.9172280446493798,-0.07671903716308959
1767063041.6549296,3562,combined_score,0.9754551241758515,0.9939470818124694,0.05822707952647166,-0.01849195763661793
1767063086.9880958,3560,combined_score,0.9781051656601435,0.9939470818124694,0.0026500414842920428,-0.015841916152325886
1767063109.06024,3559,combined_score,0.0,0.9939470818124694,-0.9781051656601435,-0.9939470818124694
1767063168.7953308,3564,combined_score,0.9317903010984251,0.9939470818124694,0.9317903010984251,-0.06215678071404429
1767063344.9547026,3568,combined_score,0.9774926146896926,0.9939470818124694,0.04570231359126753,-0.01645446712277676
1767063352.680245,3567,combined_score,0.0,0.9939470818124694,-0.9774926146896926,-0.9939470818124694
1767063428.2669168,3563,combined_score,0.0,0.9939470818124694,0.0,-0.9939470818124694
1767063474.697563,3565,combined_score,0.9775557882485351,0.9939470818124694,0.9775557882485351,-0.016391293563934317
1767063556.8114345,3569,combined_score,0.9699995931013615,0.9939470818124694,-0.007556195147173539,-0.023947488711107856
1767063579.157577,3570,combined_score,0.9763023944344236,0.9939470818124694,0.006302801333062047,-0.01764468737804581
1767063586.7948785,3572,combined_score,0.9331331430574873,0.9939470818124694,-0.04316925137693628,-0.06081393875498209
1767063620.3333862,3571,combined_score,0.9803366510304953,0.9939470818124694,0.047203507973007985,-0.013610430781974103
1767063710.5737026,3576,combined_score,0.9273019023629547,0.9939470818124694,-0.05303474866754054,-0.06664517944951465
1767063774.403989,3573,combined_score,0.9882758617773201,0.9939470818124694,0.06097395941436534,-0.005671220035149305
1767063782.3135464,3574,combined_score,0.9771358036870954,0.9939470818124694,-0.01114005809022467,-0.016811278125373974
1767063794.882674,3575,combined_score,0.9772555348726156,0.9939470818124694,0.0001197311855202221,-0.016691546939853752
1767063871.2282052,3577,combined_score,0.9761981097062336,0.9939470818124694,-0.0010574251663820755,-0.017748972106235827
1767063956.8926184,3579,combined_score,0.981059967061492,0.9939470818124694,0.004861857355258459,-0.012887114750977369
1767064012.5391133,3580,combined_score,0.0,0.9939470818124694,-0.981059967061492,-0.9939470818124694
1767064048.7771125,3578,combined_score,0.0,0.9939470818124694,0.0,-0.9939470818124694
1767064061.7583375,3581,combined_score,0.972776608242994,0.9939470818124694,0.972776608242994,-0.021170473569475434
1767064151.8880615,3582,combined_score,0.9821404415720304,0.9939470818124694,0.009363833329036453,-0.011806640240438981
1767064171.1817267,3585,combined_score,0.9432134138703573,0.9939470818124694,-0.03892702770167311,-0.05073366794211209
1767064266.5300138,3583,combined_score,0.9859095837252833,0.9939470818124694,0.04269616985492597,-0.008037498087186123
1767064415.6726236,3587,combined_score,0.0,0.9939470818124694,-0.9859095837252833,-0.9939470818124694
1767064446.603817,3588,combined_score,0.0,0.9939470818124694,0.0,-0.9939470818124694
1767064487.885329,3584,combined_score,0.0,0.9939470818124694,0.0,-0.9939470818124694
1767064556.0269153,3589,combined_score,0.9745645351274409,0.9939470818124694,0.9745645351274409,-0.01938254668502848
1767064567.9337747,3591,combined_score,0.0,0.9939470818124694,-0.9745645351274409,-0.9939470818124694
1767064594.517472,3586,combined_score,0.0,0.9939470818124694,0.0,-0.9939470818124694
1767064655.039907,3590,combined_score,0.9781221711043373,0.9939470818124694,0.9781221711043373,-0.01582491070813208
1767064750.7045326,3592,combined_score,0.9700631560896158,0.9939470818124694,-0.008059015014721504,-0.023883925722853583
1767064774.6127362,3594,combined_score,0.0,0.9939470818124694,-0.9700631560896158,-0.9939470818124694
1767064810.7703462,3593,combined_score,0.9806129305024307,0.9939470818124694,0.9806129305024307,-0.013334151310038678
1767064853.616571,3595,combined_score,0.9791628951924104,0.9939470818124694,-0.0014500353100203034,-0.014784186620058981
1767064919.8726468,3596,combined_score,0.0,0.9939470818124694,-0.9791628951924104,-0.9939470818124694
1767064933.654598,3597,combined_score,0.0,0.9939470818124694,0.0,-0.9939470818124694
1767065040.1371772,3599,combined_score,0.9885283057678161,0.9939470818124694,0.9885283057678161,-0.00541877604465324
1767065059.7527318,3601,combined_score,0.8610442771216469,0.9939470818124694,-0.12748402864616926,-0.1329028046908225
1767065080.96728,3600,combined_score,0.0,0.9939470818124694,-0.8610442771216469,-0.9939470818124694
1767065157.8491714,3604,combined_score,0.9009879806626468,0.9939470818124694,0.9009879806626468,-0.09295910114982253
1767065173.8371344,3598,combined_score,0.0,0.9939470818124694,-0.9009879806626468,-0.9939470818124694
1767065193.2741513,3603,combined_score,0.9394885855256171,0.9939470818124694,0.9394885855256171,-0.05445849628685229
1767065210.2001047,3602,combined_score,0.9721090411579524,0.9939470818124694,0.03262045563233529,-0.021838040654517
1767065322.6183114,3605,combined_score,0.0,0.9939470818124694,-0.9721090411579524,-0.9939470818124694
1767065338.437861,3606,combined_score,0.0,0.9939470818124694,0.0,-0.9939470818124694
1767065371.426501,3608,combined_score,0.9599234902141413,0.9939470818124694,0.9599234902141413,-0.03402359159832813
1767065382.6340787,3607,combined_score,0.0,0.9939470818124694,-0.9599234902141413,-0.9939470818124694
1767065408.1481798,3609,combined_score,0.8184896963082215,0.9939470818124694,0.8184896963082215,-0.17545738550424783
1767065452.9131656,3613,combined_score,0.9617417882005186,0.9939470818124694,0.14325209189229704,-0.03220529361195079
1767065512.0675216,3610,combined_score,0.9698259553993387,0.9939470818124694,0.008084167198820102,-0.02412112641313069
1767065578.662213,3611,combined_score,0.9833151526377946,0.9939470818124694,0.013489197238455874,-0.010631929174674815
1767065587.9188683,3612,combined_score,0.9783846918060576,0.9939470818124694,-0.0049304608317369825,-0.015562390006411797
1767065639.5608068,3614,combined_score,0.9939470818124694,0.9939470818124694,0.015562390006411797,0.0
1767065696.6829054,3615,combined_score,0.9457114925883976,0.9939470818124694,-0.048235589224071784,-0.048235589224071784
1767065816.593681,3616,combined_score,0.9754627614764495,0.9939470818124694,0.029751268888051907,-0.018484320336019877
1767065836.3044543,3617,combined_score,0.947553023235931,0.9939470818124694,-0.027909738240518456,-0.04639405857653833
1767065914.7921343,3619,combined_score,0.9731144296632479,0.9939470818124694,0.025561406427316857,-0.020832652149221476
1767065959.8622978,3621,combined_score,0.8980985294593952,0.9939470818124694,-0.07501590020385274,-0.09584855235307421
1767065995.2341444,3620,combined_score,0.9777667359239137,0.9939470818124694,0.07966820646451855,-0.01618034588855566
1767066093.7951345,3618,combined_score,0.0,0.9939470818124694,-0.9777667359239137,-0.9939470818124694
1767066143.0878646,3622,combined_score,0.9823861413514748,0.9939470818124694,0.9823861413514748,-0.01156094046099454
1767066148.683183,3623,combined_score,0.9807469045313466,0.9939470818124694,-0.0016392368201282315,-0.013200177281122771
1767066216.8266537,3624,combined_score,0.9835945694701905,0.9939470818124694,0.002847664938843919,-0.010352512342278852
1767066300.6517034,3625,combined_score,0.9811496307707706,0.9939470818124694,-0.002444938699419974,-0.012797451041698826
1767066366.941533,3627,combined_score,0.0,0.9939470818124694,-0.9811496307707706,-0.9939470818124694
1767066475.693323,3629,combined_score,0.0,0.9939470818124694,0.0,-0.9939470818124694
1767066524.6759953,3628,combined_score,0.9105665470481588,0.9939470818124694,0.9105665470481588,-0.08338053476431062
1767066540.8895562,3630,combined_score,0.0,0.9939470818124694,-0.9105665470481588,-0.9939470818124694
1767066574.8040311,3626,combined_score,0.0,0.9939470818124694,0.0,-0.9939470818124694
1767066695.1419966,3632,combined_score,0.0,0.9939470818124694,0.0,-0.9939470818124694
1767066723.0494099,3631,combined_score,0.9736566302929657,0.9939470818124694,0.9736566302929657,-0.020290451519503705
1767066761.8466508,3633,combined_score,0.9700613571234616,0.9939470818124694,-0.003595273169504032,-0.023885724689007737
1767066800.8532002,3634,combined_score,0.9549081056433237,0.9939470818124694,-0.015153251480137908,-0.039038976169145645
1767066878.394426,3636,combined_score,0.0,0.9939470818124694,-0.9549081056433237,-0.9939470818124694
1767066886.5177915,3635,combined_score,0.9435062641818509,0.9939470818124694,0.9435062641818509,-0.05044081763061847
1767066991.0165892,3637,combined_score,0.9759134468570221,0.9939470818124694,0.032407182675171176,-0.018033634955447297
1767067003.0424266,3638,combined_score,0.9661570680399973,0.9939470818124694,-0.009756378817024736,-0.027790013772472033
1767067049.6514916,3640,combined_score,0.0,0.9939470818124694,-0.9661570680399973,-0.9939470818124694
1767067107.424878,3639,combined_score,0.9664286337770713,0.9939470818124694,0.9664286337770713,-0.027518448035398047
1767067160.2071118,3642,combined_score,0.9692967141046726,0.9939470818124694,0.002868080327601219,-0.024650367707796828
1767067209.333551,3641,combined_score,0.9797424706348701,0.9939470818124694,0.010445756530197525,-0.014204611177599302
1767067271.6215653,3643,combined_score,0.9841121762843708,0.9939470818124694,0.004369705649500677,-0.009834905528098625
1767067296.3499784,3644,combined_score,0.9937572212053868,0.9939470818124694,0.009645044921016033,-0.00018986060708259256
1767067392.0730684,3645,combined_score,0.979540586877634,0.9939470818124694,-0.014216634327752775,-0.014406494934835368
1767067429.4750826,3646,combined_score,0.9785045701502733,0.9939470818124694,-0.0010360167273607557,-0.015442511662196123
1767067442.836084,3647,combined_score,0.9885868988942913,0.9939470818124694,0.010082328744018043,-0.00536018291817808
1767067490.961584,3648,combined_score,0.9822329151754899,0.9939470818124694,-0.006353983718801359,-0.01171416663697944
1767067563.786784,3649,combined_score,0.0,0.9939470818124694,-0.9822329151754899,-0.9939470818124694
1767067597.827683,3650,combined_score,0.0,0.9939470818124694,0.0,-0.9939470818124694
1767067703.5624247,3652,combined_score,0.9828743121205578,0.9939470818124694,0.9828743121205578,-0.011072769691911621
1767067708.3203797,3653,combined_score,0.9672161498151646,0.9939470818124694,-0.015658162305393186,-0.026730931997304808
1767067786.060061,3655,combined_score,0.9776977949840511,0.9939470818124694,0.0104816451688865,-0.016249286828418308
1767067882.4056692,3657,combined_score,0.9864752162356122,0.9939470818124694,0.008777421251561113,-0.007471865576857195
1767067913.1939664,3656,combined_score,0.0,0.9939470818124694,-0.9864752162356122,-0.9939470818124694
1767067957.540149,3659,combined_score,0.0,0.9939470818124694,0.0,-0.9939470818124694
1767067992.7618968,3654,combined_score,0.0,0.9939470818124694,0.0,-0.9939470818124694
1767067993.122542,3658,combined_score,0.9767656412418642,0.9939470818124694,0.9767656412418642,-0.017181440570605222
1767068029.2746716,3661,combined_score,0.0,0.9939470818124694,-0.9767656412418642,-0.9939470818124694
1767068067.1104317,3660,combined_score,0.0,0.9939470818124694,0.0,-0.9939470818124694
1767068144.3198001,3663,combined_score,0.0,0.9939470818124694,0.0,-0.9939470818124694
1767068149.8329732,3662,combined_score,0.0,0.9939470818124694,0.0,-0.9939470818124694
1767068220.326646,3664,combined_score,0.9905749536223363,0.9939470818124694,0.9905749536223363,-0.0033721281901331057
1767068287.5160441,3666,combined_score,0.0,0.9939470818124694,-0.9905749536223363,-0.9939470818124694
1767068334.4490972,3667,combined_score,0.9803892236540027,0.9939470818124694,0.9803892236540027,-0.013557858158466662
1767068391.887158,3668,combined_score,0.0,0.9939470818124694,-0.9803892236540027,-0.9939470818124694
1767068503.7603283,3665,combined_score,0.0,0.9939470818124694,0.0,-0.9939470818124694
1767068510.3526757,3669,combined_score,0.9747831540686243,0.9939470818124694,0.9747831540686243,-0.01916392774384512
1767068614.4867904,3670,combined_score,0.9771318172615976,0.9939470818124694,0.0023486631929733326,-0.01681526455087179
1767068623.2309868,3671,combined_score,0.9726569439832882,0.9939470818124694,-0.004474873278309421,-0.02129013782918121
1767068656.459359,3672,combined_score,0.0,0.9939470818124694,-0.9726569439832882,-0.9939470818124694
1767068668.3224003,3675,combined_score,0.0,0.9939470818124694,0.0,-0.9939470818124694
1767068670.7407877,3674,combined_score,0.0,0.9939470818124694,0.0,-0.9939470818124694
1767068715.3422537,3673,combined_score,0.0,0.9939470818124694,0.0,-0.9939470818124694
1767068812.4690342,3678,combined_score,0.9742551962620061,0.9939470818124694,0.9742551962620061,-0.019691885550463306
1767068817.977464,3676,combined_score,0.0,0.9939470818124694,-0.9742551962620061,-0.9939470818124694
1767068834.6471674,3677,combined_score,0.0,0.9939470818124694,0.0,-0.9939470818124694
1767068926.726614,3679,combined_score,0.9290937204429339,0.9939470818124694,0.9290937204429339,-0.06485336136953546
1767068993.5812933,3680,combined_score,0.9526379685243507,0.9939470818124694,0.023544248081416752,-0.041309113288118704
1767068997.293717,3681,combined_score,0.0,0.9939470818124694,-0.9526379685243507,-0.9939470818124694
1767069065.689832,3682,combined_score,0.0,0.9939470818124694,0.0,-0.9939470818124694
1767069084.3707201,3683,combined_score,0.0,0.9939470818124694,0.0,-0.9939470818124694
1767069185.633864,3684,combined_score,0.9873857929226464,0.9939470818124694,0.9873857929226464,-0.0065612888898229915
1767069233.866316,3685,combined_score,0.9851025744617834,0.9939470818124694,-0.00228321846086299,-0.008844507350685982
1767069259.6115136,3687,combined_score,0.9790457885958697,0.9939470818124694,-0.006056785865913739,-0.01490129321659972
1767069267.0165143,3686,combined_score,0.985186616993702,0.9939470818124694,0.006140828397832365,-0.008760464818767355
1767069376.8886564,3688,combined_score,0.0,0.9939470818124694,-0.985186616993702,-0.9939470818124694
1767069418.0537062,3691,combined_score,0.0,0.9939470818124694,0.0,-0.9939470818124694
1767069440.5196235,3689,combined_score,0.0,0.9939470818124694,0.0,-0.9939470818124694
1767069451.4153042,3690,combined_score,0.9800220984053029,0.9939470818124694,0.9800220984053029,-0.013924983407166525
1767069536.5918584,3692,combined_score,0.0,0.9939470818124694,-0.9800220984053029,-0.9939470818124694
1767069606.3755157,3695,combined_score,0.0,0.9939470818124694,0.0,-0.9939470818124694
1767069631.6593704,3693,combined_score,0.9740738770891452,0.9939470818124694,0.9740738770891452,-0.01987320472332421
1767069714.1425295,3694,combined_score,0.9819426578372884,0.9939470818124694,0.007868780748143234,-0.012004423975180978
1767069748.2694185,3697,combined_score,0.0,0.9939470818124694,-0.9819426578372884,-0.9939470818124694
1767069750.9889328,3696,combined_score,0.0,0.9939470818124694,0.0,-0.9939470818124694
1767069752.5043044,3699,combined_score,0.0,0.9939470818124694,0.0,-0.9939470818124694
1767069823.2453208,3698,combined_score,0.9877899377350028,0.9939470818124694,0.9877899377350028,-0.006157144077466592
1767069936.2509637,3702,combined_score,0.0,0.9939470818124694,-0.9877899377350028,-0.9939470818124694
1767069946.4057448,3701,combined_score,0.9502969972343068,0.9939470818124694,0.9502969972343068,-0.04365008457816255
1767069955.3577223,3700,combined_score,0.9805622569922651,0.9939470818124694,0.03026525975795824,-0.01338482482020431
1767070031.0577629,3703,combined_score,0.9772163400326173,0.9939470818124694,-0.00334591695964781,-0.01673074177985212
1767070035.426729,3704,combined_score,0.940347582494007,0.9939470818124694,-0.0368687575386103,-0.05359949931846242
1767070104.2531543,3705,combined_score,0.0,0.9939470818124694,-0.940347582494007,-0.9939470818124694
1767070167.1409535,3706,combined_score,0.9538599554941279,0.9939470818124694,0.9538599554941279,-0.04008712631834144
1767070204.7936943,3707,combined_score,0.9841429381915484,0.9939470818124694,0.03028298269742047,-0.009804143620920969
1767070236.2978287,3708,combined_score,0.966104447977665,0.9939470818124694,-0.018038490213883374,-0.027842633834804342
1767070311.4277184,3709,combined_score,0.9738259982741895,0.9939470818124694,0.007721550296524438,-0.020121083538279905
1767070354.3344846,3710,combined_score,0.9537379639848772,0.9939470818124694,-0.020088034289312273,-0.04020911782759218
1767070356.152976,3711,combined_score,0.981762010081515,0.9939470818124694,0.028024046096637778,-0.0121850717309544
1767070380.1798804,3713,combined_score,0.0,0.9939470818124694,-0.981762010081515,-0.9939470818124694
1767070399.205905,3712,combined_score,0.0,0.9939470818124694,0.0,-0.9939470818124694
1767070473.2680807,3715,combined_score,0.0,0.9939470818124694,0.0,-0.9939470818124694
1767070522.9707987,3714,combined_score,0.983042135521702,0.9939470818124694,0.983042135521702,-0.010904946290767326
1767070588.520875,3717,combined_score,0.944604493063564,0.9939470818124694,-0.03843764245813808,-0.0493425887489054
1767070599.2128637,3716,combined_score,0.0,0.9939470818124694,-0.944604493063564,-0.9939470818124694
1767070619.547631,3718,combined_score,0.9764576810072016,0.9939470818124694,0.9764576810072016,-0.01748940080526773
1767070760.9983737,3722,combined_score,0.0,0.9939470818124694,-0.9764576810072016,-0.9939470818124694
1767070765.7903428,3719,combined_score,0.0,0.9939470818124694,0.0,-0.9939470818124694
1767070767.666132,3720,combined_score,0.9795664543400913,0.9939470818124694,0.9795664543400913,-0.014380627472378116
1767070774.456469,3721,combined_score,0.9738251934665262,0.9939470818124694,-0.005741260873565079,-0.020121888345943195
1767070929.5400307,3723,combined_score,0.9574756385692365,0.9939470818124694,-0.01634955489728973,-0.036471443243232926
1767070968.0638046,3724,combined_score,0.983583747150765,0.9939470818124694,0.026108108581528566,-0.01036333466170436
1767070980.7074304,3725,combined_score,0.9798807833357097,0.9939470818124694,-0.0037029638150553046,-0.014066298476759664
1767071006.9168994,3726,combined_score,0.9778438865776206,0.9939470818124694,-0.0020368967580891573,-0.01610319523484882
1767071161.6873727,3728,combined_score,0.0,0.9939470818124694,-0.9778438865776206,-0.9939470818124694
1767071173.859305,3729,combined_score,0.9809360613109623,0.9939470818124694,0.9809360613109623,-0.013011020501507042
1767071177.0046263,3727,combined_score,0.930663910202355,0.9939470818124694,-0.05027215110860739,-0.06328317161011443
1767071244.889695,3730,combined_score,0.0,0.9939470818124694,-0.930663910202355,-0.9939470818124694
1767071302.509878,3732,combined_score,0.0,0.9939470818124694,0.0,-0.9939470818124694
1767071347.8854768,3731,combined_score,0.9802777359282665,0.9939470818124694,0.9802777359282665,-0.013669345884202877
1767071395.3300838,3734,combined_score,0.0,0.9939470818124694,-0.9802777359282665,-0.9939470818124694
1767071438.3706694,3735,combined_score,0.9534409928568388,0.9939470818124694,0.9534409928568388,-0.04050608895563057
1767071528.8317003,3733,combined_score,0.0,0.9939470818124694,-0.9534409928568388,-0.9939470818124694
1767071565.8548307,3736,combined_score,0.0,0.9939470818124694,0.0,-0.9939470818124694
1767071588.4600422,3737,combined_score,0.9865595933487523,0.9939470818124694,0.9865595933487523,-0.007387488463717062
1767071704.488974,3739,combined_score,0.968975044736537,0.9939470818124694,-0.017584548612215367,-0.02497203707593243
1767071717.7450185,3741,combined_score,0.9650692042620881,0.9939470818124694,-0.003905840474448863,-0.028877877550381292
1767071723.0433538,3738,combined_score,0.0,0.9939470818124694,-0.9650692042620881,-0.9939470818124694
1767071734.5072773,3740,combined_score,0.9572412079914822,0.9939470818124694,0.9572412079914822,-0.03670587382098722
1767071850.2581992,3742,combined_score,0.0,0.9939470818124694,-0.9572412079914822,-0.9939470818124694
1767071929.4700031,3743,combined_score,0.9893531189380877,0.9939470818124694,0.9893531189380877,-0.00459396287438163
1767071935.1147935,3745,combined_score,0.9730941360134056,0.9939470818124694,-0.016258982924682197,-0.020852945799063827
1767071944.819876,3746,combined_score,0.0,0.9939470818124694,-0.9730941360134056,-0.9939470818124694
1767072015.1257815,3747,combined_score,0.0,0.9939470818124694,0.0,-0.9939470818124694
1767072082.291597,3748,combined_score,0.0,0.9939470818124694,0.0,-0.9939470818124694
1767072121.9950554,3750,combined_score,0.9209765676382375,0.9939470818124694,0.9209765676382375,-0.07297051417423184
1767072140.1455586,3749,combined_score,0.9815679795922372,0.9939470818124694,0.06059141195399964,-0.012379102220232197
1767072212.197515,3751,combined_score,0.9656055056239985,0.9939470818124694,-0.01596247396823869,-0.028341576188470885
1767072307.1465354,3752,combined_score,0.9763263494206477,0.9939470818124694,0.010720843796649171,-0.017620732391821714
1767072328.402668,3754,combined_score,0.9796601763438556,0.9939470818124694,0.0033338269232079387,-0.014286905468613775
1767072367.8301568,3753,combined_score,0.9871491482061494,0.9939470818124694,0.007488971862293803,-0.0067979336063199725
1767072421.6287837,3756,combined_score,0.9018651137592112,0.9939470818124694,-0.08528403444693822,-0.09208196805325819
1767072508.8985775,3758,combined_score,0.0,0.9939470818124694,-0.9018651137592112,-0.9939470818124694
1767072571.2274656,3757,combined_score,0.0,0.9939470818124694,0.0,-0.9939470818124694
1767072642.1864548,3755,combined_score,0.0,0.9939470818124694,0.0,-0.9939470818124694
1767072732.6504023,3761,combined_score,0.9012611321916942,0.9939470818124694,0.9012611321916942,-0.09268594962077514
1767072762.2256498,3762,combined_score,0.9084681337598598,0.9939470818124694,0.007207001568165561,-0.08547894805260958
1767072811.7367918,3759,combined_score,0.975804411946446,0.9939470818124694,0.06733627818658616,-0.01814266986602342
1767072883.727687,3760,combined_score,0.0,0.9939470818124694,-0.975804411946446,-0.9939470818124694
1767072903.9210594,3763,combined_score,0.0,0.9939470818124694,0.0,-0.9939470818124694
1767073008.397459,3764,combined_score,0.9375107994648011,0.9939470818124694,0.9375107994648011,-0.05643628234766829
1767073038.8041859,3767,combined_score,0.9565034931916989,0.9939470818124694,0.018992693726897825,-0.03744358862077046
1767073088.8472743,3765,combined_score,0.9761553097991299,0.9939470818124694,0.019651816607430983,-0.01779177201333948
1767073118.1647708,3766,combined_score,0.9792362205127464,0.9939470818124694,0.0030809107136164915,-0.014710861299722988
1767073170.7302828,3768,combined_score,0.0,0.9939470818124694,-0.9792362205127464,-0.9939470818124694
1767073259.1481273,3770,combined_score,0.9786431361171466,0.9939470818124694,0.9786431361171466,-0.015303945695322785
1767073298.2563345,3771,combined_score,0.9149877504429699,0.9939470818124694,-0.06365538567417672,-0.07895933136949951
1767073376.1901228,3772,combined_score,0.977919762441369,0.9939470818124694,0.06293201199839915,-0.016027319371100357
1767073438.3444529,3773,combined_score,0.8927785349334328,0.9939470818124694,-0.08514122750793618,-0.10116854687903654
1767073475.3187456,3769,combined_score,0.0,0.9939470818124694,-0.8927785349334328,-0.9939470818124694
1767073508.3964858,3774,combined_score,0.9717163135970265,0.9939470818124694,0.9717163135970265,-0.022230768215442898
1767073580.7868135,3775,combined_score,0.0,0.9939470818124694,-0.9717163135970265,-0.9939470818124694
1767073630.89362,3776,combined_score,0.9673805617098229,0.9939470818124694,0.9673805617098229,-0.026566520102646485
1767073680.723865,3778,combined_score,0.0,0.9939470818124694,-0.9673805617098229,-0.9939470818124694
1767073697.7159727,3777,combined_score,0.9147341003815799,0.9939470818124694,0.9147341003815799,-0.0792129814308895
1767073779.5253603,3779,combined_score,0.9766963508595916,0.9939470818124694,0.06196225047801174,-0.01725073095287777
1767073821.7760127,3780,combined_score,0.9733000456264742,0.9939470818124694,-0.0033963052331174026,-0.02064703618599517
1767073835.1760652,3782,combined_score,0.971762916615492,0.9939470818124694,-0.001537129010982241,-0.022184165196977412
1767073857.9215598,3781,combined_score,0.9718036265534538,0.9939470818124694,4.0709937961791454e-05,-0.02214345525901562
1767073901.385552,3783,combined_score,0.9450168638266742,0.9939470818124694,-0.0267867627267796,-0.04893021798579522
1767074025.8035278,3785,combined_score,0.0,0.9939470818124694,-0.9450168638266742,-0.9939470818124694
1767074029.8092756,3784,combined_score,0.0,0.9939470818124694,0.0,-0.9939470818124694
1767074075.9199278,3786,combined_score,0.9789037736075619,0.9939470818124694,0.9789037736075619,-0.015043308204907513
1767074150.2282953,3788,combined_score,0.9276427961453045,0.9939470818124694,-0.05126097746225733,-0.06630428566716484
1767074208.7386475,3787,combined_score,0.0,0.9939470818124694,-0.9276427961453045,-0.9939470818124694
1767074218.5124483,3789,combined_score,0.9791758026145871,0.9939470818124694,0.9791758026145871,-0.014771279197882237
1767074241.9134183,3790,combined_score,0.9732613306976967,0.9939470818124694,-0.005914471916890429,-0.020685751114772666
1767074354.1873057,3791,combined_score,0.9784915167319984,0.9939470818124694,0.005230186034301698,-0.015455565080470968
1767074409.6932743,3792,combined_score,0.9841171454837333,0.9939470818124694,0.00562562875173489,-0.009829936328736077
1767074417.540329,3793,combined_score,0.9842148592972979,0.9939470818124694,9.771381356460385e-05,-0.009732222515171474
1767074492.2865882,3794,combined_score,0.0,0.9939470818124694,-0.9842148592972979,-0.9939470818124694
1767074525.6357408,3795,combined_score,0.9603342638962442,0.9939470818124694,0.9603342638962442,-0.03361281791622517
1767074544.4602427,3796,combined_score,0.0,0.9939470818124694,-0.9603342638962442,-0.9939470818124694
1767074575.0927477,3797,combined_score,0.0,0.9939470818124694,0.0,-0.9939470818124694
1767074590.2395015,3800,combined_score,0.0,0.9939470818124694,0.0,-0.9939470818124694
1767074665.0142152,3798,combined_score,0.9793933050836612,0.9939470818124694,0.9793933050836612,-0.014553776728808199
1767074694.7766812,3799,combined_score,0.0,0.9939470818124694,-0.9793933050836612,-0.9939470818124694
1767074798.2263691,3801,combined_score,0.9756689535886385,0.9939470818124694,0.9756689535886385,-0.018278128223830903
1767074822.7223935,3804,combined_score,0.9722803484474055,0.9939470818124694,-0.0033886051412329588,-0.02166673336506386
1767074824.2912729,3803,combined_score,0.980310767895866,0.9939470818124694,0.008030419448460502,-0.01363631391660336
1767074966.0894551,3806,combined_score,0.9410012416770177,0.9939470818124694,-0.03930952621884831,-0.05294584013545167
1767074966.29662,3805,combined_score,0.0,0.9939470818124694,-0.9410012416770177,-0.9939470818124694
1767074981.3256154,3807,combined_score,0.0,0.9939470818124694,0.0,-0.9939470818124694
1767075045.939981,3802,combined_score,0.0,0.9939470818124694,0.0,-0.9939470818124694
1767075109.7489622,3809,combined_score,0.0,0.9939470818124694,0.0,-0.9939470818124694
1767075183.7617142,3808,combined_score,0.9775792581119854,0.9939470818124694,0.9775792581119854,-0.016367823700483952
1767075235.0016446,3811,combined_score,0.9799838460633812,0.9939470818124694,0.0024045879513957535,-0.013963235749088199
1767075345.9332345,3813,combined_score,0.0,0.9939470818124694,-0.9799838460633812,-0.9939470818124694
1767075420.034445,3810,combined_score,0.0,0.9939470818124694,0.0,-0.9939470818124694
1767075438.051031,3814,combined_score,0.9739047637523285,0.9939470818124694,0.9739047637523285,-0.020042318060140896
1767075483.7246258,3815,combined_score,0.9785208132682169,0.9939470818124694,0.004616049515888454,-0.015426268544252442
1767075555.464596,3812,combined_score,0.0,0.9939470818124694,-0.9785208132682169,-0.9939470818124694
1767075621.137523,3816,combined_score,0.9696158365634935,0.9939470818124694,0.9696158365634935,-0.024331245248975897
1767075664.6393423,3817,combined_score,0.976334554261162,0.9939470818124694,0.006718717697668519,-0.017612527551307378
1767075683.3924248,3818,combined_score,0.0,0.9939470818124694,-0.976334554261162,-0.9939470818124694
1767075702.0010912,3820,combined_score,0.8747003802290456,0.9939470818124694,0.8747003802290456,-0.11924670158342376
1767075751.4539948,3819,combined_score,0.9744169708337067,0.9939470818124694,0.09971659060466109,-0.01953011097876267
1767075867.616063,3821,combined_score,0.9678109889447135,0.9939470818124694,-0.006605981888993195,-0.026136092867755867
1767075915.955094,3824,combined_score,0.0,0.9939470818124694,-0.9678109889447135,-0.9939470818124694
1767075918.341672,3823,combined_score,0.9904341596171382,0.9939470818124694,0.9904341596171382,-0.0035129221953311696
1767075974.6163301,3825,combined_score,0.9826619826874363,0.9939470818124694,-0.0077721769297018906,-0.01128509912503306
1767076067.687181,3826,combined_score,0.0,0.9939470818124694,-0.9826619826874363,-0.9939470818124694
1767076123.8786955,3827,combined_score,0.9833418691284312,0.9939470818124694,0.9833418691284312,-0.010605212684038134
1767076126.2480338,3829,combined_score,0.0,0.9939470818124694,-0.9833418691284312,-0.9939470818124694
1767076152.5644155,3828,combined_score,0.9761256683480191,0.9939470818124694,0.9761256683480191,-0.01782141346445032
1767076323.1498442,3831,combined_score,0.0,0.9939470818124694,-0.9761256683480191,-0.9939470818124694
1767076331.4765284,3830,combined_score,0.9729467440465444,0.9939470818124694,0.9729467440465444,-0.021000337765925026
1767076340.5171108,3833,combined_score,0.9939470818124694,0.9939470818124694,0.021000337765925026,0.0
1767076463.5647035,3836,combined_score,0.9645485208912934,0.9939470818124694,-0.029398560921175987,-0.029398560921175987
1767076470.9227297,3834,combined_score,0.9347852196285172,0.9939470818124694,-0.029763301262776154,-0.05916186218395214
1767076551.2326133,3835,combined_score,0.9892321421054698,0.9939470818124694,0.0544469224769526,-0.004714939706999544
1767076551.241459,3832,combined_score,0.0,0.9939470818124694,-0.9892321421054698,-0.9939470818124694
1767076657.4547262,3837,combined_score,0.9871303927380578,0.9939470818124694,0.9871303927380578,-0.006816689074411575
1767076756.3060071,3840,combined_score,0.9763381708315838,0.9939470818124694,-0.010792221906473998,-0.017608910980885573
1767076756.550352,3839,combined_score,0.0,0.9939470818124694,-0.9763381708315838,-0.9939470818124694
1767076896.3329237,3842,combined_score,0.0,0.9939470818124694,0.0,-0.9939470818124694
1767076956.342918,3843,combined_score,0.9745770263164529,0.9939470818124694,0.9745770263164529,-0.019370055496016447
1767077021.9455643,3844,combined_score,0.90652430806232,0.9939470818124694,-0.06805271825413295,-0.0874227737501494
1767077046.645548,3838,combined_score,0.0,0.9939470818124694,-0.90652430806232,-0.9939470818124694
1767077105.0618124,3841,combined_score,0.0,0.9939470818124694,0.0,-0.9939470818124694
1767077130.8828125,3845,combined_score,0.9678528461574192,0.9939470818124694,0.9678528461574192,-0.026094235655050202
1767077168.4943492,3848,combined_score,0.0,0.9939470818124694,-0.9678528461574192,-0.9939470818124694
1767077205.3832977,3846,combined_score,0.0,0.9939470818124694,0.0,-0.9939470818124694
1767077218.3946,3849,combined_score,0.0,0.9939470818124694,0.0,-0.9939470818124694
1767077267.5194712,3847,combined_score,0.9784389003790572,0.9939470818124694,0.9784389003790572,-0.01550818143341215
1767077311.7505963,3850,combined_score,0.9810604672098957,0.9939470818124694,0.002621566830838473,-0.012886614602573676
1767077395.9341278,3854,combined_score,0.0,0.9939470818124694,-0.9810604672098957,-0.9939470818124694
1767077424.3745923,3853,combined_score,0.0,0.9939470818124694,0.0,-0.9939470818124694
1767077425.4105616,3852,combined_score,0.9547032143452528,0.9939470818124694,0.9547032143452528,-0.03924386746721653
1767077427.8630524,3851,combined_score,0.9668876630909906,0.9939470818124694,0.012184448745737764,-0.027059418721478767
1767077515.953059,3858,combined_score,0.0,0.9939470818124694,-0.9668876630909906,-0.9939470818124694
1767077643.5758152,3855,combined_score,0.9736356480891746,0.9939470818124694,0.9736356480891746,-0.020311433723294803
1767077660.754391,3857,combined_score,0.9741924885398986,0.9939470818124694,0.0005568404507240166,-0.019754593272570786
1767077661.0011818,3856,combined_score,0.9830053593299014,0.9939470818124694,0.008812870790002814,-0.010941722482567973
1767077742.9594865,3859,combined_score,0.9796233037828144,0.9939470818124694,-0.0033820555470870373,-0.01432377802965501
1767077836.8261762,3860,combined_score,0.9554448889506926,0.9939470818124694,-0.024178414832121797,-0.03850219286177681
1767077868.0017703,3861,combined_score,0.9841515856309937,0.9939470818124694,0.028706696680301125,-0.009795496181475682
1767077895.4869716,3862,combined_score,0.9803011844056747,0.9939470818124694,-0.003850401225318989,-0.013645897406794671
1767077925.5182862,3863,combined_score,0.9850879039134359,0.9939470818124694,0.004786719507761217,-0.008859177899033455
1767078082.110639,3865,combined_score,0.9790136814935887,0.9939470818124694,-0.0060742224198472305,-0.014933400318880685
1767078097.245932,3866,combined_score,0.9802378693565579,0.9939470818124694,0.0012241878629691838,-0.013709212455911501
1767078101.6929574,3864,combined_score,0.975847970288919,0.9939470818124694,-0.004389899067638869,-0.01809911152355037
1767078131.3963392,3867,combined_score,0.9870195574705759,0.9939470818124694,0.011171587181656895,-0.006927524341893476
1767078163.4229324,3868,combined_score,0.9091351331483903,0.9939470818124694,-0.07788442432218556,-0.08481194866407904
1767078166.5118003,3869,combined_score,0.0,0.9939470818124694,-0.9091351331483903,-0.9939470818124694
1767078201.5522046,3873,combined_score,0.7007076085995545,0.9939470818124694,0.7007076085995545,-0.2932394732129149
1767078296.7372863,3870,combined_score,0.9887750898573482,0.9939470818124694,0.2880674812577937,-0.005171991955121191
1767078329.8599467,3872,combined_score,0.0,0.9939470818124694,-0.9887750898573482,-0.9939470818124694
1767078358.236449,3871,combined_score,0.9927544273864912,0.9939470818124694,0.9927544273864912,-0.0011926544259781569
1767078362.8388228,3874,combined_score,0.8987643651295444,0.9939470818124694,-0.09399006225694684,-0.095182716682925
1767078367.1664658,3876,combined_score,0.0,0.9939470818124694,-0.8987643651295444,-0.9939470818124694
1767078474.597701,3875,combined_score,0.0,0.9939470818124694,0.0,-0.9939470818124694
1767078497.0528867,3879,combined_score,0.8739903628870439,0.9939470818124694,0.8739903628870439,-0.11995671892542548
1767078524.6053138,3878,combined_score,0.9829722259539421,0.9939470818124694,0.10898186306689817,-0.01097485585852731
1767078552.2915914,3877,combined_score,0.9754861433750096,0.9939470818124694,-0.0074860825789324625,-0.018460938437459773
1767078700.541386,3881,combined_score,0.9892040246535514,0.9939470818124694,0.013717881278541788,-0.004743057158917985
1767078713.1122546,3883,combined_score,0.9822819224689991,0.9939470818124694,-0.006922102184552248,-0.011665159343470233
1767078730.856542,3880,combined_score,0.0,0.9939470818124694,-0.9822819224689991,-0.9939470818124694
1767078785.5165725,3882,combined_score,0.8903932722234421,0.9939470818124694,0.8903932722234421,-0.10355380958902727
1767078815.925043,3885,combined_score,0.0,0.9939470818124694,-0.8903932722234421,-0.9939470818124694
1767078889.9704742,3884,combined_score,0.9790163415232801,0.9939470818124694,0.9790163415232801,-0.014930740289189282
1767078968.8043404,3888,combined_score,0.0,0.9939470818124694,-0.9790163415232801,-0.9939470818124694
1767078983.6712077,3887,combined_score,0.9807769931618676,0.9939470818124694,0.9807769931618676,-0.013170088650601763
1767079021.94547,3886,combined_score,0.9790179314407376,0.9939470818124694,-0.0017590617211300508,-0.014929150371731814
1767079023.7678125,3889,combined_score,0.9521011977339009,0.9939470818124694,-0.02691673370683667,-0.041845884078568485
1767079128.5335345,3891,combined_score,0.0,0.9939470818124694,-0.9521011977339009,-0.9939470818124694
1767079158.7626207,3890,combined_score,0.9790653579475499,0.9939470818124694,0.9790653579475499,-0.014881723864919483
1767079202.229205,3892,combined_score,0.9536355009938033,0.9939470818124694,-0.025429856953746555,-0.04031158081866604
1767079251.0922303,3893,combined_score,0.9891558401590532,0.9939470818124694,0.03552033916524988,-0.004791241653416156
1767079360.2253773,3894,combined_score,0.980115342730378,0.9939470818124694,-0.009040497428675187,-0.013831739082091343
1767079402.4225438,3895,combined_score,0.9661202209858848,0.9939470818124694,-0.013995121744493244,-0.027826860826584587
1767079412.4106855,3896,combined_score,0.9751618764377941,0.9939470818124694,0.00904165545190927,-0.018785205374675318
1767079451.091335,3897,combined_score,0.0,0.9939470818124694,-0.9751618764377941,-0.9939470818124694
1767079608.4320824,3898,combined_score,0.9787505020303892,0.9939470818124694,0.9787505020303892,-0.015196579782080222
1767079637.634915,3899,combined_score,0.9534185133003407,0.9939470818124694,-0.025331988730048494,-0.040528568512128715
1767079657.2692504,3900,combined_score,0.977259111725933,0.9939470818124694,0.023840598425592385,-0.01668797008653633
1767079660.3380191,3901,combined_score,0.9786183879626913,0.9939470818124694,0.0013592762367582445,-0.015328693849778086
1767079702.6147907,3902,combined_score,0.0,0.9939470818124694,-0.9786183879626913,-0.9939470818124694
1767079717.7243469,3905,combined_score,0.0,0.9939470818124694,0.0,-0.9939470818124694
1767079746.1622026,3903,combined_score,0.9754995158404285,0.9939470818124694,0.9754995158404285,-0.01844756597204089
1767079783.0716274,3907,combined_score,0.0,0.9939470818124694,-0.9754995158404285,-0.9939470818124694
1767079805.7017057,3908,combined_score,0.0,0.9939470818124694,0.0,-0.9939470818124694
1767079834.570494,3904,combined_score,0.0,0.9939470818124694,0.0,-0.9939470818124694
1767079855.1955354,3910,combined_score,0.0,0.9939470818124694,0.0,-0.9939470818124694
1767079923.7206874,3911,combined_score,0.0,0.9939470818124694,0.0,-0.9939470818124694
1767079930.26376,3906,combined_score,0.9726087792590341,0.9939470818124694,0.9726087792590341,-0.021338302553435273
1767079993.2883945,3909,combined_score,0.9905682022644492,0.9939470818124694,0.017959423005415087,-0.003378879548020186
1767080071.4094398,3914,combined_score,0.0,0.9939470818124694,-0.9905682022644492,-0.9939470818124694
1767080120.4364872,3913,combined_score,0.0,0.9939470818124694,0.0,-0.9939470818124694
1767080170.542512,3917,combined_score,0.0,0.9939470818124694,0.0,-0.9939470818124694
1767080181.3145697,3912,combined_score,0.0,0.9939470818124694,0.0,-0.9939470818124694
1767080182.984448,3915,combined_score,0.9691499220957289,0.9939470818124694,0.9691499220957289,-0.024797159716740458
1767080221.9458196,3916,combined_score,0.0,0.9939470818124694,-0.9691499220957289,-0.9939470818124694
1767080244.01848,3920,combined_score,0.925449358836474,0.9939470818124694,0.925449358836474,-0.06849772297599543
1767080324.3760648,3919,combined_score,0.0,0.9939470818124694,-0.925449358836474,-0.9939470818124694
1767080354.5270486,3918,combined_score,0.9748630789036966,0.9939470818124694,0.9748630789036966,-0.019084002908772768
1767080403.6975975,3922,combined_score,0.0,0.9939470818124694,-0.9748630789036966,-0.9939470818124694
1767080443.8780248,3921,combined_score,0.9827227143988464,0.9939470818124694,0.9827227143988464,-0.011224367413622982
1767080486.88137,3923,combined_score,0.0,0.9939470818124694,-0.9827227143988464,-0.9939470818124694
1767080575.4728117,3924,combined_score,0.9778865068681967,0.9939470818124694,0.9778865068681967,-0.01606057494427271
1767080666.1253166,3925,combined_score,0.9718454921365246,0.9939470818124694,-0.0060410147316720675,-0.022101589675944777
1767080689.7038658,3927,combined_score,0.0,0.9939470818124694,-0.9718454921365246,-0.9939470818124694
1767080758.2788825,3926,combined_score,0.8522926516719818,0.9939470818124694,0.8522926516719818,-0.14165443014048762
1767080838.7105165,3928,combined_score,0.933548200376602,0.9939470818124694,0.08125554870462026,-0.06039888143586736
1767080840.670252,3929,combined_score,0.9737449561807302,0.9939470818124694,0.04019675580412818,-0.020202125631739176
1767080900.3165996,3931,combined_score,0.0,0.9939470818124694,-0.9737449561807302,-0.9939470818124694
1767080966.7805917,3930,combined_score,0.980935968953006,0.9939470818124694,0.980935968953006,-0.013011112859463325
1767081015.7720413,3933,combined_score,0.9267434328431319,0.9939470818124694,-0.05419253610987418,-0.0672036489693375
1767081025.9003136,3935,combined_score,0.0,0.9939470818124694,-0.9267434328431319,-0.9939470818124694
1767081060.6209714,3932,combined_score,0.9691142180123165,0.9939470818124694,0.9691142180123165,-0.024832863800152927
1767081103.8894603,3934,combined_score,0.9627754190096954,0.9939470818124694,-0.006338799002621021,-0.031171662802773947
1767081243.848444,3936,combined_score,0.9850824925539741,0.9939470818124694,0.022307073544278633,-0.008864589258495315
1767081291.3048055,3938,combined_score,0.9841787266053864,0.9939470818124694,-0.0009037659485876537,-0.009768355207082968
1767081322.3936567,3939,combined_score,0.9836835225285014,0.9939470818124694,-0.0004952040768849697,-0.010263559283967938
1767081437.4531019,3942,combined_score,0.9312751915818976,0.9939470818124694,-0.0524083309466038,-0.06267189023057174
1767081455.6375196,3940,combined_score,0.0,0.9939470818124694,-0.9312751915818976,-0.9939470818124694
1767081475.5424645,3937,combined_score,0.0,0.9939470818124694,0.0,-0.9939470818124694
1767081514.605161,3941,combined_score,0.9809879149699138,0.9939470818124694,0.9809879149699138,-0.012959166842555603
1767081612.1935282,3944,combined_score,0.0,0.9939470818124694,-0.9809879149699138,-0.9939470818124694
1767081617.5311007,3943,combined_score,0.9757759232030546,0.9939470818124694,0.9757759232030546,-0.01817115860941476
1767081636.1765056,3945,combined_score,0.0,0.9939470818124694,-0.9757759232030546,-0.9939470818124694
1767081754.3678768,3946,combined_score,0.9718800588714145,0.9939470818124694,0.9718800588714145,-0.022067022941054892
1767081809.1677775,3948,combined_score,0.9798184685360695,0.9939470818124694,0.007938409664654977,-0.014128613276399915
1767081861.7108939,3951,combined_score,0.0,0.9939470818124694,-0.9798184685360695,-0.9939470818124694
1767081873.311666,3947,combined_score,0.979849982603091,0.9939470818124694,0.979849982603091,-0.014097099209378405
1767081883.8051023,3949,combined_score,0.9868009230395867,0.9939470818124694,0.0069509404364956895,-0.007146158772882716
1767081932.8812222,3950,combined_score,0.9625553321509179,0.9939470818124694,-0.024245590888668733,-0.03139174966155145
1767082028.6804469,3954,combined_score,0.0,0.9939470818124694,-0.9625553321509179,-0.9939470818124694
1767082040.6236255,3952,combined_score,0.9591566904710223,0.9939470818124694,0.9591566904710223,-0.034790391341447124
1767082089.9508622,3953,combined_score,0.9433275814177201,0.9939470818124694,-0.01582910905330215,-0.05061950039474927
1767082123.326332,3955,combined_score,0.9739344617332325,0.9939470818124694,0.030606880315512397,-0.020012620079236876
1767082200.5669043,3957,combined_score,0.0,0.9939470818124694,-0.9739344617332325,-0.9939470818124694
1767082234.165812,3958,combined_score,0.9768682078312807,0.9939470818124694,0.9768682078312807,-0.01707887398118868
1767082247.6061456,3956,combined_score,0.9795170319526907,0.9939470818124694,0.0026488241214099872,-0.014430049859778693
1767082371.8569112,3959,combined_score,0.9752863879272964,0.9939470818124694,-0.004230644025394303,-0.018660693885172996
1767082396.533186,3960,combined_score,0.9719594835244723,0.9939470818124694,-0.003326904402824127,-0.021987598287997123
1767082399.434781,3962,combined_score,0.9381799112458356,0.9939470818124694,-0.033779572278636705,-0.05576717056663383
1767082429.3146632,3961,combined_score,0.971852219963487,0.9939470818124694,0.03367230871765148,-0.02209486184898235
1767082570.8171427,3963,combined_score,0.9897031022938318,0.9939470818124694,0.01785088233034482,-0.004243979518637531
1767082584.8783398,3965,combined_score,0.9767246249465629,0.9939470818124694,-0.01297847734726898,-0.01722245686590651
1767082588.3818614,3964,combined_score,0.0,0.9939470818124694,-0.9767246249465629,-0.9939470818124694
1767082651.1867633,3966,combined_score,0.9670839661036239,0.9939470818124694,0.9670839661036239,-0.026863115708845475
1767082659.173541,3968,combined_score,0.0,0.9939470818124694,-0.9670839661036239,-0.9939470818124694
1767082725.4890082,3967,combined_score,0.0,0.9939470818124694,0.0,-0.9939470818124694
1767082730.692743,3969,combined_score,0.9728720509374643,0.9939470818124694,0.9728720509374643,-0.021075030875005063
1767082781.494758,3972,combined_score,0.0,0.9939470818124694,-0.9728720509374643,-0.9939470818124694
1767082857.1430326,3970,combined_score,0.986028364913305,0.9939470818124694,0.986028364913305,-0.007918716899164346
1767082903.6915603,3974,combined_score,0.9807683106022259,0.9939470818124694,-0.005260054311079121,-0.013178771210243467
1767082906.101888,3971,combined_score,0.9800325362434741,0.9939470818124694,-0.0007357743587518284,-0.013914545568995296
1767082943.1579454,3973,combined_score,0.9839631945734861,0.9939470818124694,0.003930658330012049,-0.009983887238983247
1767083011.7844715,3978,combined_score,0.0,0.9939470818124694,-0.9839631945734861,-0.9939470818124694
1767083068.1078274,3977,combined_score,0.0,0.9939470818124694,0.0,-0.9939470818124694
1767083072.300492,3975,combined_score,0.898790017703535,0.9939470818124694,0.898790017703535,-0.09515706410893443
1767083157.9000216,3981,combined_score,0.8847326761514344,0.9939470818124694,-0.014057341552100588,-0.10921440566103502
1767083232.6406302,3979,combined_score,0.9793380768794502,0.9939470818124694,0.09460540072801582,-0.014609004933019198
1767083249.3818622,3980,combined_score,0.9808539371918932,0.9939470818124694,0.001515860312442996,-0.013093144620576203
1767083324.236097,3984,combined_score,0.0,0.9939470818124694,-0.9808539371918932,-0.9939470818124694
1767083345.113016,3976,combined_score,0.0,0.9939470818124694,0.0,-0.9939470818124694
1767083357.9867418,3982,combined_score,0.9715438307188257,0.9939470818124694,0.9715438307188257,-0.022403251093643717
1767083498.3694355,3983,combined_score,0.8614355765177987,0.9939470818124694,-0.11010825420102699,-0.1325115052946707
1767083518.8278437,3985,combined_score,0.9743723583355348,0.9939470818124694,0.11293678181773614,-0.019574723476934563
1767083541.9904854,3986,combined_score,0.9801735372114311,0.9939470818124694,0.005801178875896262,-0.013773544601038301
1767083606.7992566,3987,combined_score,0.0,0.9939470818124694,-0.9801735372114311,-0.9939470818124694
1767083681.9421499,3991,combined_score,0.0,0.9939470818124694,0.0,-0.9939470818124694
1767083685.5293953,3988,combined_score,0.9795067253692573,0.9939470818124694,0.9795067253692573,-0.014440356443212066
1767083685.8475835,3990,combined_score,0.0,0.9939470818124694,-0.9795067253692573,-0.9939470818124694
1767083711.5292203,3993,combined_score,0.8514127587046647,0.9939470818124694,0.8514127587046647,-0.14253432310780467
1767083740.9258766,3989,combined_score,0.9860830103939987,0.9939470818124694,0.134670251689334,-0.007864071418470675
1767083800.3611236,3994,combined_score,0.9628058775298405,0.9939470818124694,-0.023277132864158223,-0.031141204282628898
1767083856.4564736,3995,combined_score,0.9562649168339599,0.9939470818124694,-0.0065409606958806155,-0.037682164978509514
1767083884.849014,3997,combined_score,0.0,0.9939470818124694,-0.9562649168339599,-0.9939470818124694
1767083896.4274998,3992,combined_score,0.964353990276731,0.9939470818124694,0.964353990276731,-0.029593091535738414
1767084016.42335,3998,combined_score,0.0,0.9939470818124694,-0.964353990276731,-0.9939470818124694
1767084067.51004,4001,combined_score,0.0,0.9939470818124694,0.0,-0.9939470818124694
1767084092.3183603,3999,combined_score,0.9836877421591195,0.9939470818124694,0.9836877421591195,-0.010259339653349908
1767084111.6638885,4000,combined_score,0.984767092020085,0.9939470818124694,0.0010793498609655838,-0.009179989792384324
1767084170.3563986,3996,combined_score,0.0,0.9939470818124694,-0.984767092020085,-0.9939470818124694
1767084228.7838972,4002,combined_score,0.0,0.9939470818124694,0.0,-0.9939470818124694
1767084238.5194037,4003,combined_score,0.0,0.9939470818124694,0.0,-0.9939470818124694
1767084336.4779992,4004,combined_score,0.9753275977308712,0.9939470818124694,0.9753275977308712,-0.018619484081598192
1767084342.7741525,4005,combined_score,0.0,0.9939470818124694,-0.9753275977308712,-0.9939470818124694
1767084454.08217,4006,combined_score,0.9762901791712729,0.9939470818124694,0.9762901791712729,-0.01765690264119646
1767084475.6731153,4007,combined_score,0.9830486285842449,0.9939470818124694,0.00675844941297199,-0.01089845322822447
1767084523.976337,4008,combined_score,0.0,0.9939470818124694,-0.9830486285842449,-0.9939470818124694
1767084557.8301284,4009,combined_score,0.9845730535314976,0.9939470818124694,0.9845730535314976,-0.00937402828097178
1767084639.1140196,4010,combined_score,0.9839815031593399,0.9939470818124694,-0.0005915503721577453,-0.009965578653129525
1767084641.5137181,4013,combined_score,0.8004318372936655,0.9939470818124694,-0.18354966586567434,-0.19351524451880386
1767084675.5446477,4012,combined_score,0.0,0.9939470818124694,-0.8004318372936655,-0.9939470818124694
1767084702.367625,4011,combined_score,0.9865255590383856,0.9939470818124694,0.9865255590383856,-0.007421522774083811
1767084795.8809137,4014,combined_score,0.0,0.9939470818124694,-0.9865255590383856,-0.9939470818124694
1767084842.4487567,4015,combined_score,0.0,0.9939470818124694,0.0,-0.9939470818124694
1767084855.9472857,4017,combined_score,0.0,0.9939470818124694,0.0,-0.9939470818124694
1767084882.5960016,4016,combined_score,0.9601058978691773,0.9939470818124694,0.9601058978691773,-0.03384118394329205
1767084946.287578,4021,combined_score,0.0,0.9939470818124694,-0.9601058978691773,-0.9939470818124694
1767085017.29488,4018,combined_score,0.9739662402978496,0.9939470818124694,0.9739662402978496,-0.019980841514619763
1767085019.0574486,4019,combined_score,0.9796061971654594,0.9939470818124694,0.005639956867609763,-0.01434088464701
1767085067.7697139,4020,combined_score,0.962052117268557,0.9939470818124694,-0.017554079896902386,-0.031894964543912385
1767085166.741753,4022,combined_score,0.977903556885027,0.9939470818124694,0.015851439616469953,-0.016043524927442432
1767085199.1502256,4024,combined_score,0.969072097465019,0.9939470818124694,-0.008831459420007959,-0.02487498434745039
1767085224.958195,4023,combined_score,0.9650947398910388,0.9939470818124694,-0.003977357573980211,-0.028852341921430602
1767085249.7113934,4025,combined_score,0.9666440646498543,0.9939470818124694,0.001549324758815529,-0.027303017162615073
1767085275.2123208,4027,combined_score,0.0,0.9939470818124694,-0.9666440646498543,-0.9939470818124694
1767085344.1832373,4030,combined_score,0.0,0.9939470818124694,0.0,-0.9939470818124694
1767085387.119563,4026,combined_score,0.9756608938695537,0.9939470818124694,0.9756608938695537,-0.0182861879429157
1767085416.150389,4029,combined_score,0.0,0.9939470818124694,-0.9756608938695537,-0.9939470818124694
1767085457.9403198,4028,combined_score,0.9698038009842418,0.9939470818124694,0.9698038009842418,-0.024143280828227587
1767085477.829974,4033,combined_score,0.0,0.9939470818124694,-0.9698038009842418,-0.9939470818124694
1767085605.0930748,4031,combined_score,0.0,0.9939470818124694,0.0,-0.9939470818124694
1767085608.129538,4032,combined_score,0.9893204132471476,0.9939470818124694,0.9893204132471476,-0.00462666856532179
1767085668.567845,4034,combined_score,0.9726061707453201,0.9939470818124694,-0.016714242501827514,-0.021340911067149304
1767085681.7606618,4035,combined_score,0.9698124474835857,0.9939470818124694,-0.0027937232617343266,-0.02413463432888363
1767085819.8204772,4037,combined_score,0.9881359775072892,0.9939470818124694,0.01832353002370346,-0.00581110430518017
1767085859.8235726,4038,combined_score,0.9814595930961703,0.9939470818124694,-0.006676384411118952,-0.012487488716299122
1767085885.5981462,4036,combined_score,0.9752185097427466,0.9939470818124694,-0.00624108335342366,-0.018728572069722782
1767085890.5500948,4040,combined_score,0.0,0.9939470818124694,-0.9752185097427466,-0.9939470818124694
1767086041.4740164,4042,combined_score,0.9660386708776589,0.9939470818124694,0.9660386708776589,-0.027908410934810446
1767086042.0891733,4043,combined_score,0.0,0.9939470818124694,-0.9660386708776589,-0.9939470818124694
1767086070.5033782,4044,combined_score,0.959553436803071,0.9939470818124694,0.959553436803071,-0.034393645009398344
1767086145.3474584,4046,combined_score,0.0,0.9939470818124694,-0.959553436803071,-0.9939470818124694
1767086181.6199825,4041,combined_score,0.9700516989516678,0.9939470818124694,0.9700516989516678,-0.023895382860801617
1767086210.6552958,4045,combined_score,0.9722648241571665,0.9939470818124694,0.002213125205498767,-0.02168225765530285
1767086250.8816965,4048,combined_score,0.0,0.9939470818124694,-0.9722648241571665,-0.9939470818124694
1767086259.0067165,4047,combined_score,0.9843562666685953,0.9939470818124694,0.9843562666685953,-0.009590815143874054
1767086269.7435586,4050,combined_score,0.8022136303933102,0.9939470818124694,-0.18214263627528515,-0.1917334514191592
1767086402.4433136,4049,combined_score,0.9832140918042596,0.9939470818124694,0.1810004614109494,-0.01073299000820982
1767086433.1982558,4052,combined_score,0.9769999083635611,0.9939470818124694,-0.006214183440698462,-0.01694717344890828
1767086463.7996376,4051,combined_score,0.9845655942207281,0.9939470818124694,0.007565685857166993,-0.009381487591741289
1767086618.6444683,4056,combined_score,0.0,0.9939470818124694,-0.9845655942207281,-0.9939470818124694
1767086621.322068,4055,combined_score,0.0,0.9939470818124694,0.0,-0.9939470818124694
1767086625.0302503,4054,combined_score,0.9679680481347479,0.9939470818124694,0.9679680481347479,-0.025979033677721475
1767086695.5038462,4053,combined_score,0.0,0.9939470818124694,-0.9679680481347479,-0.9939470818124694
1767086781.91509,4057,combined_score,0.0,0.9939470818124694,0.0,-0.9939470818124694
1767086790.1456232,4059,combined_score,0.9377699591817821,0.9939470818124694,0.9377699591817821,-0.056177122630687304
1767086800.390875,4060,combined_score,0.9325157062895729,0.9939470818124694,-0.005254252892209155,-0.06143137552289646
1767086879.7546372,4058,combined_score,0.9599724796568344,0.9939470818124694,0.02745677336726149,-0.03397460215563497
1767086914.8802555,4063,combined_score,0.9307019458939626,0.9939470818124694,-0.02927053376287181,-0.06324513591850678
1767086917.9626002,4062,combined_score,0.9653834071055787,0.9939470818124694,0.03468146121161608,-0.028563674706890696
1767086946.4407275,4061,combined_score,0.0,0.9939470818124694,-0.9653834071055787,-0.9939470818124694
1767086977.2593334,4065,combined_score,0.8477490003840571,0.9939470818124694,0.8477490003840571,-0.14619808142841229
1767087011.6733549,4064,combined_score,0.9213234486663603,0.9939470818124694,0.0735744482823032,-0.07262363314610909
1767087093.2562892,4067,combined_score,0.0,0.9939470818124694,-0.9213234486663603,-0.9939470818124694
1767087097.4331264,4066,combined_score,0.9716714707737122,0.9939470818124694,0.9716714707737122,-0.022275611038757193
1767087146.3325093,4070,combined_score,0.0,0.9939470818124694,-0.9716714707737122,-0.9939470818124694
1767087157.4571323,4069,combined_score,0.0,0.9939470818124694,0.0,-0.9939470818124694
1767087164.012927,4068,combined_score,0.9611580048894026,0.9939470818124694,0.9611580048894026,-0.03278907692306676
1767087271.9909823,4073,combined_score,0.8551603466525628,0.9939470818124694,-0.10599765823683982,-0.13878673515990658
1767087309.2743618,4071,combined_score,0.9863515684440985,0.9939470818124694,0.13119122179153575,-0.007595513368370832
1767087346.7636585,4074,combined_score,0.9857276832150715,0.9939470818124694,-0.0006238852290270103,-0.008219398597397842
1767087362.7371628,4072,combined_score,0.0,0.9939470818124694,-0.9857276832150715,-0.9939470818124694
1767087428.4764378,4075,combined_score,0.0,0.9939470818124694,0.0,-0.9939470818124694
1767087541.3674834,4076,combined_score,0.0,0.9939470818124694,0.0,-0.9939470818124694
1767087549.428377,4077,combined_score,0.9758346326281736,0.9939470818124694,0.9758346326281736,-0.018112449184295776
1767087550.9559708,4079,combined_score,0.9193627778047367,0.9939470818124694,-0.05647185482343686,-0.07458430400773264
1767087567.180031,4078,combined_score,0.982120445697861,0.9939470818124694,0.06275766789312431,-0.011826636114608324
1767087682.9864779,4083,combined_score,0.0,0.9939470818124694,-0.982120445697861,-0.9939470818124694
1767087755.5746114,4080,combined_score,0.9884058322675828,0.9939470818124694,0.9884058322675828,-0.005541249544886551
1767087766.3280451,4082,combined_score,0.9593818589186109,0.9939470818124694,-0.029023973348971888,-0.03456522289385844
1767087782.896491,4081,combined_score,0.9799195548997306,0.9939470818124694,0.020537695981119652,-0.014027526912738786
1767087899.6549857,4084,combined_score,0.9682715930217585,0.9939470818124694,-0.011647961877972124,-0.02567548879071091
1767087939.131021,4085,combined_score,0.9829025782886507,0.9939470818124694,0.014630985266892216,-0.011044503523818694
1767087961.7381604,4088,combined_score,0.0,0.9939470818124694,-0.9829025782886507,-0.9939470818124694
1767088006.1332946,4086,combined_score,0.9809726067849813,0.9939470818124694,0.9809726067849813,-0.012974475027488053
1767088127.4069676,4089,combined_score,0.9854856854468474,0.9939470818124694,0.004513078661866121,-0.008461396365621932
1767088191.920453,4092,combined_score,0.0,0.9939470818124694,-0.9854856854468474,-0.9939470818124694
1767088194.1226752,4090,combined_score,0.0,0.9939470818124694,0.0,-0.9939470818124694
1767088197.8004208,4087,combined_score,0.0,0.9939470818124694,0.0,-0.9939470818124694
1767088219.8227646,4091,combined_score,0.0,0.9939470818124694,0.0,-0.9939470818124694
1767088363.7159338,4093,combined_score,0.9766009313659075,0.9939470818124694,0.9766009313659075,-0.017346150446561848
1767088436.7298071,4094,combined_score,0.9714734622574374,0.9939470818124694,-0.005127469108470173,-0.02247361955503202
1767088541.8688715,4097,combined_score,0.9446203247865484,0.9939470818124694,-0.02685313747088891,-0.04932675702592093
1767088627.9672606,4095,combined_score,0.0,0.9939470818124694,-0.9446203247865484,-0.9939470818124694
1767088654.4241736,4096,combined_score,0.0,0.9939470818124694,0.0,-0.9939470818124694
1767088673.9916673,4098,combined_score,0.9681468321087369,0.9939470818124694,0.9681468321087369,-0.025800249703732514
1767088710.8735063,4101,combined_score,0.0,0.9939470818124694,-0.9681468321087369,-0.9939470818124694
1767088784.6906343,4099,combined_score,0.9845372496996678,0.9939470818124694,0.9845372496996678,-0.009409832112801553
1767088847.5639148,4100,combined_score,0.958913870890545,0.9939470818124694,-0.0256233788091228,-0.03503321092192435
1767088875.8802834,4103,combined_score,0.9716689626853044,0.9939470818124694,0.012755091794759421,-0.02227811912716493
1767088995.5608134,4104,combined_score,0.9849531125225752,0.9939470818124694,0.013284149837270776,-0.008993969289894155
1767089092.2298038,4105,combined_score,0.9767948307548309,0.9939470818124694,-0.008158281767744358,-0.017152251057638512
1767089095.1260781,4106,combined_score,0.9773141825775598,0.9939470818124694,0.0005193518227288862,-0.016632899234909626
1767089108.4555535,4102,combined_score,0.0,0.9939470818124694,-0.9773141825775598,-0.9939470818124694
1767089143.5684743,4108,combined_score,0.0,0.9939470818124694,0.0,-0.9939470818124694
1767089192.7374728,4107,combined_score,0.9869649099942823,0.9939470818124694,0.9869649099942823,-0.006982171818187055
1767089275.2491543,4110,combined_score,0.0,0.9939470818124694,-0.9869649099942823,-0.9939470818124694
1767089287.6490555,4109,combined_score,0.9616640979578426,0.9939470818124694,0.9616640979578426,-0.0322829838546268
1767089299.992073,4111,combined_score,0.9394224814795309,0.9939470818124694,-0.022241616478311688,-0.05452460033293849
1767089321.9413395,4112,combined_score,0.9434333095244,0.9939470818124694,0.004010828044869075,-0.050513772288069414
1767089460.3641381,4113,combined_score,0.9845635465674737,0.9939470818124694,0.041130237043073725,-0.009383535244995689
1767089506.7682495,4115,combined_score,0.977225037962507,0.9939470818124694,-0.007338508604966654,-0.016722043849962342
1767089520.6037536,4114,combined_score,0.9629808055160413,0.9939470818124694,-0.014244232446465777,-0.03096627629642812
1767089546.0021799,4116,combined_score,0.9831772586742753,0.9939470818124694,0.02019645315823404,-0.010769823138194079
1767089708.7557676,4117,combined_score,0.9648012148011049,0.9939470818124694,-0.018376043873170378,-0.029145867011364457
1767089726.4617186,4119,combined_score,0.9766025109919488,0.9939470818124694,0.011801296190843913,-0.017344570820520544
1767089732.7835946,4118,combined_score,0.9789080611591663,0.9939470818124694,0.0023055501672174517,-0.015039020653303092
1767089779.0570345,4120,combined_score,0.9564078970006273,0.9939470818124694,-0.02250016415853895,-0.03753918481184204
1767089914.0771554,4123,combined_score,0.9857547311570324,0.9939470818124694,0.029346834156405044,-0.008192350655436997
1767089922.0392604,4121,combined_score,0.986423222817728,0.9939470818124694,0.0006684916606956026,-0.007523858994741395
1767089959.1541936,4122,combined_score,0.9742329306884551,0.9939470818124694,-0.012190292129272917,-0.019714151124014312
1767089986.1788087,4124,combined_score,0.9831772586742753,0.9939470818124694,0.008944327985820233,-0.010769823138194079
1767090107.1773362,4125,combined_score,0.9726808842890156,0.9939470818124694,-0.010496374385259744,-0.021266197523453823
1767090137.0764008,4126,combined_score,0.9727591949858092,0.9939470818124694,7.831069679364866e-05,-0.021187886826660174
1767090166.4206574,4127,combined_score,0.9807641428704381,0.9939470818124694,0.00800494788462891,-0.013182938942031264
1767090175.4115944,4128,combined_score,0.9832770290419721,0.9939470818124694,0.002512886171534001,-0.010670052770497263
1767090321.0386815,4131,combined_score,0.0,0.9939470818124694,-0.9832770290419721,-0.9939470818124694
1767090329.1993399,4132,combined_score,0.9662230583266015,0.9939470818124694,0.9662230583266015,-0.027724023485867888
1767090338.9894276,4129,combined_score,0.9665656718264666,0.9939470818124694,0.0003426134998650854,-0.027381409986002803
1767090342.6465364,4130,combined_score,0.0,0.9939470818124694,-0.9665656718264666,-0.9939470818124694
1767090485.1785593,4133,combined_score,0.9320313412239624,0.9939470818124694,0.9320313412239624,-0.06191574058850702
1767090531.7103553,4136,combined_score,0.0,0.9939470818124694,-0.9320313412239624,-0.9939470818124694
1767090551.9248464,4134,combined_score,0.9843664922031086,0.9939470818124694,0.9843664922031086,-0.009580589609360812
1767090552.5675185,4135,combined_score,0.0,0.9939470818124694,-0.9843664922031086,-0.9939470818124694
1767090633.788795,4138,combined_score,0.9129837432055762,0.9939470818124694,0.9129837432055762,-0.0809633386068932
1767090646.6134102,4137,combined_score,0.7440214403987654,0.9939470818124694,-0.1689623028068108,-0.249925641413704
1767090727.0857422,4139,combined_score,0.9790015667603962,0.9939470818124694,0.2349801263616308,-0.0149455150520732
1767090747.7537725,4140,combined_score,0.9738704801998116,0.9939470818124694,-0.005131086560584586,-0.020076601612657785
1767090795.266595,4143,combined_score,0.0,0.9939470818124694,-0.9738704801998116,-0.9939470818124694
1767090805.52277,4142,combined_score,0.0,0.9939470818124694,0.0,-0.9939470818124694
1767090809.0752082,4144,combined_score,0.0,0.9939470818124694,0.0,-0.9939470818124694
1767090813.3939857,4141,combined_score,0.0,0.9939470818124694,0.0,-0.9939470818124694
1767091044.9916973,4147,combined_score,0.982428777854241,0.9939470818124694,0.982428777854241,-0.011518303958228393
1767091051.315193,4148,combined_score,0.0,0.9939470818124694,-0.982428777854241,-0.9939470818124694
1767091079.956792,4149,combined_score,0.9855060060521272,0.9939470818124694,0.9855060060521272,-0.008441075760342143
1767091153.5898087,4145,combined_score,0.0,0.9939470818124694,-0.9855060060521272,-0.9939470818124694
1767091207.4073884,4150,combined_score,0.0,0.9939470818124694,0.0,-0.9939470818124694
1767091266.5333169,4152,combined_score,0.9798480695553696,0.9939470818124694,0.9798480695553696,-0.014099012257099752
1767091276.49738,4151,combined_score,0.9840146168122115,0.9939470818124694,0.004166547256841846,-0.009932465000257906
1767091311.947643,4155,combined_score,0.0,0.9939470818124694,-0.9840146168122115,-0.9939470818124694
1767091357.7042673,4153,combined_score,0.9807896261039242,0.9939470818124694,0.9807896261039242,-0.013157455708545207
1767091398.1273804,4154,combined_score,0.9559555586900532,0.9939470818124694,-0.024834067413870953,-0.03799152312241616
1767091498.2338555,4156,combined_score,0.9700613571234616,0.9939470818124694,0.014105798433408423,-0.023885724689007737
1767091544.1057062,4159,combined_score,0.9611607630190128,0.9939470818124694,-0.008900594104448878,-0.032786318793456615
1767091600.1148243,4157,combined_score,0.0,0.9939470818124694,-0.9611607630190128,-0.9939470818124694
1767091636.0445554,4158,combined_score,0.0,0.9939470818124694,0.0,-0.9939470818124694
1767091702.3123176,4160,combined_score,0.977169172674893,0.9939470818124694,0.977169172674893,-0.016777909137576374
1767091745.08611,4161,combined_score,0.9817073850959005,0.9939470818124694,0.0045382124210074926,-0.012239696716568882
1767091748.0629318,4162,combined_score,0.9767367119319479,0.9939470818124694,-0.00497067316395261,-0.017210369880521492
1767091825.4278193,4166,combined_score,0.0,0.9939470818124694,-0.9767367119319479,-0.9939470818124694
1767091861.671578,4164,combined_score,0.0,0.9939470818124694,0.0,-0.9939470818124694
1767091928.744285,4165,combined_score,0.961114526923779,0.9939470818124694,0.961114526923779,-0.03283255488869041
1767092014.0961082,4168,combined_score,0.0,0.9939470818124694,-0.961114526923779,-0.9939470818124694
1767092051.4311428,4170,combined_score,0.0,0.9939470818124694,0.0,-0.9939470818124694
1767092094.8316135,4169,combined_score,0.9801738145400168,0.9939470818124694,0.9801738145400168,-0.013773267272452538
1767092098.1067193,4167,combined_score,0.0,0.9939470818124694,-0.9801738145400168,-0.9939470818124694
1767092113.4667122,4163,combined_score,0.0,0.9939470818124694,0.0,-0.9939470818124694
1767092240.920242,4171,combined_score,0.9827615329552775,0.9939470818124694,0.9827615329552775,-0.011185548857191918
1767092276.189901,4173,combined_score,0.0,0.9939470818124694,-0.9827615329552775,-0.9939470818124694
1767092305.6254807,4172,combined_score,0.9600278365155026,0.9939470818124694,0.9600278365155026,-0.03391924529696677
1767092307.6025803,4175,combined_score,0.0,0.9939470818124694,-0.9600278365155026,-0.9939470818124694
1767092316.9565682,4174,combined_score,0.9826260809085146,0.9939470818124694,0.9826260809085146,-0.011321000903954825
1767092406.0642073,4176,combined_score,0.920483528164491,0.9939470818124694,-0.06214255274402358,-0.07346355364797841
1767092494.9451284,4178,combined_score,0.979083058626069,0.9939470818124694,0.058599530461578064,-0.014864023186400344
1767092527.4881196,4179,combined_score,0.9812547845965014,0.9939470818124694,0.002171725970432359,-0.012692297215967985
1767092594.0491493,4177,combined_score,0.0,0.9939470818124694,-0.9812547845965014,-0.9939470818124694
1767092663.2246492,4181,combined_score,0.9754923110123689,0.9939470818124694,0.9754923110123689,-0.018454770800100495
1767092675.2546017,4183,combined_score,0.0,0.9939470818124694,-0.9754923110123689,-0.9939470818124694
1767092689.4887846,4180,combined_score,0.9768305992812759,0.9939470818124694,0.9768305992812759,-0.017116482531193467
1767092707.7911649,4182,combined_score,0.97459390192522,0.9939470818124694,-0.0022366973560559167,-0.019353179887249383
1767092862.274395,4184,combined_score,0.9601691498893837,0.9939470818124694,-0.014424752035836264,-0.03377793192308565
1767092873.3818438,4187,combined_score,0.0,0.9939470818124694,-0.9601691498893837,-0.9939470818124694
1767092884.0977244,4185,combined_score,0.9809084512551745,0.9939470818124694,0.9809084512551745,-0.013038630557294928
1767092921.6029534,4186,combined_score,0.8678188194853487,0.9939470818124694,-0.11308963176982578,-0.1261282623271207
1767093060.2560844,4188,combined_score,0.963780416688157,0.9939470818124694,0.09596159720280828,-0.03016666512431243
1767093123.2423332,4190,combined_score,0.9713725774436227,0.9939470818124694,0.00759216075546576,-0.02257450436884667
1767093183.740249,4191,combined_score,0.0,0.9939470818124694,-0.9713725774436227,-0.9939470818124694
1767093193.783173,4192,combined_score,0.9238338194455218,0.9939470818124694,0.9238338194455218,-0.07011326236694759
1767093318.972912,4193,combined_score,0.0,0.9939470818124694,-0.9238338194455218,-0.9939470818124694
1767093333.6980364,4189,combined_score,0.0,0.9939470818124694,0.0,-0.9939470818124694
1767093379.8697758,4194,combined_score,0.9690066020235343,0.9939470818124694,0.9690066020235343,-0.0249404797889351
1767093398.4008427,4195,combined_score,0.9793208502215432,0.9939470818124694,0.010314248198008968,-0.014626231590926131
1767093545.8517687,4196,combined_score,0.0,0.9939470818124694,-0.9793208502215432,-0.9939470818124694
1767093558.7584977,4197,combined_score,0.0,0.9939470818124694,0.0,-0.9939470818124694
1767093624.2512944,4198,combined_score,0.9776242470440598,0.9939470818124694,0.9776242470440598,-0.016322834768409566
1767093646.2572525,4199,combined_score,0.9939470818124694,0.9939470818124694,0.016322834768409566,0.0
1767093699.5542285,4203,combined_score,0.0,0.9939470818124694,-0.9939470818124694,-0.9939470818124694
1767093733.64374,4201,combined_score,0.9560139975402023,0.9939470818124694,0.9560139975402023,-0.03793308427226705
1767093785.3762195,4200,combined_score,0.0,0.9939470818124694,-0.9560139975402023,-0.9939470818124694
1767093803.0035613,4202,combined_score,0.0,0.9939470818124694,0.0,-0.9939470818124694
1767093851.6512115,4204,combined_score,0.0,0.9939470818124694,0.0,-0.9939470818124694
1767093887.2216403,4205,combined_score,0.0,0.9939470818124694,0.0,-0.9939470818124694
1767093953.4955878,4206,combined_score,0.9283408184429293,0.9939470818124694,0.9283408184429293,-0.06560626336954012
1767094009.2450614,4208,combined_score,0.0,0.9939470818124694,-0.9283408184429293,-0.9939470818124694
1767094010.8665779,4207,combined_score,0.9780066522474022,0.9939470818124694,0.9780066522474022,-0.015940429565067138
1767094039.0230525,4209,combined_score,0.9315465168507714,0.9939470818124694,-0.04646013539663085,-0.06240056496169799
1767094138.6796374,4210,combined_score,0.0,0.9939470818124694,-0.9315465168507714,-0.9939470818124694
1767094174.4792728,4212,combined_score,0.0,0.9939470818124694,0.0,-0.9939470818124694
1767094198.082051,4213,combined_score,0.9821806439589706,0.9939470818124694,0.9821806439589706,-0.011766437853498735
1767094203.1987476,4211,combined_score,0.9859067664962341,0.9939470818124694,0.0037261225372634543,-0.00804031531623528
1767094222.4457686,4214,combined_score,0.8718221952227104,0.9939470818124694,-0.11408457127352367,-0.12212488658975895
1767094241.9004054,4215,combined_score,0.0,0.9939470818124694,-0.8718221952227104,-0.9939470818124694
1767094340.0878155,4218,combined_score,0.0,0.9939470818124694,0.0,-0.9939470818124694
1767094353.2607572,4217,combined_score,0.0,0.9939470818124694,0.0,-0.9939470818124694
1767094390.8854737,4216,combined_score,0.9697074351089489,0.9939470818124694,0.9697074351089489,-0.024239646703520523
1767094471.9657538,4221,combined_score,0.0,0.9939470818124694,-0.9697074351089489,-0.9939470818124694
1767094473.246231,4219,combined_score,0.9769918727630437,0.9939470818124694,0.9769918727630437,-0.016955209049425712
1767094599.3388772,4222,combined_score,0.9687848185954387,0.9939470818124694,-0.008207054167604921,-0.025162263217030634
1767094617.8423498,4224,combined_score,0.0,0.9939470818124694,-0.9687848185954387,-0.9939470818124694
1767094628.34297,4223,combined_score,0.0,0.9939470818124694,0.0,-0.9939470818124694
1767094749.7092545,4225,combined_score,0.0,0.9939470818124694,0.0,-0.9939470818124694
1767094783.8548443,4226,combined_score,0.9796998531790252,0.9939470818124694,0.9796998531790252,-0.014247228633444187
1767094786.085154,4220,combined_score,0.0,0.9939470818124694,-0.9796998531790252,-0.9939470818124694
1767094834.343084,4227,combined_score,0.9672935299008899,0.9939470818124694,0.9672935299008899,-0.026653551911579476
1767094963.4903684,4228,combined_score,0.9837178818348546,0.9939470818124694,0.016424351933964743,-0.010229199977614734
1767094978.757831,4229,combined_score,0.9757095880525962,0.9939470818124694,-0.008008293782258424,-0.018237493759873158
1767094983.9996576,4230,combined_score,0.9779700668476458,0.9939470818124694,0.0022604787950495364,-0.01597701496482362
1767095038.4831927,4233,combined_score,0.0,0.9939470818124694,-0.9779700668476458,-0.9939470818124694
1767095079.6324236,4231,combined_score,0.9760820773348011,0.9939470818124694,0.9760820773348011,-0.017865004477668256
1767095147.2758644,4232,combined_score,0.9810867404502898,0.9939470818124694,0.005004663115488639,-0.012860341362179617
1767095193.1671028,4234,combined_score,0.9451558493241325,0.9939470818124694,-0.035930891126157216,-0.04879123248833683
1767095227.9075897,4236,combined_score,0.0,0.9939470818124694,-0.9451558493241325,-0.9939470818124694
1767095370.4951668,4237,combined_score,0.0,0.9939470818124694,0.0,-0.9939470818124694
1767095400.6413212,4239,combined_score,0.0,0.9939470818124694,0.0,-0.9939470818124694
1767095421.2485087,4238,combined_score,0.9811396288258399,0.9939470818124694,0.9811396288258399,-0.012807452986629442
1767095444.1540918,4235,combined_score,0.988925264227976,0.9939470818124694,0.00778563540213606,-0.005021817584493382
1767095585.6679707,4240,combined_score,0.9841897707745024,0.9939470818124694,-0.0047354934534735715,-0.009757311037966954
1767095595.575775,4241,combined_score,0.9648986305962926,0.9939470818124694,-0.019291140178209876,-0.02904845121617683
1767095611.947826,4242,combined_score,0.9749246839381345,0.9939470818124694,0.010026053341841923,-0.019022397874334906
1767095621.334449,4243,combined_score,0.9653184130200599,0.9939470818124694,-0.009606270918074533,-0.02862866879240944
1767095778.6016994,4244,combined_score,0.9881010398008843,0.9939470818124694,0.022782626780824322,-0.0058460420115851175
1767095788.4853508,4247,combined_score,0.9818946043587579,0.9939470818124694,-0.006206435442126401,-0.012052477453711519
1767095824.2629063,4246,combined_score,0.9702321652368284,0.9939470818124694,-0.011662439121929435,-0.023714916575640954
1767095856.8245578,4245,combined_score,0.9862493179011299,0.9939470818124694,0.01601715266430148,-0.0076977639113394725
1767095912.0514154,4249,combined_score,0.8986127653672467,0.9939470818124694,-0.08763655253388325,-0.09533431644522272
1767096034.8571093,4250,combined_score,0.9879198551947326,0.9939470818124694,0.08930708982748592,-0.006027226617736803
1767096045.079656,4252,combined_score,0.0,0.9939470818124694,-0.9879198551947326,-0.9939470818124694
1767096091.7148368,4253,combined_score,0.0,0.9939470818124694,0.0,-0.9939470818124694
1767096097.9173334,4251,combined_score,0.9817118706354974,0.9939470818124694,0.9817118706354974,-0.012235211176972016
1767096211.8877156,4248,combined_score,0.0,0.9939470818124694,-0.9817118706354974,-0.9939470818124694
1767096247.9318945,4254,combined_score,0.989484690858377,0.9939470818124694,0.989484690858377,-0.004462390954092399
1767096330.8979805,4256,combined_score,0.9863445307081576,0.9939470818124694,-0.00314016015021934,-0.007602551104311739
1767096331.6640809,4255,combined_score,0.9831545850819756,0.9939470818124694,-0.0031899456261820225,-0.010792496730493761
1767096440.672901,4258,combined_score,0.8636885508902156,0.9939470818124694,-0.11946603419176005,-0.1302585309222538
1767096444.1148152,4257,combined_score,0.9531396709085532,0.9939470818124694,0.08945112001833766,-0.04080741090391615
1767096552.4272833,4260,combined_score,0.9749425795166412,0.9939470818124694,0.02180290860808798,-0.019004502295828174
1767096585.5225828,4261,combined_score,0.0,0.9939470818124694,-0.9749425795166412,-0.9939470818124694
1767096661.3164382,4262,combined_score,0.9742442413816034,0.9939470818124694,0.9742442413816034,-0.01970284043086601
1767096777.7804382,4259,combined_score,0.0,0.9939470818124694,-0.9742442413816034,-0.9939470818124694
1767096786.1646893,4263,combined_score,0.9860673921959049,0.9939470818124694,0.9860673921959049,-0.00787968961656449
1767096812.0858343,4264,combined_score,0.9844811130050696,0.9939470818124694,-0.0015862791908353158,-0.009465968807399805
1767096833.0378008,4265,combined_score,0.980516817594299,0.9939470818124694,-0.003964295410770591,-0.013430264218170396
1767096975.1480098,4267,combined_score,0.9054284758953864,0.9939470818124694,-0.07508834169891254,-0.08851860591708294
1767096989.7095308,4266,combined_score,0.0,0.9939470818124694,-0.9054284758953864,-0.9939470818124694
1767097023.1281946,4268,combined_score,0.9789371027528693,0.9939470818124694,0.9789371027528693,-0.01500997905960011
1767097086.4200888,4269,combined_score,0.9726267070399792,0.9939470818124694,-0.006310395712890049,-0.021320374772490158
1767097168.5874453,4270,combined_score,0.9777672471465506,0.9939470818124694,0.00514054010657139,-0.01617983466591877
1767097199.7322805,4271,combined_score,0.9769327124505599,0.9939470818124694,-0.0008345346959907074,-0.017014369361909476
1767097249.5095015,4272,combined_score,0.0,0.9939470818124694,-0.9769327124505599,-0.9939470818124694
1767097345.4082258,4273,combined_score,0.936428097067794,0.9939470818124694,0.936428097067794,-0.05751898474467543
1767097358.8671083,4275,combined_score,0.0,0.9939470818124694,-0.936428097067794,-0.9939470818124694
1767097366.4394522,4274,combined_score,0.9759035333554185,0.9939470818124694,0.9759035333554185,-0.018043548457050917
1767097403.697085,4276,combined_score,0.9607842619194387,0.9939470818124694,-0.015119271435979798,-0.033162819893030715
1767097517.1250637,4280,combined_score,0.5701431557733367,0.9939470818124694,-0.3906411061461019,-0.42380392603913264
1767097596.7583241,4277,combined_score,0.9808033398680357,0.9939470818124694,0.41066018409469895,-0.013143741944433684
1767097608.2906306,4279,combined_score,0.9348768523645463,0.9939470818124694,-0.04592648750348938,-0.05907022944792306
1767097641.13116,4278,combined_score,0.9754240597792818,0.9939470818124694,0.0405472074147355,-0.018523022033187564
1767097771.466754,4281,combined_score,0.9939470818124694,0.9939470818124694,0.018523022033187564,0.0
1767097812.6446471,4283,combined_score,0.97902724918039,0.9939470818124694,-0.01491983263207941,-0.01491983263207941
1767097846.0149128,4284,combined_score,0.9847335179699381,0.9939470818124694,0.005706268789548163,-0.009213563842531247
1767097890.4132671,4285,combined_score,0.0,0.9939470818124694,-0.9847335179699381,-0.9939470818124694
1767097899.9058661,4282,combined_score,0.0,0.9939470818124694,0.0,-0.9939470818124694
1767098017.7458951,4286,combined_score,0.9675196840846001,0.9939470818124694,0.9675196840846001,-0.026427397727869284
1767098052.1372979,4288,combined_score,0.973231521655235,0.9939470818124694,0.00571183757063487,-0.020715560157234414
1767098122.1652837,4289,combined_score,0.9762372059637926,0.9939470818124694,0.0030056843085576324,-0.01770987584867678
1767098207.5955307,4290,combined_score,0.9673443065139201,0.9939470818124694,-0.008892899449872482,-0.026602775298549264
1767098242.3376305,4291,combined_score,0.9422797918230924,0.9939470818124694,-0.02506451469082771,-0.051667289989376974
1767098265.4146917,4287,combined_score,0.0,0.9939470818124694,-0.9422797918230924,-0.9939470818124694
1767098306.4016838,4292,combined_score,0.9736823550298656,0.9939470818124694,0.9736823550298656,-0.020264726782603826
1767098374.392246,4293,combined_score,0.0,0.9939470818124694,-0.9736823550298656,-0.9939470818124694
1767098401.906196,4295,combined_score,0.9293365540944014,0.9939470818124694,0.9293365540944014,-0.06461052771806797
1767098428.0569868,4294,combined_score,0.9705596378935182,0.9939470818124694,0.041223083799116766,-0.0233874439189512
1767098429.555198,4297,combined_score,0.0,0.9939470818124694,-0.9705596378935182,-0.9939470818124694
1767098535.0358396,4296,combined_score,0.0,0.9939470818124694,0.0,-0.9939470818124694
1767098588.1874003,4298,combined_score,0.9728781155178766,0.9939470818124694,0.9728781155178766,-0.02106896629459276
1767098603.5508072,4300,combined_score,0.0,0.9939470818124694,-0.9728781155178766,-0.9939470818124694
1767098647.381618,4302,combined_score,0.0,0.9939470818124694,0.0,-0.9939470818124694
1767098690.0363915,4299,combined_score,0.0,0.9939470818124694,0.0,-0.9939470818124694
1767098704.9209104,4304,combined_score,0.0,0.9939470818124694,0.0,-0.9939470818124694
1767098724.9451337,4301,combined_score,0.9824530496042013,0.9939470818124694,0.9824530496042013,-0.011494032208268057
1767098754.2311294,4305,combined_score,0.0,0.9939470818124694,-0.9824530496042013,-0.9939470818124694
1767098860.2545972,4303,combined_score,0.9603688658302861,0.9939470818124694,0.9603688658302861,-0.033578215982183246
1767098898.839966,4306,combined_score,0.9802844988566662,0.9939470818124694,0.01991563302638011,-0.013662582955803138
1767098910.3478892,4308,combined_score,0.9670824312749454,0.9939470818124694,-0.013202067581720822,-0.02686465053752396
1767098951.140894,4307,combined_score,0.9839842856649126,0.9939470818124694,0.016901854389967164,-0.009962796147556796
1767098989.7521796,4309,combined_score,0.9514084652569135,0.9939470818124694,-0.03257582040799911,-0.04253861655555591
1767099070.3884392,4310,combined_score,0.0,0.9939470818124694,-0.9514084652569135,-0.9939470818124694
1767099102.469317,4312,combined_score,0.0,0.9939470818124694,0.0,-0.9939470818124694
1767099113.9363272,4311,combined_score,0.9725175077024345,0.9939470818124694,0.9725175077024345,-0.021429574110034877
1767099186.198033,4313,combined_score,0.9756937614957409,0.9939470818124694,0.0031762537933064383,-0.01825332031672844
1767099264.484351,4314,combined_score,0.9777946796868492,0.9939470818124694,0.0021009181911082475,-0.01615240212562019
1767099301.5183,4315,combined_score,0.9794323980223459,0.9939470818124694,0.0016377183354967517,-0.01451468379012344
1767099337.8055944,4316,combined_score,0.9774695875740153,0.9939470818124694,-0.0019628104483306874,-0.016477494238454127
1767099359.096574,4317,combined_score,0.0,0.9939470818124694,-0.9774695875740153,-0.9939470818124694
1767099392.6472025,4320,combined_score,0.0,0.9939470818124694,0.0,-0.9939470818124694
1767099448.5860271,4318,combined_score,0.9857382409709586,0.9939470818124694,0.9857382409709586,-0.008208840841510745
1767099487.6780922,4319,combined_score,0.9803098453820485,0.9939470818124694,-0.005428395588910173,-0.013637236430420918
1767099546.8737166,4321,combined_score,0.9776115433215821,0.9939470818124694,-0.0026983020604663954,-0.016335538490887314
1767099567.1349006,4323,combined_score,0.0,0.9939470818124694,-0.9776115433215821,-0.9939470818124694
1767099599.255888,4322,combined_score,0.9840467145213152,0.9939470818124694,0.9840467145213152,-0.009900367291154177
1767099674.3654616,4324,combined_score,0.9727606125157193,0.9939470818124694,-0.011286102005595877,-0.021186469296750055
1767099769.725308,4327,combined_score,0.0,0.9939470818124694,-0.9727606125157193,-0.9939470818124694
1767099772.259454,4328,combined_score,0.0,0.9939470818124694,0.0,-0.9939470818124694
1767099784.651589,4326,combined_score,0.0,0.9939470818124694,0.0,-0.9939470818124694
1767099890.0258126,4329,combined_score,0.9500927613024577,0.9939470818124694,0.9500927613024577,-0.0438543205100117
1767099928.6771374,4332,combined_score,0.0,0.9939470818124694,-0.9500927613024577,-0.9939470818124694
1767099982.3423164,4335,combined_score,0.0,0.9939470818124694,0.0,-0.9939470818124694
1767100006.8555129,4330,combined_score,0.9748327080671627,0.9939470818124694,0.9748327080671627,-0.019114373745306668
1767100034.201634,4333,combined_score,0.9764032704276199,0.9939470818124694,0.0015705623604571617,-0.017543811384849506
1767100050.610222,4334,combined_score,0.0,0.9939470818124694,-0.9764032704276199,-0.9939470818124694
1767100149.041017,4336,combined_score,0.9779510355705554,0.9939470818124694,0.9779510355705554,-0.015996046241913975
1767100152.05408,4337,combined_score,0.0,0.9939470818124694,-0.9779510355705554,-0.9939470818124694
1767100238.6322136,4339,combined_score,0.0,0.9939470818124694,0.0,-0.9939470818124694
1767100261.9085176,4338,combined_score,0.9832880791762815,0.9939470818124694,0.9832880791762815,-0.010659002636187909
1767100266.6068022,4340,combined_score,0.0,0.9939470818124694,-0.9832880791762815,-0.9939470818124694
1767100340.5731099,4341,combined_score,0.9817138336117659,0.9939470818124694,0.9817138336117659,-0.012233248200703484
1767100381.9576387,4342,combined_score,0.9333026303451165,0.9939470818124694,-0.04841120326664938,-0.06064445146735287
1767100438.8358676,4343,combined_score,0.9811718191586326,0.9939470818124694,0.047869188813516095,-0.012775262653836772
1767100499.5599005,4344,combined_score,0.9787722455941051,0.9939470818124694,-0.0023995735645274685,-0.01517483621836424
1767100516.3181612,4345,combined_score,0.0,0.9939470818124694,-0.9787722455941051,-0.9939470818124694
1767100575.7572987,4346,combined_score,0.9768519286364598,0.9939470818124694,0.9768519286364598,-0.017095153176009625
1767100644.0601373,4348,combined_score,0.0,0.9939470818124694,-0.9768519286364598,-0.9939470818124694
1767100742.2969012,4349,combined_score,0.9905280429292436,0.9939470818124694,0.9905280429292436,-0.003419038883225811
1767100832.126684,4351,combined_score,0.0,0.9939470818124694,-0.9905280429292436,-0.9939470818124694
1767100880.015917,4347,combined_score,0.0,0.9939470818124694,0.0,-0.9939470818124694
1767100957.1007123,4352,combined_score,0.9932293688478546,0.9939470818124694,0.9932293688478546,-0.0007177129646147584
1767100958.4352026,4350,combined_score,0.9704916941514273,0.9939470818124694,-0.02273767469642729,-0.02345538766104205
1767101055.6159606,4353,combined_score,0.9828395396029375,0.9939470818124694,0.012347845451510131,-0.011107542209531918
1767101095.8655884,4354,combined_score,0.96873449496713,0.9939470818124694,-0.014105044635807418,-0.025212586845339335
1767101108.7250867,4356,combined_score,0.0,0.9939470818124694,-0.96873449496713,-0.9939470818124694
1767101154.23332,4355,combined_score,0.940720301097772,0.9939470818124694,0.940720301097772,-0.05322678071469733
1767101263.1453311,4357,combined_score,0.0,0.9939470818124694,-0.940720301097772,-0.9939470818124694
1767101307.0544436,4358,combined_score,0.986535125303319,0.9939470818124694,0.986535125303319,-0.007411956509150386
1767101342.236555,4359,combined_score,0.9765074597985415,0.9939470818124694,-0.010027665504777517,-0.017439622013927902
1767101356.392615,4360,combined_score,0.9840623329368252,0.9939470818124694,0.007554873138283735,-0.009884748875644167
1767101391.6682022,4361,combined_score,0.9606146357222749,0.9939470818124694,-0.02344769721455031,-0.03333244609019448
1767101514.982718,4363,combined_score,0.0,0.9939470818124694,-0.9606146357222749,-0.9939470818124694
1767101562.2044845,4364,combined_score,0.9835086056194197,0.9939470818124694,0.9835086056194197,-0.010438476193049717
1767101643.2843807,4365,combined_score,0.9652319169480116,0.9939470818124694,-0.01827668867140808,-0.0287151648644578
1767101690.9159095,4366,combined_score,0.9736101150827233,0.9939470818124694,0.008378198134711745,-0.020336966729746053
1767101714.19606,4367,combined_score,0.9657414750334669,0.9939470818124694,-0.00786864004925647,-0.028205606779002523
1767101738.19963,4362,combined_score,0.0,0.9939470818124694,-0.9657414750334669,-0.9939470818124694
1767101923.6061363,4369,combined_score,0.9816635642111757,0.9939470818124694,0.9816635642111757,-0.012283517601293648
1767101933.573816,4370,combined_score,0.9356784558054185,0.9939470818124694,-0.0459851084057572,-0.05826862600705085
1767101965.623821,4371,combined_score,0.9770480778189852,0.9939470818124694,0.04136962201356664,-0.016899003993484207
1767101982.3741462,4368,combined_score,0.0,0.9939470818124694,-0.9770480778189852,-0.9939470818124694
1767102118.5502777,4374,combined_score,0.0,0.9939470818124694,0.0,-0.9939470818124694
1767102145.1845279,4376,combined_score,0.0,0.9939470818124694,0.0,-0.9939470818124694
1767102164.071275,4372,combined_score,0.9893365556750188,0.9939470818124694,0.9893365556750188,-0.00461052613745061
1767102173.6506824,4373,combined_score,0.9815433368621124,0.9939470818124694,-0.0077932188129063995,-0.01240374495035701
1767102199.1657634,4375,combined_score,0.9815355176487293,0.9939470818124694,-7.81921338310898e-06,-0.012411564163740119
1767102341.0486126,4378,combined_score,0.0,0.9939470818124694,-0.9815355176487293,-0.9939470818124694
1767102358.1905484,4379,combined_score,0.0,0.9939470818124694,0.0,-0.9939470818124694
1767102370.5258968,4377,combined_score,0.9826852986983186,0.9939470818124694,0.9826852986983186,-0.011261783114150825
1767102449.856194,4380,combined_score,0.9939470818124694,0.9939470818124694,0.011261783114150825,0.0
1767102549.4527452,4381,combined_score,0.9558465536186024,0.9939470818124694,-0.038100528193867,-0.038100528193867
1767102569.653916,4383,combined_score,0.9807605188895888,0.9939470818124694,0.024913965270986438,-0.013186562922880563
1767102587.6690824,4382,combined_score,0.9811436325795891,0.9939470818124694,0.00038311369000032514,-0.012803449232880237
1767102671.5291336,4384,combined_score,0.9540360936091666,0.9939470818124694,-0.027107538970422507,-0.039910988203302744
1767102786.740006,4386,combined_score,0.9831862295540444,0.9939470818124694,0.02915013594487781,-0.010760852258424936
1767102800.569837,4385,combined_score,0.9745382311422875,0.9939470818124694,-0.008647998411756896,-0.019408850670181832
1767102874.6647818,4388,combined_score,0.9719536715462703,0.9939470818124694,-0.002584559596017222,-0.021993410266199054
1767102923.2867393,4387,combined_score,0.0,0.9939470818124694,-0.9719536715462703,-0.9939470818124694
1767103029.8168669,4390,combined_score,0.978297624033314,0.9939470818124694,0.978297624033314,-0.015649457779155385
1767103046.6698337,4391,combined_score,0.9606437735394668,0.9939470818124694,-0.017653850493847156,-0.03330330827300254
1767103083.664847,4392,combined_score,0.0,0.9939470818124694,-0.9606437735394668,-0.9939470818124694
1767103190.4965935,4389,combined_score,0.0,0.9939470818124694,0.0,-0.9939470818124694
1767103236.3679278,4394,combined_score,0.9704459091416775,0.9939470818124694,0.9704459091416775,-0.02350117267079188
1767103249.080763,4393,combined_score,0.0,0.9939470818124694,-0.9704459091416775,-0.9939470818124694
1767103294.869214,4395,combined_score,0.9830950324111608,0.9939470818124694,0.9830950324111608,-0.010852049401308572
1767103362.035489,4399,combined_score,0.0,0.9939470818124694,-0.9830950324111608,-0.9939470818124694
1767103399.4342785,4396,combined_score,0.9555792751736217,0.9939470818124694,0.9555792751736217,-0.038367806638847646
1767103417.951757,4397,combined_score,0.9548416309990577,0.9939470818124694,-0.0007376441745640117,-0.03910545081341166
1767103445.250272,4398,combined_score,0.960410748226691,0.9939470818124694,0.005569117227633313,-0.033536333585778344
1767103589.673204,4401,combined_score,0.0,0.9939470818124694,-0.960410748226691,-0.9939470818124694
1767103599.1030798,4400,combined_score,0.9939470818124694,0.9939470818124694,0.9939470818124694,0.0
1767103613.647263,4402,combined_score,0.0,0.9939470818124694,-0.9939470818124694,-0.9939470818124694
1767103722.7470505,4403,combined_score,0.946816612797791,0.9939470818124694,0.946816612797791,-0.04713046901467843
1767103767.3474593,4405,combined_score,0.9737343210787379,0.9939470818124694,0.026917708280946973,-0.02021276073373146
1767103838.5379014,4406,combined_score,0.9723118713074842,0.9939470818124694,-0.0014224497712537199,-0.02163521050498518
1767103876.8117464,4404,combined_score,0.9927544273864912,0.9939470818124694,0.020442556079007024,-0.0011926544259781569
1767103914.561726,4408,combined_score,0.0,0.9939470818124694,-0.9927544273864912,-0.9939470818124694
1767103939.5022838,4407,combined_score,0.9684887362069068,0.9939470818124694,0.9684887362069068,-0.025458345605562593
1767104071.149573,4409,combined_score,0.9728929535861036,0.9939470818124694,0.004404217379196829,-0.021054128226365765
1767104086.3073587,4410,combined_score,0.9711913605329228,0.9939470818124694,-0.0017015930531808499,-0.022755721279546615
1767104156.6762455,4412,combined_score,0.9741341335940378,0.9939470818124694,0.0029427730611150116,-0.019812948218431603
1767104161.5924065,4411,combined_score,0.976113344834009,0.9939470818124694,0.001979211239971246,-0.017833736978460357
1767104278.7934296,4414,combined_score,0.9743082075641538,0.9939470818124694,-0.001805137269855206,-0.019638874248315563
1767104304.641241,4415,combined_score,0.0,0.9939470818124694,-0.9743082075641538,-0.9939470818124694
1767104362.8789442,4416,combined_score,0.9213842507485154,0.9939470818124694,0.9213842507485154,-0.072562831063954
1767104369.1263473,4418,combined_score,0.0,0.9939470818124694,-0.9213842507485154,-0.9939470818124694
1767104479.7266765,4417,combined_score,0.9808574377797251,0.9939470818124694,0.9808574377797251,-0.013089644032744263
1767104499.757178,4413,combined_score,0.0,0.9939470818124694,-0.9808574377797251,-0.9939470818124694
1767104510.4130883,4419,combined_score,0.0,0.9939470818124694,0.0,-0.9939470818124694
1767104537.9417713,4420,combined_score,0.0,0.9939470818124694,0.0,-0.9939470818124694
1767104614.7250292,4421,combined_score,0.0,0.9939470818124694,0.0,-0.9939470818124694
1767104648.0212767,4422,combined_score,0.0,0.9939470818124694,0.0,-0.9939470818124694
1767104685.799136,4424,combined_score,0.0,0.9939470818124694,0.0,-0.9939470818124694
1767104704.7141826,4423,combined_score,0.9793540040139785,0.9939470818124694,0.9793540040139785,-0.014593077798490839
1767104835.4606495,4426,combined_score,0.9786624170971747,0.9939470818124694,-0.0006915869168038213,-0.01528466471529466
1767104844.264003,4425,combined_score,0.9823592573403789,0.9939470818124694,0.003696840243204158,-0.011587824472090502
1767104877.846559,4427,combined_score,0.9762802413871141,0.9939470818124694,-0.006079015953264766,-0.017666840425355268
1767104925.055277,4431,combined_score,0.0,0.9939470818124694,-0.9762802413871141,-0.9939470818124694
1767104925.2284636,4428,combined_score,0.9664920721508644,0.9939470818124694,0.9664920721508644,-0.027455009661604968
1767104980.7165165,4430,combined_score,0.0,0.9939470818124694,-0.9664920721508644,-0.9939470818124694
1767105018.182479,4429,combined_score,0.9772021997192509,0.9939470818124694,0.9772021997192509,-0.01674488209321845
1767105119.4298463,4432,combined_score,0.9581743845600272,0.9939470818124694,-0.019027815159223693,-0.03577269725244214
1767105136.0145485,4433,combined_score,0.9736386647565186,0.9939470818124694,0.015464280196491376,-0.020308417055950767
1767105176.1128318,4434,combined_score,0.9823634638590284,0.9939470818124694,0.008724799102509784,-0.011583617953440983
1767105204.4647887,4435,combined_score,0.986852697100935,0.9939470818124694,0.004489233241906643,-0.007094384711534341
1767105227.8945534,4436,combined_score,0.972381541872264,0.9939470818124694,-0.01447115522867104,-0.02156553994020538
1767105248.2242532,4438,combined_score,0.0,0.9939470818124694,-0.972381541872264,-0.9939470818124694
1767105375.489637,4437,combined_score,0.9867869247504832,0.9939470818124694,0.9867869247504832,-0.007160157061986139
1767105430.263174,4439,combined_score,0.9851944143418074,0.9939470818124694,-0.0015925104086758068,-0.008752667470661946
1767105433.4669657,4441,combined_score,0.9692821977678759,0.9939470818124694,-0.015912216573931492,-0.024664884044593438
1767105447.9652982,4440,combined_score,0.9822207447837187,0.9939470818124694,0.012938547015842738,-0.0117263370287507
1767105521.5509717,4443,combined_score,0.22758238179803644,0.9939470818124694,-0.7546383629856822,-0.7663647000144329
1767105573.273408,4442,combined_score,0.9698574796322827,0.9939470818124694,0.7422750978342463,-0.02408960218018663
1767105580.8459337,4444,combined_score,0.0,0.9939470818124694,-0.9698574796322827,-0.9939470818124694
1767105597.680262,4445,combined_score,0.0,0.9939470818124694,0.0,-0.9939470818124694
1767105719.6732361,4446,combined_score,0.9809322749504048,0.9939470818124694,0.9809322749504048,-0.013014806862064576
1767105781.6735518,4447,combined_score,0.9756745183830665,0.9939470818124694,-0.00525775656733829,-0.018272563429402866
1767105791.1495585,4448,combined_score,0.9686814377529175,0.9939470818124694,-0.006993080630149029,-0.025265644059551895
1767105792.3910592,4449,combined_score,0.9837752931911746,0.9939470818124694,0.015093855438257142,-0.010171788621294753
1767105874.749048,4450,combined_score,0.0,0.9939470818124694,-0.9837752931911746,-0.9939470818124694
1767105919.697855,4453,combined_score,0.9736951831925468,0.9939470818124694,0.9736951831925468,-0.020251898619922604
1767105928.7611065,4451,combined_score,0.0,0.9939470818124694,-0.9736951831925468,-0.9939470818124694
1767105966.973003,4452,combined_score,0.9798554867137387,0.9939470818124694,0.9798554867137387,-0.014091595098730703
1767106053.3212812,4454,combined_score,0.9822813251310223,0.9939470818124694,0.00242583841728361,-0.011665756681447093
1767106095.8728888,4456,combined_score,0.9446248942791767,0.9939470818124694,-0.03765643085184556,-0.04932218753329265
1767106185.95118,4455,combined_score,0.0,0.9939470818124694,-0.9446248942791767,-0.9939470818124694
1767106186.888063,4457,combined_score,0.9936125609668288,0.9939470818124694,0.9936125609668288,-0.0003345208456405624
1767106290.5999558,4459,combined_score,0.9764434291901083,0.9939470818124694,-0.017169131776720525,-0.017503652622361088
1767106294.9242954,4458,combined_score,0.0,0.9939470818124694,-0.9764434291901083,-0.9939470818124694
1767106357.9613543,4460,combined_score,0.9697803614851433,0.9939470818124694,0.9697803614851433,-0.02416672032732603
1767106404.2299778,4461,combined_score,0.0,0.9939470818124694,-0.9697803614851433,-0.9939470818124694
1767106471.73635,4462,combined_score,0.9835640343026043,0.9939470818124694,0.9835640343026043,-0.010383047509865073
1767106473.5088713,4463,combined_score,0.9734043918401695,0.9939470818124694,-0.010159642462434837,-0.02054268997229991
1767106503.799575,4464,combined_score,0.9711646433753404,0.9939470818124694,-0.0022397484648291055,-0.022782438437129016
1767106544.2352245,4465,combined_score,0.0,0.9939470818124694,-0.9711646433753404,-0.9939470818124694
1767106666.4224992,4468,combined_score,0.0,0.9939470818124694,0.0,-0.9939470818124694
1767106676.1196127,4466,combined_score,0.9706206802442253,0.9939470818124694,0.9706206802442253,-0.02332640156824406
1767106717.5708008,4469,combined_score,0.0,0.9939470818124694,-0.9706206802442253,-0.9939470818124694
1767106719.9488997,4467,combined_score,0.9811457603124623,0.9939470818124694,0.9811457603124623,-0.012801321500007123
1767106809.418005,4470,combined_score,0.0,0.9939470818124694,-0.9811457603124623,-0.9939470818124694
1767106872.317153,4471,combined_score,0.9586734855738371,0.9939470818124694,0.9586734855738371,-0.03527359623863224
1767106931.7687564,4472,combined_score,0.9768643374300567,0.9939470818124694,0.018190851856219603,-0.01708274438241264
1767106954.4817255,4473,combined_score,0.9786362960959488,0.9939470818124694,0.0017719586658920816,-0.015310785716520559
1767107051.1691349,4474,combined_score,0.973502292741752,0.9939470818124694,-0.005134003354196781,-0.02044478907071734
1767107090.1300147,4475,combined_score,0.0,0.9939470818124694,-0.973502292741752,-0.9939470818124694
1767107093.1235056,4476,combined_score,0.0,0.9939470818124694,0.0,-0.9939470818124694
1767107230.1312566,4479,combined_score,0.0,0.9939470818124694,0.0,-0.9939470818124694
1767107242.0643327,4477,combined_score,0.0,0.9939470818124694,0.0,-0.9939470818124694
1767107261.6842756,4478,combined_score,0.0,0.9939470818124694,0.0,-0.9939470818124694
1767107346.2633796,4480,combined_score,0.9733956373750295,0.9939470818124694,0.9733956373750295,-0.020551444437439836
1767107415.5984101,4482,combined_score,0.0,0.9939470818124694,-0.9733956373750295,-0.9939470818124694
1767107449.4666328,4483,combined_score,0.9824111158343676,0.9939470818124694,0.9824111158343676,-0.011535965978101803
1767107578.9535434,4484,combined_score,0.986410995158396,0.9939470818124694,0.003999879324028455,-0.0075360866540733484
1767107609.1358163,4485,combined_score,0.9783159767314611,0.9939470818124694,-0.008095018426934941,-0.01563110508100829
1767107620.6783097,4486,combined_score,0.0,0.9939470818124694,-0.9783159767314611,-0.9939470818124694
1767107664.2747583,4481,combined_score,0.0,0.9939470818124694,0.0,-0.9939470818124694
1767107763.8171277,4488,combined_score,0.968428580438522,0.9939470818124694,0.968428580438522,-0.0255185013739474
1767107789.9504275,4487,combined_score,0.9847639124286336,0.9939470818124694,0.016335331990111612,-0.009183169383835788
1767107814.8063705,4489,combined_score,0.983268650347683,0.9939470818124694,-0.0014952620809506323,-0.01067843146478642
1767107882.8200707,4490,combined_score,0.976724899406543,0.9939470818124694,-0.006543750941140014,-0.017222182405926434
1767107932.0451746,4491,combined_score,0.9946493372194853,0.9946493372194853,0.017924437812942395,0.0007022554070159615
1767107992.2086866,4492,combined_score,0.9827165307011021,0.9946493372194853,-0.011932806518383243,-0.011932806518383243
1767108038.9729877,4494,combined_score,0.9576702650743212,0.9946493372194853,-0.025046265626780917,-0.03697907214516416
1767108095.7492135,4496,combined_score,0.929739490655917,0.9946493372194853,-0.02793077441840419,-0.06490984656356835
1767108162.2483282,4495,combined_score,0.9827300264684787,0.9946493372194853,0.052990535812561745,-0.011919310751006607
1767108239.962883,4493,combined_score,0.0,0.9946493372194853,-0.9827300264684787,-0.9946493372194853
1767108262.137693,4497,combined_score,0.9194867984814556,0.9946493372194853,0.9194867984814556,-0.0751625387380297
1767108300.6613288,4498,combined_score,0.9755454952758095,0.9946493372194853,0.056058696794353824,-0.01910384194367587
1767108357.4298584,4499,combined_score,0.9774671832298066,0.9946493372194853,0.0019216879539971643,-0.017182153989678706
1767108384.8306797,4501,combined_score,0.9584668774570086,0.9946493372194853,-0.019000305772797987,-0.03618245976247669
1767108442.2864578,4500,combined_score,0.9777953273287544,0.9946493372194853,0.019328449871745756,-0.016854009890730937
1767108537.4363067,4504,combined_score,0.0,0.9946493372194853,-0.9777953273287544,-0.9946493372194853
1767108562.5028608,4502,combined_score,0.9780227726952404,0.9946493372194853,0.9780227726952404,-0.016626564524244936
1767108569.9155633,4503,combined_score,0.9662558516401595,0.9946493372194853,-0.011766921055080926,-0.02839348557932586
1767108653.266552,4505,combined_score,0.9900190159603878,0.9946493372194853,0.02376316432022829,-0.0046303212590975695
1767108746.7098227,4506,combined_score,0.0,0.9946493372194853,-0.9900190159603878,-0.9946493372194853
1767108792.7603307,4507,combined_score,0.9755159334403185,0.9946493372194853,0.9755159334403185,-0.019133403779166835
1767108802.941717,4508,combined_score,0.9845918626292002,0.9946493372194853,0.00907592918888167,-0.010057474590285165
1767108878.585142,4510,combined_score,0.9575550698164402,0.9946493372194853,-0.027036792812759947,-0.03709426740304511
1767108881.7353814,4509,combined_score,0.846090620571504,0.9946493372194853,-0.11146444924493626,-0.14855871664798137
1767108983.507169,4511,combined_score,0.9741211615549701,0.9946493372194853,0.1280305409834661,-0.020528175664515258
1767108991.2083087,4512,combined_score,0.9713905640541938,0.9946493372194853,-0.0027305975007763106,-0.02325877316529157
1767109044.1081295,4515,combined_score,0.0,0.9946493372194853,-0.9713905640541938,-0.9946493372194853
1767109051.2798502,4514,combined_score,0.9839689247714104,0.9946493372194853,0.9839689247714104,-0.010680412448074939
1767109081.4004097,4517,combined_score,0.0,0.9946493372194853,-0.9839689247714104,-0.9946493372194853
1767109101.7183669,4513,combined_score,0.8713126012356701,0.9946493372194853,0.8713126012356701,-0.12333673598381523
1767109147.7466054,4516,combined_score,0.0,0.9946493372194853,-0.8713126012356701,-0.9946493372194853
1767109279.237972,4518,combined_score,0.9841883351679244,0.9946493372194853,0.9841883351679244,-0.010461002051560975
1767109286.7703543,4519,combined_score,0.0,0.9946493372194853,-0.9841883351679244,-0.9946493372194853
1767109305.388871,4520,combined_score,0.0,0.9946493372194853,0.0,-0.9946493372194853
1767109393.2024944,4521,combined_score,0.9682715930217585,0.9946493372194853,0.9682715930217585,-0.02637774419772687
1767109504.569445,4523,combined_score,0.9710122433918355,0.9946493372194853,0.00274065037007698,-0.02363709382764989
1767109536.2889295,4522,combined_score,0.9671197756125797,0.9946493372194853,-0.0038924677792557816,-0.027529561606905673
1767109554.6421995,4524,combined_score,0.9939470818124694,0.9946493372194853,0.02682730619988971,-0.0007022554070159615
1767109557.2290306,4525,combined_score,0.0,0.9946493372194853,-0.9939470818124694,-0.9946493372194853
1767109711.291028,4526,combined_score,0.9799346134446731,0.9946493372194853,0.9799346134446731,-0.0147147237748122
1767109773.0596957,4529,combined_score,0.9381223629048543,0.9946493372194853,-0.04181225053981885,-0.05652697431463105
1767109790.2653067,4528,combined_score,0.0,0.9946493372194853,-0.9381223629048543,-0.9946493372194853
1767109881.027882,4527,combined_score,0.0,0.9946493372194853,0.0,-0.9946493372194853
1767109939.832833,4532,combined_score,0.0,0.9946493372194853,0.0,-0.9946493372194853
1767109955.353699,4530,combined_score,0.0,0.9946493372194853,0.0,-0.9946493372194853
1767109981.3974729,4531,combined_score,0.9781702713006393,0.9946493372194853,0.9781702713006393,-0.01647906591884607
1767110000.7831726,4535,combined_score,0.0,0.9946493372194853,-0.9781702713006393,-0.9946493372194853
1767110046.1871822,4533,combined_score,0.9717750330884329,0.9946493372194853,0.9717750330884329,-0.022874304131052403
1767110131.4657326,4534,combined_score,0.9823250104052813,0.9946493372194853,0.010549977316848369,-0.012324326814204034
1767110172.2043936,4536,combined_score,0.9821746058549947,0.9946493372194853,-0.00015040455028658695,-0.012474731364490621
1767110236.5428698,4537,combined_score,0.0,0.9946493372194853,-0.9821746058549947,-0.9946493372194853
1767110285.9534347,4538,combined_score,0.9785667561114431,0.9946493372194853,0.9785667561114431,-0.016082581108042282
1767110376.5122154,4541,combined_score,0.9481381297920801,0.9946493372194853,-0.03042862631936294,-0.04651120742740522
1767110380.3918993,4539,combined_score,0.9777172875622597,0.9946493372194853,0.02957915777017961,-0.016932049657225612
1767110388.9658914,4540,combined_score,0.9724828652670142,0.9946493372194853,-0.005234422295245511,-0.022166471952471123
1767110555.2637622,4542,combined_score,0.9831375682368975,0.9946493372194853,0.010654702969883245,-0.011511768982587878
1767110577.1640146,4544,combined_score,0.9685970134025869,0.9946493372194853,-0.014540554834310604,-0.02605232381689848
1767110577.852782,4545,combined_score,0.0,0.9946493372194853,-0.9685970134025869,-0.9946493372194853
1767110648.577813,4543,combined_score,0.9825835361516989,0.9946493372194853,0.9825835361516989,-0.01206580106778643
1767110741.9592068,4547,combined_score,0.9845716501105001,0.9946493372194853,0.001988113958801163,-0.010077687108985267
1767110754.279989,4548,combined_score,0.0,0.9946493372194853,-0.9845716501105001,-0.9946493372194853
1767110806.7748458,4546,combined_score,0.0,0.9946493372194853,0.0,-0.9946493372194853
1767110859.6931708,4549,combined_score,0.9673773165917606,0.9946493372194853,0.9673773165917606,-0.027272020627724713
1767110906.7036493,4550,combined_score,0.9782153092722765,0.9946493372194853,0.010837992680515884,-0.01643402794720883
1767110948.4650931,4552,combined_score,0.0,0.9946493372194853,-0.9782153092722765,-0.9946493372194853
1767111009.2780032,4551,combined_score,0.9798516515263613,0.9946493372194853,0.9798516515263613,-0.014797685693124007
1767111139.1240177,4555,combined_score,0.9861611075772444,0.9946493372194853,0.006309456050883067,-0.008488229642240941
1767111160.194866,4554,combined_score,0.9694079567946244,0.9946493372194853,-0.016753150782619963,-0.025241380424860904
1767111230.7622447,4556,combined_score,0.9897978912581217,0.9946493372194853,0.02038993446349724,-0.004851445961363665
1767111305.2742443,4553,combined_score,0.0,0.9946493372194853,-0.9897978912581217,-0.9946493372194853
1767111325.9416914,4557,combined_score,0.97595793006659,0.9946493372194853,0.97595793006659,-0.0186914071528953
1767111391.610567,4558,combined_score,0.0,0.9946493372194853,-0.97595793006659,-0.9946493372194853
1767111421.1920102,4559,combined_score,0.0,0.9946493372194853,0.0,-0.9946493372194853
1767111470.2990828,4560,combined_score,0.9951122721773247,0.9951122721773247,0.9951122721773247,0.0004629349578393338
1767111525.7031002,4561,combined_score,0.9681044637385395,0.9951122721773247,-0.02700780843878514,-0.02700780843878514
1767111594.9693377,4562,combined_score,0.9783970889073944,0.9951122721773247,0.010292625168854874,-0.016715183269930267
1767111634.51479,4564,combined_score,0.0,0.9951122721773247,-0.9783970889073944,-0.9951122721773247
1767111652.3687046,4563,combined_score,0.9857950467483165,0.9951122721773247,0.9857950467483165,-0.009317225429008147
1767111689.0627494,4566,combined_score,0.9281130070701826,0.9951122721773247,-0.0576820396781339,-0.06699926510714205
1767111719.5717516,4565,combined_score,0.9629843946640209,0.9951122721773247,0.03487138759383823,-0.032127877513303815
1767111799.9463851,4570,combined_score,0.0,0.9951122721773247,-0.9629843946640209,-0.9951122721773247
1767111857.4282925,4567,combined_score,0.982749372275434,0.9951122721773247,0.982749372275434,-0.012362899901890656
1767111871.5634043,4568,combined_score,0.967004518592486,0.9951122721773247,-0.01574485368294798,-0.028107753584838635
1767112016.5559247,4571,combined_score,0.9757610022652192,0.9951122721773247,0.008756483672733184,-0.01935126991210545
1767112022.023096,4572,combined_score,0.9621932433621713,0.9951122721773247,-0.013567758903047955,-0.032919028815153406
1767112070.9512398,4573,combined_score,0.9870706369042616,0.9951122721773247,0.024877393542090287,-0.008041635273063119
1767112129.3911638,4569,combined_score,0.0,0.9951122721773247,-0.9870706369042616,-0.9951122721773247
1767112219.2739902,4575,combined_score,0.9798317692529291,0.9951122721773247,0.9798317692529291,-0.015280502924395534
1767112251.498891,4574,combined_score,0.9799286474128364,0.9951122721773247,9.687815990722104e-05,-0.015183624764488313
1767112298.8609138,4576,combined_score,0.9807697436139067,0.9951122721773247,0.0008410962010703127,-0.014342528563418
1767112350.5803154,4577,combined_score,0.9705302943988856,0.9951122721773247,-0.010239449215021068,-0.024581977778439068
1767112480.027437,4579,combined_score,0.9631223936162874,0.9951122721773247,-0.007407900782598231,-0.0319898785610373
1767112486.0613656,4580,combined_score,0.9715469282643215,0.9951122721773247,0.008424534648034165,-0.023565343913003134
1767112496.9890018,4578,combined_score,0.9862492767243068,0.9951122721773247,0.014702348459985304,-0.00886299545301783
1767112633.4834294,4583,combined_score,0.9283346218847128,0.9951122721773247,-0.057914654839594015,-0.06677765029261185
1767112721.1674705,4582,combined_score,0.9276004384437473,0.9951122721773247,-0.0007341834409655412,-0.06751183373357739
1767112727.568987,4584,combined_score,0.0,0.9951122721773247,-0.9276004384437473,-0.9951122721773247
1767112787.4823744,4581,combined_score,0.0,0.9951122721773247,0.0,-0.9951122721773247
1767112878.9103274,4586,combined_score,0.0,0.9951122721773247,0.0,-0.9951122721773247
1767112880.8337543,4585,combined_score,0.0,0.9951122721773247,0.0,-0.9951122721773247
1767112936.860694,4587,combined_score,0.9803090941753748,0.9951122721773247,0.9803090941753748,-0.014803178001949857
1767112982.598183,4588,combined_score,0.9760562972839478,0.9951122721773247,-0.004252796891426991,-0.019055974893376848
1767113005.3126378,4590,combined_score,0.9731874012662494,0.9951122721773247,-0.0028688960176984635,-0.02192487091107531
1767113037.2298362,4589,combined_score,0.0,0.9951122721773247,-0.9731874012662494,-0.9951122721773247
1767113070.9307787,4593,combined_score,0.0,0.9951122721773247,0.0,-0.9951122721773247
1767113090.2396917,4591,combined_score,0.9771657028759267,0.9951122721773247,0.9771657028759267,-0.01794656930139793
1767113167.0902147,4592,combined_score,0.9734944470771014,0.9951122721773247,-0.0036712557988253236,-0.021617825100223254
1767113253.3344433,4596,combined_score,0.9874335455623223,0.9951122721773247,0.013939098485220902,-0.007678726615002351
1767113266.156037,4594,combined_score,0.9823747264155818,0.9951122721773247,-0.005058819146740556,-0.012737545761742908
1767113280.5638099,4595,combined_score,0.964009742503306,0.9951122721773247,-0.018364983912275812,-0.03110252967401872
1767113333.0632517,4599,combined_score,0.0,0.9951122721773247,-0.964009742503306,-0.9951122721773247
1767113361.070437,4597,combined_score,0.9685616930585925,0.9951122721773247,0.9685616930585925,-0.026550579118732154
1767113452.0501606,4601,combined_score,0.0,0.9951122721773247,-0.9685616930585925,-0.9951122721773247
1767113464.4124422,4598,combined_score,0.9870041651775892,0.9951122721773247,0.9870041651775892,-0.00810810699973552
1767113483.6566048,4600,combined_score,0.9870191110612541,0.9951122721773247,1.4945883664907456e-05,-0.008093161116070613
1767113590.881219,4603,combined_score,0.9468712932883325,0.9951122721773247,-0.040147817772921535,-0.04824097888899215
1767113618.0096262,4602,combined_score,0.9609888819886084,0.9951122721773247,0.014117588700275907,-0.03412339018871624
1767113690.7373965,4605,combined_score,0.0,0.9951122721773247,-0.9609888819886084,-0.9951122721773247
1767113705.0745513,4604,combined_score,0.9807393888524057,0.9951122721773247,0.9807393888524057,-0.014372883324918928
1767113781.1885796,4607,combined_score,0.0,0.9951122721773247,-0.9807393888524057,-0.9951122721773247
1767113818.0238929,4606,combined_score,0.968320325118815,0.9951122721773247,0.968320325118815,-0.026791947058509624
1767113928.3897521,4609,combined_score,0.9601844752591991,0.9951122721773247,-0.008135849859615907,-0.03492779691812553
1767113933.1490269,4608,combined_score,0.9756643435666192,0.9951122721773247,0.015479868307420097,-0.019447928610705434
1767113975.2255576,4611,combined_score,0.5475198595810624,0.9951122721773247,-0.4281444839855568,-0.44759241259626226
1767113985.355168,4610,combined_score,0.9775295327968537,0.9951122721773247,0.4300096732157913,-0.017582739380470946
1767114096.7298272,4612,combined_score,0.0,0.9951122721773247,-0.9775295327968537,-0.9951122721773247
1767114147.8834312,4613,combined_score,0.9849446665621239,0.9951122721773247,0.9849446665621239,-0.010167605615200803
1767114170.5923831,4614,combined_score,0.8848709745658953,0.9951122721773247,-0.10007369199622862,-0.11024129761142942
1767114179.1530206,4615,combined_score,0.9801135141802609,0.9951122721773247,0.09524253961436568,-0.014998757997063739
1767114289.7559605,4616,combined_score,0.9782760951196271,0.9951122721773247,-0.001837419060633838,-0.016836177057697577
1767114314.542272,4618,combined_score,0.9192537276473663,0.9951122721773247,-0.05902236747226075,-0.07585854452995833
1767114362.3400183,4617,combined_score,0.9780135666864328,0.9951122721773247,0.05875983903906645,-0.017098705490891875
1767114391.9472637,4619,combined_score,0.0,0.9951122721773247,-0.9780135666864328,-0.9951122721773247
1767114451.6490767,4623,combined_score,0.0,0.9951122721773247,0.0,-0.9951122721773247
1767114478.8937817,4620,combined_score,0.0,0.9951122721773247,0.0,-0.9951122721773247
1767114571.8602748,4622,combined_score,0.9783757417036316,0.9951122721773247,0.9783757417036316,-0.016736530473693056
1767114571.941993,4621,combined_score,0.972501991060104,0.9951122721773247,-0.0058737506435275755,-0.022610281117220632
1767114616.4454908,4625,combined_score,0.9645882157139637,0.9951122721773247,-0.00791377534614035,-0.030524056463360982
1767114640.2570372,4624,combined_score,0.0,0.9951122721773247,-0.9645882157139637,-0.9951122721773247
1767114747.6238353,4626,combined_score,0.9567927374020776,0.9951122721773247,0.9567927374020776,-0.03831953477524708
1767114753.7728896,4628,combined_score,0.9687078584496626,0.9951122721773247,0.011915121047584964,-0.026404413727662113
1767114792.84823,4630,combined_score,0.0,0.9951122721773247,-0.9687078584496626,-0.9951122721773247
1767114807.5980868,4627,combined_score,0.9784901632161345,0.9951122721773247,0.9784901632161345,-0.016622108961190207
1767114862.2254314,4629,combined_score,0.9886034955824211,0.9951122721773247,0.010113332366286643,-0.006508776594903565
1767114929.4479587,4631,combined_score,0.9799967670889975,0.9951122721773247,-0.008606728493423588,-0.015115505088327152
1767114968.2858775,4633,combined_score,0.0,0.9951122721773247,-0.9799967670889975,-0.9951122721773247
1767115013.0279818,4632,combined_score,0.979305041103073,0.9951122721773247,0.979305041103073,-0.015807231074251638
1767115027.1620564,4635,combined_score,0.0,0.9951122721773247,-0.979305041103073,-0.9951122721773247
1767115050.616605,4634,combined_score,0.9817735577282766,0.9951122721773247,0.9817735577282766,-0.013338714449048106
1767115208.556956,4638,combined_score,0.9817643633315041,0.9951122721773247,-9.194396772493896e-06,-0.0133479088458206
1767115212.176995,4636,combined_score,0.9727119003396929,0.9951122721773247,-0.009052462991811172,-0.022400371837631772
1767115225.7543476,4637,combined_score,0.9773383162829551,0.9951122721773247,0.004626415943262185,-0.017773955894369586
1767115262.3522832,4639,combined_score,0.9784701618253723,0.9951122721773247,0.001131845542417187,-0.0166421103519524
1767115375.874106,4642,combined_score,0.0,0.9951122721773247,-0.9784701618253723,-0.9951122721773247
1767115393.07199,4641,combined_score,0.9778238210933401,0.9951122721773247,0.9778238210933401,-0.01728845108398458
1767115401.2912538,4640,combined_score,0.9760325925536071,0.9951122721773247,-0.001791228539733014,-0.019079679623717594
1767115404.034077,4643,combined_score,0.0,0.9951122721773247,-0.9760325925536071,-0.9951122721773247
1767115544.3487065,4644,combined_score,0.9596813755609921,0.9951122721773247,0.9596813755609921,-0.035430896616332586
1767115576.2922773,4645,combined_score,0.9823983874204367,0.9951122721773247,0.022717011859444636,-0.01271388475688795
1767115586.4091158,4647,combined_score,0.991996788406765,0.9951122721773247,0.009598400986328248,-0.0031154837705597016
1767115614.8019135,4646,combined_score,0.9742831913862826,0.9951122721773247,-0.017713597020482363,-0.020829080791042065
1767115672.534538,4648,combined_score,0.9734893304801793,0.9951122721773247,-0.0007938609061033386,-0.021622941697145404
1767115782.7598374,4649,combined_score,0.9847346798371599,0.9951122721773247,0.011245349356980627,-0.010377592340164776
1767115793.620517,4651,combined_score,0.9824412204545081,0.9951122721773247,-0.002293459382651797,-0.012671051722816573
1767115803.6825175,4650,combined_score,0.9788186023391054,0.9951122721773247,-0.0036226181154026538,-0.016293669838219227
1767115847.563321,4654,combined_score,0.0,0.9951122721773247,-0.9788186023391054,-0.9951122721773247
1767115943.2040546,4653,combined_score,0.0,0.9951122721773247,0.0,-0.9951122721773247
1767115943.6043577,4655,combined_score,0.98275197048905,0.9951122721773247,0.98275197048905,-0.012360301688274622
1767116083.7476876,4656,combined_score,0.9748766821609507,0.9951122721773247,-0.007875288328099361,-0.020235590016373983
1767116096.5074584,4652,combined_score,0.0,0.9951122721773247,-0.9748766821609507,-0.9951122721773247
1767116097.656776,4658,combined_score,0.0,0.9951122721773247,0.0,-0.9951122721773247
1767116134.7986603,4657,combined_score,0.9841051375279453,0.9951122721773247,0.9841051375279453,-0.011007134649379413
1767116282.9557552,4659,combined_score,0.976156415018033,0.9951122721773247,-0.007948722509912298,-0.01895585715929171
1767116302.5889027,4660,combined_score,0.988571766693098,0.9951122721773247,0.012415351675065023,-0.0065405054842266885
1767116343.5612204,4664,combined_score,0.0,0.9951122721773247,-0.988571766693098,-0.9951122721773247
1767116382.3041742,4662,combined_score,0.983451660760147,0.9951122721773247,0.983451660760147,-0.011660611417177669
1767116428.8995037,4663,combined_score,0.0,0.9951122721773247,-0.983451660760147,-0.9951122721773247
1767116473.6909747,4667,combined_score,0.0,0.9951122721773247,0.0,-0.9951122721773247
1767116515.3327882,4665,combined_score,0.979192816548054,0.9951122721773247,0.979192816548054,-0.015919455629270662
1767116529.912018,4661,combined_score,0.0,0.9951122721773247,-0.979192816548054,-0.9951122721773247
1767116600.3424382,4666,combined_score,0.9782360731912791,0.9951122721773247,0.9782360731912791,-0.016876198986045532
1767116657.10691,4668,combined_score,0.9568707297031687,0.9951122721773247,-0.021365343488110478,-0.03824154247415601
1767116706.3612006,4670,combined_score,0.9633622117229415,0.9951122721773247,0.006491482019772787,-0.03175006045438322
1767116758.017094,4669,combined_score,0.9615307702048441,0.9951122721773247,-0.001831441518097332,-0.033581501972480554
1767116780.5788727,4671,combined_score,0.9813782954955309,0.9951122721773247,0.019847525290686785,-0.01373397668179377
1767116825.080004,4672,combined_score,0.9798671401818694,0.9951122721773247,-0.0015111553136615274,-0.015245131995455297
1767116866.4233627,4673,combined_score,0.9683925227331327,0.9951122721773247,-0.01147461744873668,-0.026719749444191976
1767116930.1806924,4674,combined_score,0.9833643396912842,0.9951122721773247,0.01497181695815153,-0.011747932486040447
1767116953.3248582,4676,combined_score,0.0,0.9951122721773247,-0.9833643396912842,-0.9951122721773247
1767116975.3796132,4675,combined_score,0.9873294541242182,0.9951122721773247,0.9873294541242182,-0.007782818053106433
1767117022.954691,4677,combined_score,0.0,0.9951122721773247,-0.9873294541242182,-0.9951122721773247
1767117083.2587502,4681,combined_score,0.0,0.9951122721773247,0.0,-0.9951122721773247
1767117134.6858783,4678,combined_score,0.9866694120338532,0.9951122721773247,0.9866694120338532,-0.008442860143471509
1767117140.8269608,4680,combined_score,0.9675375932051441,0.9951122721773247,-0.01913181882870907,-0.027574678972180577
1767117145.7723022,4679,combined_score,0.9752324232526678,0.9951122721773247,0.007694830047523693,-0.019879848924656884
1767117259.1779046,4682,combined_score,0.9722417748740785,0.9951122721773247,-0.002990648378589311,-0.022870497303246196
1767117313.7716386,4683,combined_score,0.9728346122110453,0.9951122721773247,0.0005928373369668005,-0.022277659966279395
1767117331.1543353,4684,combined_score,0.9709015310176936,0.9951122721773247,-0.0019330811933516712,-0.024210741159631066
1767117389.8400621,4685,combined_score,0.9795785687585986,0.9951122721773247,0.008677037740905003,-0.015533703418726064
1767117487.7982597,4686,combined_score,0.97347846878855,0.9951122721773247,-0.006100099970048567,-0.02163380338877463
1767117489.3754098,4687,combined_score,0.9722417748740785,0.9951122721773247,-0.001236693914471565,-0.022870497303246196
1767117541.2082608,4688,combined_score,0.9882355028877002,0.9951122721773247,0.015993728013621755,-0.00687676928962444
1767117550.8655744,4689,combined_score,0.9806883213710926,0.9951122721773247,-0.007547181516607604,-0.014423950806232044
1767117627.1315415,4690,combined_score,0.9755762672922398,0.9951122721773247,-0.005112054078852846,-0.01953600488508489
1767117666.4013815,4691,combined_score,0.9869494671226068,0.9951122721773247,0.011373199830366998,-0.008162805054717892
1767117694.5984187,4692,combined_score,0.9624648234042905,0.9951122721773247,-0.024484643718316268,-0.03264744877303416
1767117773.2541516,4693,combined_score,0.973231702992405,0.9951122721773247,0.010766879588114509,-0.02188056918491965
1767117802.7848046,4695,combined_score,0.0,0.9951122721773247,-0.973231702992405,-0.9951122721773247
1767117803.1670349,4694,combined_score,0.9752330203933142,0.9951122721773247,0.9752330203933142,-0.01987925178401051
1767117870.0124316,4697,combined_score,0.8717520438460745,0.9951122721773247,-0.10348097654723964,-0.12336022833125015
1767117980.9273012,4699,combined_score,0.0,0.9951122721773247,-0.8717520438460745,-0.9951122721773247
1767118006.339621,4698,combined_score,0.9864280990501695,0.9951122721773247,0.9864280990501695,-0.008684173127155193
1767118086.5130806,4700,combined_score,0.9961366699248196,0.9961366699248196,0.009708570874650158,0.001024397747494965
1767118124.4603024,4702,combined_score,0.9565444113544841,0.9961366699248196,-0.03959225857033555,-0.03959225857033555
1767118145.378168,4696,combined_score,0.0,0.9961366699248196,-0.9565444113544841,-0.9961366699248196
1767118187.8277245,4701,combined_score,0.9852666253369552,0.9961366699248196,0.9852666253369552,-0.010870044587864447
1767118282.3407667,4705,combined_score,0.9579042101486898,0.9961366699248196,-0.027362415188265432,-0.03823245977612988
1767118292.9409356,4703,combined_score,0.9660491624688394,0.9961366699248196,0.008144952320149668,-0.03008750745598021
1767118309.1737704,4704,combined_score,0.9762323864216613,0.9961366699248196,0.010183223952821896,-0.019904283503158315
1767118404.3282218,4706,combined_score,0.0,0.9961366699248196,-0.9762323864216613,-0.9961366699248196
1767118464.7640092,4709,combined_score,0.9686422826219024,0.9961366699248196,0.9686422826219024,-0.0274943873029172
1767118468.145853,4708,combined_score,0.0,0.9961366699248196,-0.9686422826219024,-0.9961366699248196
1767118493.0696476,4707,combined_score,0.0,0.9961366699248196,0.0,-0.9961366699248196
1767118542.5365915,4710,combined_score,0.0,0.9961366699248196,0.0,-0.9961366699248196
1767118648.2893555,4713,combined_score,0.975650819115842,0.9961366699248196,0.975650819115842,-0.02048585080897769
1767118681.192745,4711,combined_score,0.9790118464184306,0.9961366699248196,0.0033610273025886928,-0.017124823506388998
1767118758.5763123,4714,combined_score,0.9927544273864912,0.9961366699248196,0.01374258096806058,-0.003382242538328417
1767118759.73663,4712,combined_score,0.0,0.9961366699248196,-0.9927544273864912,-0.9961366699248196
1767118878.051405,4715,combined_score,0.9805054020807547,0.9961366699248196,0.9805054020807547,-0.01563126784406499
1767118926.351774,4716,combined_score,0.9673669919521384,0.9961366699248196,-0.013138410128616274,-0.028769677972681262
1767118954.645358,4717,combined_score,0.0,0.9961366699248196,-0.9673669919521384,-0.9961366699248196
1767119027.266591,4718,combined_score,0.9610337809410655,0.9961366699248196,0.9610337809410655,-0.03510288898375413
1767119071.789108,4721,combined_score,0.9218810505740626,0.9961366699248196,-0.03915273036700295,-0.07425561935075708
1767119074.8712747,4722,combined_score,0.0,0.9961366699248196,-0.9218810505740626,-0.9961366699248196
1767119077.2687922,4719,combined_score,0.9747010311071209,0.9961366699248196,0.9747010311071209,-0.02143563881769872
1767119091.7275224,4720,combined_score,0.9793614420670502,0.9961366699248196,0.004660410959929306,-0.016775227857769415
1767119268.1591458,4724,combined_score,0.9823182112157866,0.9961366699248196,0.002956769148736327,-0.013818458709033088
1767119285.8737814,4725,combined_score,0.0,0.9961366699248196,-0.9823182112157866,-0.9961366699248196
1767119290.730654,4726,combined_score,0.0,0.9961366699248196,0.0,-0.9961366699248196
1767119421.4096758,4723,combined_score,0.0,0.9961366699248196,0.0,-0.9961366699248196
1767119461.4378586,4727,combined_score,0.0,0.9961366699248196,0.0,-0.9961366699248196
1767119466.7945902,4728,combined_score,0.9762772605374856,0.9961366699248196,0.9762772605374856,-0.019859409387333993
1767119470.397399,4730,combined_score,0.0,0.9961366699248196,-0.9762772605374856,-0.9961366699248196
1767119486.6624665,4729,combined_score,0.9835775504580226,0.9961366699248196,0.9835775504580226,-0.012559119466796997
1767119624.5347183,4733,combined_score,0.9772490772047243,0.9961366699248196,-0.006328473253298328,-0.018887592720095325
1767119646.792253,4734,combined_score,0.0,0.9961366699248196,-0.9772490772047243,-0.9961366699248196
1767119662.8709853,4731,combined_score,0.9731869798027429,0.9961366699248196,0.9731869798027429,-0.022949690122076705
1767119668.5875704,4732,combined_score,0.0,0.9961366699248196,-0.9731869798027429,-0.9961366699248196
1767119834.8312936,4735,combined_score,0.9872722518536802,0.9961366699248196,0.9872722518536802,-0.008864418071139468
1767119857.299145,4737,combined_score,0.974863528260459,0.9961366699248196,-0.012408723593221205,-0.021273141664360673
1767119887.1010969,4738,combined_score,0.9927544273864912,0.9961366699248196,0.017890899126032256,-0.003382242538328417
1767119929.626448,4739,combined_score,0.0,0.9961366699248196,-0.9927544273864912,-0.9961366699248196
1767120018.114548,4736,combined_score,0.0,0.9961366699248196,0.0,-0.9961366699248196
1767120019.4863021,4740,combined_score,0.0,0.9961366699248196,0.0,-0.9961366699248196
1767120117.967455,4741,combined_score,0.0,0.9961366699248196,0.0,-0.9961366699248196
1767120176.1537256,4744,combined_score,0.9641836898343973,0.9961366699248196,0.9641836898343973,-0.031952980090422356
1767120211.3664582,4742,combined_score,0.9734381119252971,0.9961366699248196,0.009254422090899772,-0.022698557999522584
1767120217.3237958,4743,combined_score,0.7004499214607322,0.9961366699248196,-0.2729881904645649,-0.2956867484640875
1767120255.1903393,4745,combined_score,0.9241514140852132,0.9961366699248196,0.22370149262448102,-0.07198525583960647
1767120377.3206303,4746,combined_score,0.0,0.9961366699248196,-0.9241514140852132,-0.9961366699248196
1767120419.7212756,4748,combined_score,0.9738932968865737,0.9961366699248196,0.9738932968865737,-0.022243373038245973
1767120444.6839142,4749,combined_score,0.9757000261317303,0.9961366699248196,0.0018067292451566797,-0.020436643793089293
1767120558.3253133,4747,combined_score,0.0,0.9961366699248196,-0.9757000261317303,-0.9961366699248196
1767120589.999084,4751,combined_score,0.982047470587679,0.9961366699248196,0.982047470587679,-0.01408919933714059
1767120629.321873,4750,combined_score,0.0,0.9961366699248196,-0.982047470587679,-0.9961366699248196
1767120644.217644,4752,combined_score,0.9682715930217585,0.9961366699248196,0.9682715930217585,-0.02786507690306117
1767120705.3808997,4756,combined_score,0.0,0.9961366699248196,-0.9682715930217585,-0.9961366699248196
1767120753.4002519,4753,combined_score,0.9828128640457479,0.9961366699248196,0.9828128640457479,-0.013323805879071782
1767120776.5947495,4754,combined_score,0.9464680611112344,0.9961366699248196,-0.036344802934513476,-0.04966860881358526
1767120845.3665826,4755,combined_score,0.0,0.9961366699248196,-0.9464680611112344,-0.9961366699248196
1767120890.6257133,4757,combined_score,0.9699866265380783,0.9961366699248196,0.9699866265380783,-0.026150043386741317
1767120911.3896208,4758,combined_score,0.9716929115994454,0.9961366699248196,0.0017062850613670522,-0.024443758325374265
1767120939.983755,4759,combined_score,0.9496368710118197,0.9961366699248196,-0.02205604058762567,-0.046499798912999935
1767121066.1105928,4760,combined_score,0.9745616461893636,0.9961366699248196,0.02492477517754388,-0.021575023735456056
1767121068.4083395,4761,combined_score,0.9787985839696557,0.9961366699248196,0.004236937780292105,-0.01733808595516395
1767121093.2008886,4763,combined_score,0.0,0.9961366699248196,-0.9787985839696557,-0.9961366699248196
1767121133.775591,4762,combined_score,0.990991458435075,0.9961366699248196,0.990991458435075,-0.005145211489744672
1767121217.9238684,4764,combined_score,0.0,0.9961366699248196,-0.990991458435075,-0.9961366699248196
1767121249.0509653,4765,combined_score,0.9770579377987876,0.9961366699248196,0.9770579377987876,-0.01907873212603206
1767121260.0303242,4766,combined_score,0.0,0.9961366699248196,-0.9770579377987876,-0.9961366699248196
1767121263.136707,4768,combined_score,0.0,0.9961366699248196,0.0,-0.9961366699248196
1767121350.8517387,4767,combined_score,0.9873074340870452,0.9961366699248196,0.9873074340870452,-0.008829235837774396
1767121395.9423223,4769,combined_score,0.9756938777319314,0.9961366699248196,-0.011613556355113852,-0.02044279219288825
1767121440.192499,4771,combined_score,0.9731264649498178,0.9961366699248196,-0.0025674127821135873,-0.023010204975001836
1767121477.4702792,4770,combined_score,0.0,0.9961366699248196,-0.9731264649498178,-0.9961366699248196
1767121541.577341,4773,combined_score,0.0,0.9961366699248196,0.0,-0.9961366699248196
1767121574.8711977,4772,combined_score,0.9807153838873349,0.9961366699248196,0.9807153838873349,-0.015421286037484716
1767121629.0679848,4774,combined_score,0.9802909452663456,0.9961366699248196,-0.000424438620989287,-0.015845724658474003
1767121665.7802403,4775,combined_score,0.9805092782651108,0.9961366699248196,0.00021833299876516943,-0.015627391659708834
1767121679.3121622,4778,combined_score,0.0,0.9961366699248196,-0.9805092782651108,-0.9961366699248196
1767121707.4247754,4779,combined_score,0.0,0.9961366699248196,0.0,-0.9961366699248196
1767121726.5841837,4780,combined_score,0.0,0.9961366699248196,0.0,-0.9961366699248196
1767121739.5785413,4777,combined_score,0.9646883512138171,0.9961366699248196,0.9646883512138171,-0.03144831871100251
1767121862.4426155,4781,combined_score,0.981737063167607,0.9961366699248196,0.017048711953789875,-0.014399606757212635
1767121876.5762088,4782,combined_score,0.0,0.9961366699248196,-0.981737063167607,-0.9961366699248196
1767121938.5833447,4786,combined_score,0.8869319868849997,0.9961366699248196,0.8869319868849997,-0.1092046830398199
1767121941.768371,4784,combined_score,0.9039662403317369,0.9961366699248196,0.017034253446737146,-0.09217042959308275
1767121961.6366975,4776,combined_score,0.0,0.9961366699248196,-0.9039662403317369,-0.9961366699248196
1767122144.8112864,4787,combined_score,0.9741186561317074,0.9961366699248196,0.9741186561317074,-0.02201801379311219
1767122172.6583164,4788,combined_score,0.9770907282240261,0.9961366699248196,0.002972072092318645,-0.019045941700793545
1767122188.8109276,4789,combined_score,0.9809950960096616,0.9961366699248196,0.0039043677856355208,-0.015141573915158024
1767122310.1034799,4790,combined_score,0.9595213082790438,0.9961366699248196,-0.02147378773061781,-0.036615361645775835
1767122315.0520618,4785,combined_score,0.0,0.9961366699248196,-0.9595213082790438,-0.9961366699248196
1767122331.062561,4791,combined_score,0.0,0.9961366699248196,0.0,-0.9961366699248196
1767122338.0419254,4792,combined_score,0.9773198428334979,0.9961366699248196,0.9773198428334979,-0.01881682709132171
1767122395.4354038,4796,combined_score,0.0,0.9961366699248196,-0.9773198428334979,-0.9961366699248196
1767122487.7605462,4795,combined_score,0.0,0.9961366699248196,0.0,-0.9961366699248196
1767122509.057023,4794,combined_score,0.9812573122445619,0.9961366699248196,0.9812573122445619,-0.014879357680257721
1767122558.66874,4797,combined_score,0.9855530349062422,0.9961366699248196,0.0042957226616803235,-0.010583635018577398
1767122683.355648,4798,combined_score,0.9741184360692055,0.9961366699248196,-0.011434598837036791,-0.02201823385561419
1767122710.4168963,4799,combined_score,0.0,0.9961366699248196,-0.9741184360692055,-0.9961366699248196
1767122728.0001109,4793,combined_score,0.0,0.9961366699248196,0.0,-0.9961366699248196
1767122741.1637452,4801,combined_score,0.0,0.9961366699248196,0.0,-0.9961366699248196
1767122747.4750745,4800,combined_score,0.9811613993260783,0.9961366699248196,0.9811613993260783,-0.014975270598741375
1767122761.2544596,4802,combined_score,0.0,0.9961366699248196,-0.9811613993260783,-0.9961366699248196
1767122906.5442953,4806,combined_score,0.0,0.9961366699248196,0.0,-0.9961366699248196
1767122910.651505,4804,combined_score,0.9814081563761162,0.9961366699248196,0.9814081563761162,-0.014728513548703415
1767122920.982405,4805,combined_score,0.9728291095732771,0.9961366699248196,-0.008579046802839163,-0.023307560351542578
1767122925.3641264,4803,combined_score,0.981225712513275,0.9961366699248196,0.008396602939997888,-0.01491095741154469
1767122995.973491,4810,combined_score,0.0,0.9961366699248196,-0.981225712513275,-0.9961366699248196
1767123114.493582,4807,combined_score,0.960024476927976,0.9961366699248196,0.960024476927976,-0.03611219299684365
1767123127.323515,4809,combined_score,0.9737044766366671,0.9961366699248196,0.01367999970869116,-0.02243219328815249
1767123153.8612585,4812,combined_score,0.0,0.9961366699248196,-0.9737044766366671,-0.9961366699248196
1767123210.1589007,4811,combined_score,0.9790992526071433,0.9961366699248196,0.9790992526071433,-0.017037417317676384
1767123244.3333626,4814,combined_score,0.0,0.9961366699248196,-0.9790992526071433,-0.9961366699248196
1767123277.4131482,4815,combined_score,0.9856551552404607,0.9961366699248196,0.9856551552404607,-0.010481514684358983
1767123305.0703459,4813,combined_score,0.9367545794203066,0.9961366699248196,-0.04890057582015406,-0.05938209050451304
1767123345.619331,4808,combined_score,0.0,0.9961366699248196,-0.9367545794203066,-0.9961366699248196
1767123361.0911083,4818,combined_score,0.0,0.9961366699248196,0.0,-0.9961366699248196
1767123458.3185194,4817,combined_score,0.9832750046798888,0.9961366699248196,0.9832750046798888,-0.01286166524493082
1767123518.8927782,4819,combined_score,0.9819037318051823,0.9961366699248196,-0.0013712728747065084,-0.014232938119637328
1767123545.175722,4820,combined_score,0.9675324849661124,0.9961366699248196,-0.014371246839069873,-0.0286041849587072
1767123670.4295785,4821,combined_score,0.986752976461148,0.9961366699248196,0.019220491495035574,-0.009383693463671627
1767123689.6497033,4822,combined_score,0.9799866873250695,0.9961366699248196,-0.006766289136078463,-0.01614998259975009
1767123696.0090353,4816,combined_score,0.0,0.9961366699248196,-0.9799866873250695,-0.9961366699248196
1767123822.0125816,4823,combined_score,0.9714684309151093,0.9961366699248196,0.9714684309151093,-0.02466823900971038
1767123855.4723964,4825,combined_score,0.9804761562669617,0.9961366699248196,0.009007725351852458,-0.015660513657857922
1767123863.646831,4824,combined_score,0.9686425125561818,0.9961366699248196,-0.011833643710779884,-0.027494157368637806
1767124033.8866742,4828,combined_score,0.0,0.9961366699248196,-0.9686425125561818,-0.9961366699248196
1767124038.137846,4829,combined_score,0.9623474493839973,0.9961366699248196,0.9623474493839973,-0.03378922054082234
1767124057.8607664,4827,combined_score,0.9840155459311676,0.9961366699248196,0.02166809654717028,-0.012121123993652061
1767124120.0381348,4826,combined_score,0.0,0.9961366699248196,-0.9840155459311676,-0.9961366699248196
1767124211.0149128,4832,combined_score,0.986746855539754,0.9961366699248196,0.986746855539754,-0.009389814385065587
1767124232.8580945,4830,combined_score,0.0,0.9961366699248196,-0.986746855539754,-0.9961366699248196
1767124244.7122715,4831,combined_score,0.0,0.9961366699248196,0.0,-0.9961366699248196
1767124272.1713653,4833,combined_score,0.0,0.9961366699248196,0.0,-0.9961366699248196
1767124369.47904,4835,combined_score,0.969562473316597,0.9961366699248196,0.969562473316597,-0.02657419660822269
1767124384.8186529,4836,combined_score,0.9716871744712737,0.9961366699248196,0.002124701154676778,-0.02444949545354591
1767124393.8347807,4834,combined_score,0.0,0.9961366699248196,-0.9716871744712737,-0.9961366699248196
1767124430.7284956,4838,combined_score,0.0,0.9961366699248196,0.0,-0.9961366699248196
1767124435.4680505,4837,combined_score,0.0,0.9961366699248196,0.0,-0.9961366699248196
1767124452.4070685,4840,combined_score,0.0,0.9961366699248196,0.0,-0.9961366699248196
1767124595.4940922,4842,combined_score,0.9147730824089308,0.9961366699248196,0.9147730824089308,-0.08136358751588879
1767124602.6174827,4841,combined_score,0.0,0.9961366699248196,-0.9147730824089308,-0.9961366699248196
1767124624.512587,4839,combined_score,0.9856722011010159,0.9961366699248196,0.9856722011010159,-0.010464468823803696
1767124644.8962302,4843,combined_score,0.975027206453285,0.9961366699248196,-0.010644994647730943,-0.02110946347153464
1767124786.1053898,4845,combined_score,0.9694258097846532,0.9961366699248196,-0.005601396668631797,-0.026710860140166437
1767124829.1024346,4846,combined_score,0.97237045514555,0.9961366699248196,0.0029446453608967804,-0.023766214779269657
1767124860.4394379,4847,combined_score,0.0,0.9961366699248196,-0.97237045514555,-0.9961366699248196
1767124922.1634214,4848,combined_score,0.0,0.9961366699248196,0.0,-0.9961366699248196
1767125024.8965185,4844,combined_score,0.0,0.9961366699248196,0.0,-0.9961366699248196
1767125081.2306302,4852,combined_score,0.0,0.9961366699248196,0.0,-0.9961366699248196
1767125099.335605,4850,combined_score,0.0,0.9961366699248196,0.0,-0.9961366699248196
1767125144.8582685,4851,combined_score,0.9849741020069168,0.9961366699248196,0.9849741020069168,-0.011162567917902821
1767125261.7396133,4849,combined_score,0.0,0.9961366699248196,-0.9849741020069168,-0.9961366699248196
1767125304.4791172,4854,combined_score,0.9723232065638491,0.9961366699248196,0.9723232065638491,-0.023813463360970566
1767125360.913057,4855,combined_score,0.9860560635975473,0.9961366699248196,0.013732857033698198,-0.010080606327272368
1767125464.8554513,4857,combined_score,0.0,0.9961366699248196,-0.9860560635975473,-0.9961366699248196
1767125470.6022577,4856,combined_score,0.98424074288003,0.9961366699248196,0.98424074288003,-0.01189592704478959
1767125540.7781224,4853,combined_score,0.0,0.9961366699248196,-0.98424074288003,-0.9961366699248196
1767125570.1330664,4858,combined_score,0.983844051256256,0.9961366699248196,0.983844051256256,-0.012292618668563682
1767125615.4023688,4860,combined_score,0.0,0.9961366699248196,-0.983844051256256,-0.9961366699248196
1767125629.012459,4859,combined_score,0.9813141292367852,0.9961366699248196,0.9813141292367852,-0.014822540688034458
1767125651.7601135,4862,combined_score,0.9380693803009643,0.9961366699248196,-0.043244748935820865,-0.05806728962385532
1767125704.8456721,4861,combined_score,0.9723117210748822,0.9961366699248196,0.034242340773917856,-0.023824948849937466
1767125741.90405,4865,combined_score,0.9373600594905249,0.9961366699248196,-0.03495166158435725,-0.05877661043429472
1767125789.2567146,4864,combined_score,0.9774820062883147,0.9961366699248196,0.0401219467977898,-0.01865466363650492
1767125836.7150085,4863,combined_score,0.9720938058183115,0.9961366699248196,-0.005388200470003213,-0.024042864106508133
1767125897.2547293,4866,combined_score,0.9831772586742753,0.9961366699248196,0.011083452855963793,-0.01295941125054434
1767125926.0761418,4867,combined_score,0.9858501898371976,0.9961366699248196,0.002672931162922332,-0.010286480087622007
1767125998.188896,4868,combined_score,0.9821831683566725,0.9961366699248196,-0.0036670214805251122,-0.01395350156814712
1767126063.7564828,4869,combined_score,0.9824412204545081,0.9961366699248196,0.0002580520978355816,-0.013695449470311538
1767126115.1339643,4871,combined_score,0.9504848451086115,0.9961366699248196,-0.03195637534589657,-0.04565182481620811
1767126119.5998023,4870,combined_score,0.9782163258634171,0.9961366699248196,0.027731480754805582,-0.017920344061402527
1767126221.4117463,4872,combined_score,0.9961366699248196,0.9961366699248196,0.017920344061402527,0.0
1767126282.845221,4874,combined_score,0.0,0.9961366699248196,-0.9961366699248196,-0.9961366699248196
1767126285.2059085,4873,combined_score,0.9735472403254302,0.9961366699248196,0.9735472403254302,-0.022589429599389477
1767126304.4228604,4875,combined_score,0.9656747697152598,0.9961366699248196,-0.007872470610170379,-0.030461900209559856
1767126420.7311878,4876,combined_score,0.979630379360572,0.9961366699248196,0.013955609645312173,-0.016506290564247683
1767126424.429532,4878,combined_score,0.0,0.9961366699248196,-0.979630379360572,-0.9961366699248196
1767126437.651194,4879,combined_score,0.0,0.9961366699248196,0.0,-0.9961366699248196
1767126480.913396,4877,combined_score,0.0,0.9961366699248196,0.0,-0.9961366699248196
1767126579.975813,4882,combined_score,0.935731936252765,0.9961366699248196,0.935731936252765,-0.06040473367205468
1767126627.9748018,4880,combined_score,0.9788313563301122,0.9961366699248196,0.04309942007734724,-0.01730531359470744
1767126641.993525,4881,combined_score,0.0,0.9961366699248196,-0.9788313563301122,-0.9961366699248196
1767126646.54364,4883,combined_score,0.9573666644963374,0.9961366699248196,0.9573666644963374,-0.03877000542848219
1767126707.4203196,4887,combined_score,0.0,0.9961366699248196,-0.9573666644963374,-0.9961366699248196
1767126729.913009,4884,combined_score,0.9830460300720532,0.9961366699248196,0.9830460300720532,-0.013090639852766484
1767126766.3365824,4885,combined_score,0.9791557451510671,0.9961366699248196,-0.003890284920986087,-0.01698092477375257
1767126890.6188192,4888,combined_score,0.0,0.9961366699248196,-0.9791557451510671,-0.9961366699248196
1767126913.469201,4886,combined_score,0.9780461806043521,0.9961366699248196,0.9780461806043521,-0.01809048932046753
1767126942.6018322,4890,combined_score,0.9790294042602323,0.9961366699248196,0.0009832236558802165,-0.017107265664587312
1767126943.4072392,4889,combined_score,0.9668321180622623,0.9961366699248196,-0.012197286197970003,-0.029304551862557315
1767126961.3864644,4892,combined_score,0.9719351318945674,0.9961366699248196,0.005103013832305048,-0.024201538030252268
1767127038.5120392,4891,combined_score,0.0,0.9961366699248196,-0.9719351318945674,-0.9961366699248196
1767127133.9613814,4894,combined_score,0.9574473982602736,0.9961366699248196,0.9574473982602736,-0.038689271664546054
1767127139.514231,4895,combined_score,0.0,0.9961366699248196,-0.9574473982602736,-0.9961366699248196
1767127147.0772376,4893,combined_score,0.9918639234666528,0.9961366699248196,0.9918639234666528,-0.004272746458166887
1767127258.2435443,4896,combined_score,0.9872216543933293,0.9961366699248196,-0.004642269073323435,-0.008915015531490322
1767127273.0464172,4898,combined_score,0.9738592682368703,0.9961366699248196,-0.013362386156459016,-0.02227740168794934
1767127303.3593395,4897,combined_score,0.0,0.9961366699248196,-0.9738592682368703,-0.9961366699248196
1767127375.5936162,4899,combined_score,0.9824412204545081,0.9961366699248196,0.9824412204545081,-0.013695449470311538
1767127405.1999032,4901,combined_score,0.0,0.9961366699248196,-0.9824412204545081,-0.9961366699248196
1767127500.0488384,4900,combined_score,0.0,0.9961366699248196,0.0,-0.9961366699248196
1767127543.7683942,4902,combined_score,0.9820045823358775,0.9961366699248196,0.9820045823358775,-0.014132087588942133
1767127583.7800448,4904,combined_score,0.0,0.9961366699248196,-0.9820045823358775,-0.9961366699248196
1767127626.3498757,4903,combined_score,0.0,0.9961366699248196,0.0,-0.9961366699248196
1767127712.219755,4906,combined_score,0.0,0.9961366699248196,0.0,-0.9961366699248196
1767127772.157357,4905,combined_score,0.0,0.9961366699248196,0.0,-0.9961366699248196
1767127782.2393157,4907,combined_score,0.9826870727828017,0.9961366699248196,0.9826870727828017,-0.013449597142017988
1767127858.1141102,4908,combined_score,0.9779957673291382,0.9961366699248196,-0.004691305453663475,-0.018140902595681463
1767127860.9042346,4909,combined_score,0.0,0.9961366699248196,-0.9779957673291382,-0.9961366699248196
1767127898.4139247,4913,combined_score,0.0,0.9961366699248196,0.0,-0.9961366699248196
1767127933.6555703,4911,combined_score,0.0,0.9961366699248196,0.0,-0.9961366699248196
1767128005.921814,4912,combined_score,0.0,0.9961366699248196,0.0,-0.9961366699248196
1767128016.0128329,4910,combined_score,0.9805377134490777,0.9961366699248196,0.9805377134490777,-0.015598956475741943
1767128074.7564638,4915,combined_score,0.0,0.9961366699248196,-0.9805377134490777,-0.9961366699248196
1767128139.2411482,4914,combined_score,0.9859145582825131,0.9961366699248196,0.9859145582825131,-0.010222111642306575
1767128195.808432,4916,combined_score,0.973485751413082,0.9961366699248196,-0.012428806869431042,-0.022650918511737617
1767128214.1367388,4918,combined_score,0.16685811399370737,0.9961366699248196,-0.8066276374193746,-0.8292785559311122
1767128246.2793422,4917,combined_score,0.9822420864496696,0.9961366699248196,0.8153839724559622,-0.013894583475150046
1767128285.8100646,4919,combined_score,0.0,0.9961366699248196,-0.9822420864496696,-0.9961366699248196
1767128408.9766512,4921,combined_score,0.0,0.9961366699248196,0.0,-0.9961366699248196
1767128411.131827,4920,combined_score,0.9865042704229433,0.9961366699248196,0.9865042704229433,-0.009632399501876332
1767128420.519042,4922,combined_score,0.9833491413495696,0.9961366699248196,-0.0031551290733736748,-0.012787528575250007
1767128485.881443,4926,combined_score,0.0,0.9961366699248196,-0.9833491413495696,-0.9961366699248196
1767128490.652919,4923,combined_score,0.9760500408306401,0.9961366699248196,0.9760500408306401,-0.020086629094179576
1767128550.8854012,4928,combined_score,0.0,0.9961366699248196,-0.9760500408306401,-0.9961366699248196
1767128598.1288815,4925,combined_score,0.9775603919901168,0.9961366699248196,0.9775603919901168,-0.018576277934702845
1767128604.7176425,4924,combined_score,0.9714463578550626,0.9961366699248196,-0.0061140341350541805,-0.024690312069757026
1767128659.94669,4930,combined_score,0.0,0.9961366699248196,-0.9714463578550626,-0.9961366699248196
1767128699.3539548,4927,combined_score,0.9828084101486918,0.9961366699248196,0.9828084101486918,-0.013328259776127838
1767128773.47386,4929,combined_score,0.976156415018033,0.9961366699248196,-0.006651995130658839,-0.019980254906786676
1767128775.4637542,4931,combined_score,0.9777800026547847,0.9961366699248196,0.0016235876367517443,-0.018356667270034932
1767128847.8613453,4933,combined_score,0.0,0.9961366699248196,-0.9777800026547847,-0.9961366699248196
1767128876.931929,4932,combined_score,0.9847381154948215,0.9961366699248196,0.9847381154948215,-0.011398554429998153
1767128968.5719297,4934,combined_score,0.9773055415846331,0.9961366699248196,-0.007432573910188367,-0.01883112834018652
1767128973.7171447,4935,combined_score,0.9828128640457479,0.9961366699248196,0.005507322461114739,-0.013323805879071782
1767129071.8877332,4936,combined_score,0.9768257057625547,0.9961366699248196,-0.0059871582831931835,-0.019310964162264965
1767129082.6035662,4937,combined_score,0.0,0.9961366699248196,-0.9768257057625547,-0.9961366699248196
1767129126.1114018,4938,combined_score,0.0,0.9961366699248196,0.0,-0.9961366699248196
1767129165.6466398,4939,combined_score,0.978359280073244,0.9961366699248196,0.978359280073244,-0.01777738985157562
1767129291.0867915,4941,combined_score,0.9795492196723626,0.9961366699248196,0.0011899395991186168,-0.016587450252457003
1767129327.0438514,4940,combined_score,0.9667674909229632,0.9961366699248196,-0.012781728749399424,-0.029369179001856427
1767129354.4495575,4942,combined_score,0.9858879069320865,0.9961366699248196,0.019120416009123287,-0.01024876299273314
1767129384.791314,4943,combined_score,0.9853411208012136,0.9961366699248196,-0.0005467861308728894,-0.01079554912360603
1767129465.3161411,4944,combined_score,0.9750535717856459,0.9961366699248196,-0.01028754901556772,-0.02108309813917375
1767129519.5712788,4945,combined_score,0.9772383923407815,0.9961366699248196,0.0021848205551355804,-0.01889827758403817
1767129539.4654393,4947,combined_score,0.0,0.9961366699248196,-0.9772383923407815,-0.9961366699248196
1767129565.0171883,4946,combined_score,0.9869527579994531,0.9961366699248196,0.9869527579994531,-0.009183911925366495
1767129675.2809122,4949,combined_score,0.0,0.9961366699248196,-0.9869527579994531,-0.9961366699248196
1767129748.4622676,4951,combined_score,0.9797797269266019,0.9961366699248196,0.9797797269266019,-0.01635694299821777
1767129809.3733609,4950,combined_score,0.9741107702631436,0.9961366699248196,-0.005668956663458236,-0.022025899661676007
1767129856.5426035,4948,combined_score,0.0,0.9961366699248196,-0.9741107702631436,-0.9961366699248196
1767129896.4989057,4952,combined_score,0.971195290206394,0.9961366699248196,0.971195290206394,-0.024941379718425694
1767129923.205923,4953,combined_score,0.9486655528444407,0.9961366699248196,-0.022529737361953295,-0.04747111708037899
1767130002.67132,4954,combined_score,0.9807446338015519,0.9961366699248196,0.032079080957111206,-0.015392036123267783
1767130026.9524696,4956,combined_score,0.0,0.9961366699248196,-0.9807446338015519,-0.9961366699248196
1767130027.2197015,4955,combined_score,0.9762254635141738,0.9961366699248196,0.9762254635141738,-0.01991120641064581
1767130132.683292,4958,combined_score,0.9623405328039973,0.9961366699248196,-0.01388493071017649,-0.0337961371208223
1767130140.2763834,4957,combined_score,0.0,0.9961366699248196,-0.9623405328039973,-0.9961366699248196
1767130164.7877812,4960,combined_score,0.978898942441325,0.9961366699248196,0.978898942441325,-0.017237727483494614
1767130248.2320793,4962,combined_score,0.9368632857680714,0.9961366699248196,-0.042035656673253596,-0.05927338415674821
1767130286.6845355,4959,combined_score,0.0,0.9961366699248196,-0.9368632857680714,-0.9961366699248196
1767130307.2951994,4963,combined_score,0.0,0.9961366699248196,0.0,-0.9961366699248196
1767130335.5802755,4961,combined_score,0.9803830857290153,0.9961366699248196,0.9803830857290153,-0.015753584195804304
1767130423.2783098,4965,combined_score,0.0,0.9961366699248196,-0.9803830857290153,-0.9961366699248196
1767130456.6169322,4964,combined_score,0.9840288909127302,0.9961366699248196,0.9840288909127302,-0.012107779012089481
1767130503.2992892,4966,combined_score,0.9773890324446035,0.9961366699248196,-0.006639858468126647,-0.01874763748021613
1767130590.1111903,4969,combined_score,0.0,0.9961366699248196,-0.9773890324446035,-0.9961366699248196
1767130624.0424514,4968,combined_score,0.0,0.9961366699248196,0.0,-0.9961366699248196
1767130769.5656223,4967,combined_score,0.0,0.9961366699248196,0.0,-0.9961366699248196
1767130813.8015895,4971,combined_score,0.9809532212942851,0.9961366699248196,0.9809532212942851,-0.015183448630534557
1767130821.8746688,4972,combined_score,0.0,0.9961366699248196,-0.9809532212942851,-0.9961366699248196
1767130944.092956,4970,combined_score,0.0,0.9961366699248196,0.0,-0.9961366699248196
1767130955.6749518,4973,combined_score,0.0,0.9961366699248196,0.0,-0.9961366699248196
1767131006.110722,4977,combined_score,0.0,0.9961366699248196,0.0,-0.9961366699248196
1767131038.7528393,4975,combined_score,0.9772252450496649,0.9961366699248196,0.9772252450496649,-0.018911424875154736
1767131086.3077884,4976,combined_score,0.0,0.9961366699248196,-0.9772252450496649,-0.9961366699248196
1767131174.6605752,4974,combined_score,0.974359490762926,0.9961366699248196,0.974359490762926,-0.02177717916189359
1767131235.385368,4978,combined_score,0.0,0.9961366699248196,-0.974359490762926,-0.9961366699248196
1767131249.2202523,4981,combined_score,0.0,0.9961366699248196,0.0,-0.9961366699248196
1767131304.2782989,4980,combined_score,0.9872741859428628,0.9961366699248196,0.9872741859428628,-0.008862483981956881
1767131375.9880383,4982,combined_score,0.9475098867345976,0.9961366699248196,-0.039764299208265186,-0.04862678319022207
1767131437.0247223,4984,combined_score,0.9748204704644253,0.9961366699248196,0.027310583729827753,-0.021316199460394314
1767131444.2260334,4983,combined_score,0.9812215670291009,0.9961366699248196,0.006401096564675579,-0.014915102895718735
1767131477.1960018,4979,combined_score,0.0,0.9961366699248196,-0.9812215670291009,-0.9961366699248196
1767131511.1808248,4985,combined_score,0.9644635815868695,0.9961366699248196,0.9644635815868695,-0.03167308833795013
1767131638.7376888,4987,combined_score,0.9838913378828363,0.9961366699248196,0.019427756295966825,-0.012245332041983303
1767131683.8149319,4986,combined_score,0.0,0.9961366699248196,-0.9838913378828363,-0.9961366699248196
1767131698.8868704,4988,combined_score,0.9725189795443657,0.9961366699248196,0.9725189795443657,-0.023617690380453915
1767131731.0410922,4989,combined_score,0.98292715089269,0.9961366699248196,0.01040817134832428,-0.013209519032129635
1767131817.9045658,4990,combined_score,0.0,0.9961366699248196,-0.98292715089269,-0.9961366699248196
1767131822.890285,4991,combined_score,0.0,0.9961366699248196,0.0,-0.9961366699248196
1767131890.0254176,4993,combined_score,0.9754504626623434,0.9961366699248196,0.9754504626623434,-0.020686207262476275
1767132010.2166493,4994,combined_score,0.0,0.9961366699248196,-0.9754504626623434,-0.9961366699248196
1767132081.3434842,4995,combined_score,0.9857111237235268,0.9961366699248196,0.9857111237235268,-0.010425546201292879
1767132147.8178356,4996,combined_score,0.9740282712362286,0.9961366699248196,-0.011682852487298168,-0.022108398688591047
1767132198.0888402,4997,combined_score,0.9727205758055646,0.9961366699248196,-0.001307695430664002,-0.02341609411925505
1767132204.7767963,4992,combined_score,0.0,0.9961366699248196,-0.9727205758055646,-0.9961366699248196
1767132226.2099254,4998,combined_score,0.9600790800980302,0.9961366699248196,0.9600790800980302,-0.036057589826789416
1767132306.4802864,4999,combined_score,0.0,0.9961366699248196,-0.9600790800980302,-0.9961366699248196
1767132416.0149937,5001,combined_score,0.9824304662018557,0.9961366699248196,0.9824304662018557,-0.013706203722963939
1767132420.410253,5002,combined_score,0.9837157632996157,0.9961366699248196,0.0012852970977600409,-0.012420906625203898
1767132420.9941912,5000,combined_score,0.983176280176754,0.9961366699248196,-0.0005394831228617836,-0.012960389748065682
1767132455.8891146,5003,combined_score,0.0,0.9961366699248196,-0.983176280176754,-0.9961366699248196
1767132463.093513,5006,combined_score,0.0,0.9961366699248196,0.0,-0.9961366699248196
1767132589.1360614,5004,combined_score,0.9805741469486116,0.9961366699248196,0.9805741469486116,-0.015562522976208082
1767132609.389465,5008,combined_score,0.0,0.9961366699248196,-0.9805741469486116,-0.9961366699248196
1767132660.2989714,5005,combined_score,0.0,0.9961366699248196,0.0,-0.9961366699248196
1767132661.7954454,5007,combined_score,0.0,0.9961366699248196,0.0,-0.9961366699248196
1767132796.8365448,5009,combined_score,0.9752144007260206,0.9961366699248196,0.9752144007260206,-0.020922269198799026
1767132830.3444872,5010,combined_score,0.9745987280125423,0.9961366699248196,-0.000615672713478288,-0.021537941912277314
1767132845.8555276,5011,combined_score,0.9739330928771203,0.9961366699248196,-0.0006656351354220602,-0.022203577047699374
1767132858.34261,5012,combined_score,0.9820825284675782,0.9961366699248196,0.008149435590457887,-0.014054141457241487
1767132987.5471272,5013,combined_score,0.9790965399928606,0.9961366699248196,-0.002985988474717538,-0.017040129931959025
1767133010.946675,5015,combined_score,0.0,0.9961366699248196,-0.9790965399928606,-0.9961366699248196
1767133061.1797407,5016,combined_score,0.9730122239352434,0.9961366699248196,0.9730122239352434,-0.023124445989576192
1767133067.5871472,5014,combined_score,0.0,0.9961366699248196,-0.9730122239352434,-0.9961366699248196
1767133180.960678,5017,combined_score,0.9630200952013357,0.9961366699248196,0.9630200952013357,-0.03311657472348395
1767133198.6907318,5018,combined_score,0.9577929711806116,0.9961366699248196,-0.0052271240207241165,-0.038343698744208066
1767133251.5272145,5020,combined_score,0.0,0.9961366699248196,-0.9577929711806116,-0.9961366699248196
1767133354.7425141,5021,combined_score,0.986121361104534,0.9961366699248196,0.986121361104534,-0.010015308820285673
1767133394.1741478,5023,combined_score,0.0,0.9961366699248196,-0.986121361104534,-0.9961366699248196
1767133417.1254163,5022,combined_score,0.0,0.9961366699248196,0.0,-0.9961366699248196
1767133515.1543,5019,combined_score,0.0,0.9961366699248196,0.0,-0.9961366699248196
1767133541.5451555,5024,combined_score,0.9799999967277162,0.9961366699248196,0.9799999967277162,-0.016136673197103435
1767133585.4596896,5025,combined_score,0.9839726961840278,0.9961366699248196,0.003972699456311624,-0.012163973740791811
1767133625.9090354,5026,combined_score,0.9779598897584006,0.9961366699248196,-0.006012806425627182,-0.018176780166418993
1767133710.339843,5027,combined_score,0.9740263033357887,0.9961366699248196,-0.00393358642261199,-0.022110366589030983
1767133740.786966,5028,combined_score,0.9806679115783337,0.9961366699248196,0.006641608242545005,-0.015468758346485978
1767133786.8645747,5029,combined_score,0.9811030210264038,0.9961366699248196,0.00043510944807012564,-0.015033648898415852
1767133845.8693163,5030,combined_score,0.9913423494157424,0.9961366699248196,0.010239328389338609,-0.004794320509077243
1767133861.985711,5031,combined_score,0.0,0.9961366699248196,-0.9913423494157424,-0.9961366699248196
1767133958.7769523,5032,combined_score,0.0,0.9961366699248196,0.0,-0.9961366699248196
1767133977.5101743,5034,combined_score,0.9829650325937767,0.9961366699248196,0.9829650325937767,-0.013171637331042985
1767134008.3788702,5033,combined_score,0.9888477317294586,0.9961366699248196,0.005882699135681957,-0.007288938195361028
1767134015.7901812,5035,combined_score,0.9273129109265391,0.9961366699248196,-0.0615348208029195,-0.06882375899828053
1767134090.7605512,5036,combined_score,0.0,0.9961366699248196,-0.9273129109265391,-0.9961366699248196
1767134173.3637455,5037,combined_score,0.9790634069821229,0.9961366699248196,0.9790634069821229,-0.017073262942696732
1767134207.8078253,5038,combined_score,0.9891409405707566,0.9961366699248196,0.010077533588633725,-0.006995729354063007
1767134289.4209776,5039,combined_score,0.0,0.9961366699248196,-0.9891409405707566,-0.9961366699248196
1767134303.2438135,5040,combined_score,0.9767288673003816,0.9961366699248196,0.9767288673003816,-0.019407802624438086
1767134317.6526246,5041,combined_score,0.0,0.9961366699248196,-0.9767288673003816,-0.9961366699248196
1767134433.0420754,5042,combined_score,0.9876838084796751,0.9961366699248196,0.9876838084796751,-0.008452861445144566
1767134452.6188347,5044,combined_score,0.0,0.9961366699248196,-0.9876838084796751,-0.9961366699248196
1767134504.8854303,5045,combined_score,0.9803801252445807,0.9961366699248196,0.9803801252445807,-0.015756544680238904
1767134564.8592181,5046,combined_score,0.0,0.9961366699248196,-0.9803801252445807,-0.9961366699248196
1767134622.3206525,5047,combined_score,0.9779098463289295,0.9961366699248196,0.9779098463289295,-0.018226823595890118
1767134623.8907423,5049,combined_score,0.0,0.9961366699248196,-0.9779098463289295,-0.9961366699248196
1767134707.5183876,5048,combined_score,0.9708617254626627,0.9961366699248196,0.9708617254626627,-0.025274944462156945
1767134727.4359884,5043,combined_score,0.0,0.9961366699248196,-0.9708617254626627,-0.9961366699248196
1767134738.4089541,5050,combined_score,0.0,0.9961366699248196,0.0,-0.9961366699248196
1767134771.3336766,5053,combined_score,0.0,0.9961366699248196,0.0,-0.9961366699248196
1767134854.8540733,5051,combined_score,0.9878697353040372,0.9961366699248196,0.9878697353040372,-0.008266934620782429
1767134885.0497448,5054,combined_score,0.0,0.9961366699248196,-0.9878697353040372,-0.9961366699248196
1767134951.278136,5052,combined_score,0.9751528296109641,0.9961366699248196,0.9751528296109641,-0.020983840313855584
1767134988.0234773,5055,combined_score,0.9796671263802256,0.9961366699248196,0.004514296769261517,-0.016469543544594067
1767134994.6522098,5056,combined_score,0.0,0.9961366699248196,-0.9796671263802256,-0.9961366699248196
1767135090.558804,5057,combined_score,0.96569511230634,0.9961366699248196,0.96569511230634,-0.030441557618479664
1767135107.701578,5058,combined_score,0.0,0.9961366699248196,-0.96569511230634,-0.9961366699248196
1767135168.550605,5060,combined_score,0.974931995557911,0.9961366699248196,0.974931995557911,-0.02120467436690865
1767135193.490795,5059,combined_score,0.9807653303974201,0.9961366699248196,0.005833334839509097,-0.015371339527399552
1767135280.3722336,5062,combined_score,0.9726411024541103,0.9961366699248196,-0.008124227943309803,-0.023495567470709355
1767135300.696848,5061,combined_score,0.9922885761972227,0.9961366699248196,0.019647473743112376,-0.0038480937275969795
1767135351.3472147,5065,combined_score,0.0,0.9961366699248196,-0.9922885761972227,-0.9961366699248196
1767135386.9622204,5064,combined_score,0.9834916382946222,0.9961366699248196,0.9834916382946222,-0.012645031630197479
1767135426.7424068,5063,combined_score,0.9696852239902658,0.9961366699248196,-0.013806414304356363,-0.02645144593455384
1767135480.5032465,5066,combined_score,0.9699446840415443,0.9961366699248196,0.0002594600512785261,-0.026191985883275315
1767135503.5842483,5067,combined_score,0.0,0.9961366699248196,-0.9699446840415443,-0.9961366699248196
1767135537.9279282,5068,combined_score,0.0,0.9961366699248196,0.0,-0.9961366699248196
1767135622.871264,5069,combined_score,0.9780642080567455,0.9961366699248196,0.9780642080567455,-0.018072461868074097
1767135629.5605145,5071,combined_score,0.8907565169953788,0.9961366699248196,-0.08730769106136671,-0.1053801529294408
1767135688.5136168,5070,combined_score,0.9805713974658176,0.9961366699248196,0.08981488047043873,-0.015565272459002077
1767135765.8755403,5072,combined_score,0.9788006179548965,0.9961366699248196,-0.0017707795109210833,-0.01733605196992316
1767135846.9800222,5074,combined_score,0.981995760087064,0.9961366699248196,0.003195142132167539,-0.014140909837755622
1767135860.155627,5075,combined_score,0.0,0.9961366699248196,-0.981995760087064,-0.9961366699248196
1767135923.9951684,5073,combined_score,0.0,0.9961366699248196,0.0,-0.9961366699248196
1767135979.0003867,5076,combined_score,0.9890142871258927,0.9961366699248196,0.9890142871258927,-0.007122382798926963
1767136058.0161278,5077,combined_score,0.0,0.9961366699248196,-0.9890142871258927,-0.9961366699248196
1767136091.0127776,5078,combined_score,0.9776343190096567,0.9961366699248196,0.9776343190096567,-0.018502350915162946
1767136150.0552173,5079,combined_score,0.9803215581940906,0.9961366699248196,0.0026872391844339205,-0.015815111730729026
1767136208.7924864,5080,combined_score,0.9777026839006298,0.9961366699248196,-0.00261887429346086,-0.018433986024189886
1767136232.662971,5082,combined_score,0.0,0.9961366699248196,-0.9777026839006298,-0.9961366699248196
1767136284.3339057,5085,combined_score,0.0,0.9961366699248196,0.0,-0.9961366699248196
1767136322.9104939,5081,combined_score,0.0,0.9961366699248196,0.0,-0.9961366699248196
1767136356.3099594,5086,combined_score,0.0,0.9961366699248196,0.0,-0.9961366699248196
1767136367.8336833,5084,combined_score,0.8253716980856594,0.9961366699248196,0.8253716980856594,-0.17076497183916028
1767136369.8327641,5083,combined_score,0.0,0.9961366699248196,-0.8253716980856594,-0.9961366699248196
1767136511.0842824,5089,combined_score,0.0,0.9961366699248196,0.0,-0.9961366699248196
1767136522.7138126,5087,combined_score,0.9866948310185797,0.9961366699248196,0.9866948310185797,-0.009441838906239952
1767136575.4023106,5090,combined_score,0.9801985336812687,0.9961366699248196,-0.006496297337310941,-0.015938136243550893
1767136608.76493,5092,combined_score,0.0,0.9961366699248196,-0.9801985336812687,-0.9961366699248196
1767136697.355741,5091,combined_score,0.0,0.9961366699248196,0.0,-0.9961366699248196
1767136714.9163635,5093,combined_score,0.0,0.9961366699248196,0.0,-0.9961366699248196
1767136776.1054661,5094,combined_score,0.9800822462702805,0.9961366699248196,0.9800822462702805,-0.01605442365453913
1767136791.539567,5088,combined_score,0.0,0.9961366699248196,-0.9800822462702805,-0.9961366699248196
1767136853.7023175,5095,combined_score,0.0,0.9961366699248196,0.0,-0.9961366699248196
1767136962.2664685,5096,combined_score,0.0,0.9961366699248196,0.0,-0.9961366699248196
1767137007.8721206,5097,combined_score,0.9815397276425307,0.9961366699248196,0.9815397276425307,-0.014596942282288916
1767137018.1361098,5098,combined_score,0.9749586010282563,0.9961366699248196,-0.006581126614274457,-0.021178068896563373
1767137054.7506084,5099,combined_score,0.9771395241178825,0.9961366699248196,0.002180923089626252,-0.01899714580693712
1767137164.6976163,5100,combined_score,0.0,0.9961366699248196,-0.9771395241178825,-0.9961366699248196
1767137223.1660383,5101,combined_score,0.9881414742932042,0.9961366699248196,0.9881414742932042,-0.007995195631615437
1767137257.8012698,5103,combined_score,0.9691261092530652,0.9961366699248196,-0.01901536504013901,-0.027010560671754447
1767137387.071069,5104,combined_score,0.9752744568045479,0.9961366699248196,0.006148347551482747,-0.0208622131202717
1767137402.4647198,5106,combined_score,0.0,0.9961366699248196,-0.9752744568045479,-0.9961366699248196
1767137435.584444,5105,combined_score,0.9754743464008833,0.9961366699248196,0.9754743464008833,-0.020662323523936377
1767137451.4388208,5102,combined_score,0.0,0.9961366699248196,-0.9754743464008833,-0.9961366699248196
1767137527.7376242,5109,combined_score,0.006814765446637978,0.9961366699248196,0.006814765446637978,-0.9893219044781817
1767137566.1136475,5107,combined_score,0.5399606326068506,0.9961366699248196,0.5331458671602126,-0.4561760373179691
1767137589.4556692,5108,combined_score,0.9844928552010102,0.9961366699248196,0.4445322225941596,-0.011643814723809487
1767137624.7234056,5110,combined_score,0.9193739375287997,0.9961366699248196,-0.06511891767221045,-0.07676273239601994
1767137677.3327022,5113,combined_score,0.0,0.9961366699248196,-0.9193739375287997,-0.9961366699248196
1767137697.2940152,5112,combined_score,0.0,0.9961366699248196,0.0,-0.9961366699248196
1767137721.5786378,5111,combined_score,0.9769376408102549,0.9961366699248196,0.9769376408102549,-0.019199029114564725
1767137736.2395573,5116,combined_score,0.0,0.9961366699248196,-0.9769376408102549,-0.9961366699248196
1767137890.2122636,5114,combined_score,0.0,0.9961366699248196,0.0,-0.9961366699248196
1767137891.0947602,5115,combined_score,0.9088563546298636,0.9961366699248196,0.9088563546298636,-0.08728031529495606
1767137914.4064832,5118,combined_score,0.989920127910399,0.9961366699248196,0.08106377328053538,-0.0062165420144206784
1767137943.3186882,5119,combined_score,0.0,0.9961366699248196,-0.989920127910399,-0.9961366699248196
1767138063.1243057,5122,combined_score,0.9735537665496263,0.9961366699248196,0.9735537665496263,-0.02258290337519331
1767138071.2171724,5121,combined_score,0.9865407483502479,0.9961366699248196,0.012986981800621522,-0.009595921574571786
1767138092.9734614,5120,combined_score,0.9845768946035565,0.9961366699248196,-0.001963853746691391,-0.011559775321263177
1767138150.124264,5117,combined_score,0.0,0.9961366699248196,-0.9845768946035565,-0.9961366699248196
1767138238.367692,5124,combined_score,0.9752809024162179,0.9961366699248196,0.9752809024162179,-0.02085576750860174
1767138267.6516116,5125,combined_score,0.970921025400959,0.9961366699248196,-0.004359877015258862,-0.025215644523860603
1767138274.0468698,5123,combined_score,0.9850695346043388,0.9961366699248196,0.014148509203379733,-0.01106713532048087
1767138348.011211,5127,combined_score,0.9555465460316989,0.9961366699248196,-0.029522988572639908,-0.04059012389312078
1767138458.6175807,5128,combined_score,0.9628529793843422,0.9961366699248196,0.00730643335264336,-0.03328369054047742
1767138512.1530948,5130,combined_score,0.9632422519306186,0.9961366699248196,0.00038927254627640906,-0.03289441799420101
1767138581.0384507,5132,combined_score,0.0,0.9961366699248196,-0.9632422519306186,-0.9961366699248196
1767138585.0137854,5126,combined_score,0.0,0.9961366699248196,0.0,-0.9961366699248196
1767138637.1830995,5131,combined_score,0.9810421089627342,0.9961366699248196,0.9810421089627342,-0.01509456096208539
1767138701.0815704,5129,combined_score,0.0,0.9961366699248196,-0.9810421089627342,-0.9961366699248196
1767138733.801055,5134,combined_score,0.0,0.9961366699248196,0.0,-0.9961366699248196
1767138785.6919491,5133,combined_score,0.9868849151586778,0.9961366699248196,0.9868849151586778,-0.009251754766141818
1767138897.9420795,5135,combined_score,0.9961366699248196,0.9961366699248196,0.009251754766141818,0.0
1767138941.6697278,5137,combined_score,0.9866774981352622,0.9961366699248196,-0.009459171789557463,-0.009459171789557463
1767138962.2945962,5138,combined_score,0.9747745628332296,0.9961366699248196,-0.011902935302032569,-0.021362107091590032
1767138981.6900156,5136,combined_score,0.0,0.9961366699248196,-0.9747745628332296,-0.9961366699248196
1767139032.122977,5142,combined_score,0.0,0.9961366699248196,0.0,-0.9961366699248196
1767139050.7332923,5140,combined_score,0.7247784790420719,0.9961366699248196,0.7247784790420719,-0.2713581908827477
1767139102.3961997,5143,combined_score,0.8664904792365227,0.9961366699248196,0.14171200019445074,-0.12964619068829697
1767139122.5301251,5139,combined_score,0.97038638980559,0.9961366699248196,0.10389591056906733,-0.02575028011922964
1767139133.3960931,5141,combined_score,0.0,0.9961366699248196,-0.97038638980559,-0.9961366699248196
1767139142.5113783,5145,combined_score,0.0,0.9961366699248196,0.0,-0.9961366699248196
1767139180.7524903,5146,combined_score,0.0,0.9961366699248196,0.0,-0.9961366699248196
1767139266.837733,5144,combined_score,0.969393459274688,0.9961366699248196,0.969393459274688,-0.026743210650131632
1767139329.3897278,5148,combined_score,0.0,0.9961366699248196,-0.969393459274688,-0.9961366699248196
1767139334.3737583,5149,combined_score,0.0,0.9961366699248196,0.0,-0.9961366699248196
1767139358.991956,5147,combined_score,0.9604099249446735,0.9961366699248196,0.9604099249446735,-0.03572674498014616
1767139408.4683323,5153,combined_score,0.0,0.9961366699248196,-0.9604099249446735,-0.9961366699248196
1767139429.9463282,5150,combined_score,0.9792617494697675,0.9961366699248196,0.9792617494697675,-0.016874920455052123
1767139528.3232028,5151,combined_score,0.9747811123443236,0.9961366699248196,-0.004480637125443887,-0.02135555758049601
1767139548.3877482,5152,combined_score,0.9793482307132924,0.9961366699248196,0.004567118368968726,-0.016788439211527284
1767139634.9583435,5154,combined_score,0.0,0.9961366699248196,-0.9793482307132924,-0.9961366699248196
1767139658.1384466,5157,combined_score,0.9748506459866348,0.9961366699248196,0.9748506459866348,-0.021286023938184795
1767139686.5476584,5156,combined_score,0.9830342593444106,0.9961366699248196,0.008183613357775732,-0.013102410580409063
1767139732.7138872,5159,combined_score,0.9442067291422757,0.9961366699248196,-0.03882753020213492,-0.05192994078254398
1767139823.2450247,5160,combined_score,0.0,0.9961366699248196,-0.9442067291422757,-0.9961366699248196
1767139834.6786356,5158,combined_score,0.0,0.9961366699248196,0.0,-0.9961366699248196
1767139875.7926443,5155,combined_score,0.0,0.9961366699248196,0.0,-0.9961366699248196
1767139908.0868137,5161,combined_score,0.9771271500614369,0.9961366699248196,0.9771271500614369,-0.01900951986338273
1767139974.059962,5162,combined_score,0.9763259531600409,0.9961366699248196,-0.0008011969013960174,-0.019810716764778746
1767140016.571481,5163,combined_score,0.9593298449855143,0.9961366699248196,-0.01699610817452657,-0.036806824939305316
1767140075.3689163,5164,combined_score,0.9754828935261137,0.9961366699248196,0.016153048540599402,-0.020653776398705914
1767140164.7994425,5166,combined_score,0.9698632587743323,0.9961366699248196,-0.005619634751781399,-0.026273411150487314
1767140212.499005,5167,combined_score,0.9795675880222137,0.9961366699248196,0.009704329247881338,-0.016569081902605975
1767140226.9624472,5168,combined_score,0.0,0.9961366699248196,-0.9795675880222137,-0.9961366699248196
1767140350.340672,5165,combined_score,0.0,0.9961366699248196,0.0,-0.9961366699248196
1767140368.7686987,5171,combined_score,0.0,0.9961366699248196,0.0,-0.9961366699248196
1767140392.8028593,5169,combined_score,0.9846575010358204,0.9961366699248196,0.9846575010358204,-0.011479168888999247
1767140398.7672632,5170,combined_score,0.0,0.9961366699248196,-0.9846575010358204,-0.9961366699248196
1767140482.1126316,5173,combined_score,0.9382334494644123,0.9961366699248196,0.9382334494644123,-0.0579032204604073
1767140546.0015273,5172,combined_score,0.9913876038510667,0.9961366699248196,0.053154154386654384,-0.004749066073752917
1767140548.5864449,5175,combined_score,0.9774039808171875,0.9961366699248196,-0.013983623033879233,-0.01873268910763215
1767140557.5925283,5174,combined_score,0.0,0.9961366699248196,-0.9774039808171875,-0.9961366699248196
1767140645.295324,5176,combined_score,0.9732459221826602,0.9961366699248196,0.9732459221826602,-0.02289074774215949
1767140711.7505422,5178,combined_score,0.9591312261429578,0.9961366699248196,-0.01411469603970239,-0.03700544378186188
1767140734.3084075,5177,combined_score,0.9793931812117939,0.9961366699248196,0.0202619550688361,-0.016743488713025778
1767140771.4312067,5179,combined_score,0.9786249108823015,0.9961366699248196,-0.0007682703294923376,-0.017511759042518116
1767140802.2621012,5180,combined_score,0.0,0.9961366699248196,-0.9786249108823015,-0.9961366699248196
1767140924.3861818,5183,combined_score,0.9742406799234115,0.9961366699248196,0.9742406799234115,-0.021895990001408183
1767140934.9784935,5182,combined_score,0.9843237452858772,0.9961366699248196,0.010083065362465726,-0.011812924638942457
1767140987.7605298,5184,combined_score,0.9785108668413052,0.9961366699248196,-0.005812878444572012,-0.01762580308351447
1767141045.4931169,5187,combined_score,0.0,0.9961366699248196,-0.9785108668413052,-0.9961366699248196
1767141123.0701635,5181,combined_score,0.0,0.9961366699248196,0.0,-0.9961366699248196
1767141138.130534,5186,combined_score,0.9690776239696013,0.9961366699248196,0.9690776239696013,-0.027059045955218353
1767141146.1579301,5185,combined_score,0.9768491935639898,0.9961366699248196,0.007771569594388517,-0.019287476360829836
1767141231.630595,5188,combined_score,0.0,0.9961366699248196,-0.9768491935639898,-0.9961366699248196
1767141287.4929338,5191,combined_score,0.0,0.9961366699248196,0.0,-0.9961366699248196
1767141324.9079344,5189,combined_score,0.0,0.9961366699248196,0.0,-0.9961366699248196
1767141338.2155092,5190,combined_score,0.9834218105875631,0.9961366699248196,0.9834218105875631,-0.012714859337256579
1767141369.7442846,5194,combined_score,0.0,0.9961366699248196,-0.9834218105875631,-0.9961366699248196
1767141423.9097614,5192,combined_score,0.0,0.9961366699248196,0.0,-0.9961366699248196
1767141506.0189512,5193,combined_score,0.0,0.9961366699248196,0.0,-0.9961366699248196
1767141553.3714683,5195,combined_score,0.9896472835439831,0.9961366699248196,0.9896472835439831,-0.006489386380836515
1767141615.172288,5196,combined_score,0.9590689561604453,0.9961366699248196,-0.03057832738353783,-0.037067713764374344
1767141631.8039773,5197,combined_score,0.9961366699248196,0.9961366699248196,0.037067713764374344,0.0
1767141719.6105833,5199,combined_score,0.9756615713570861,0.9961366699248196,-0.020475098567733552,-0.020475098567733552
1767141767.3946223,5202,combined_score,0.0,0.9961366699248196,-0.9756615713570861,-0.9961366699248196
1767141778.678958,5200,combined_score,0.9776003119600191,0.9961366699248196,0.9776003119600191,-0.018536357964800576
1767141826.6838255,5204,combined_score,0.0,0.9961366699248196,-0.9776003119600191,-0.9961366699248196
1767141842.8330843,5201,combined_score,0.9655918398638241,0.9961366699248196,0.9655918398638241,-0.03054483006099551
1767141921.0116644,5203,combined_score,0.980148062994729,0.9961366699248196,0.014556223130904877,-0.015988606930090632
1767141935.048992,5198,combined_score,0.0,0.9961366699248196,-0.980148062994729,-0.9961366699248196
1767141971.4926991,5205,combined_score,0.0,0.9961366699248196,0.0,-0.9961366699248196
1767141978.0618975,5207,combined_score,0.0,0.9961366699248196,0.0,-0.9961366699248196
1767141989.2922413,5206,combined_score,0.0,0.9961366699248196,0.0,-0.9961366699248196
1767142176.6306257,5210,combined_score,0.9810849050630307,0.9961366699248196,0.9810849050630307,-0.015051764861788941
1767142204.6604478,5209,combined_score,0.9807413990374116,0.9961366699248196,-0.00034350602561905585,-0.015395270887407997
1767142334.4931233,5208,combined_score,0.0,0.9961366699248196,-0.9807413990374116,-0.9961366699248196
1767142421.1113484,5211,combined_score,0.0,0.9961366699248196,0.0,-0.9961366699248196
1767142425.2315106,5212,combined_score,0.0,0.9961366699248196,0.0,-0.9961366699248196
1767142470.218562,5214,combined_score,0.0,0.9961366699248196,0.0,-0.9961366699248196
1767142639.0308738,5216,combined_score,0.9812667591268777,0.9961366699248196,0.9812667591268777,-0.014869910797941976
1767142639.2979364,5213,combined_score,0.0,0.9961366699248196,-0.9812667591268777,-0.9961366699248196
1767142647.0456002,5215,combined_score,0.9687641107117201,0.9961366699248196,0.9687641107117201,-0.027372559213099557
1767142666.0450604,5217,combined_score,0.9827192610237669,0.9961366699248196,0.01395515031204686,-0.013417408901052696
1767142799.4937084,5221,combined_score,0.0,0.9961366699248196,-0.9827192610237669,-0.9961366699248196
1767142814.1935372,5218,combined_score,0.0,0.9961366699248196,0.0,-0.9961366699248196
1767142825.5953255,5219,combined_score,0.9854878483168282,0.9961366699248196,0.9854878483168282,-0.01064882160799141
1767142848.1821241,5222,combined_score,0.0,0.9961366699248196,-0.9854878483168282,-0.9961366699248196
1767143029.7854576,5223,combined_score,0.9820778564578074,0.9961366699248196,0.9820778564578074,-0.01405881346701221
1767143041.0659587,5224,combined_score,0.9710078592755391,0.9961366699248196,-0.01106999718226831,-0.02512881064928052
1767143050.8511248,5225,combined_score,0.9689235746473085,0.9961366699248196,-0.002084284628230626,-0.027213095277511146
1767143109.9903142,5220,combined_score,0.0,0.9961366699248196,-0.9689235746473085,-0.9961366699248196
1767143141.60391,5226,combined_score,0.9279261573150399,0.9961366699248196,0.9279261573150399,-0.06821051260977973
1767143264.0213568,5227,combined_score,0.9877602337838721,0.9961366699248196,0.05983407646883221,-0.008376436140947519
1767143274.043755,5228,combined_score,0.0,0.9961366699248196,-0.9877602337838721,-0.9961366699248196
1767143280.6727808,5229,combined_score,0.0,0.9961366699248196,0.0,-0.9961366699248196
1767143302.2467139,5230,combined_score,0.9576328354101324,0.9961366699248196,0.9576328354101324,-0.038503834514687196
1767143366.5608263,5231,combined_score,0.0,0.9961366699248196,-0.9576328354101324,-0.9961366699248196
1767143430.098246,5232,combined_score,0.0,0.9961366699248196,0.0,-0.9961366699248196
1767143468.3642106,5233,combined_score,0.9739892263785721,0.9961366699248196,0.9739892263785721,-0.022147443546247536
1767143486.3414397,5234,combined_score,0.0,0.9961366699248196,-0.9739892263785721,-0.9961366699248196
1767143556.6043658,5236,combined_score,0.0,0.9961366699248196,0.0,-0.9961366699248196
1767143570.782484,5235,combined_score,0.9650986243680063,0.9961366699248196,0.9650986243680063,-0.031038045556813332
1767143659.7537348,5237,combined_score,0.9810890767638554,0.9961366699248196,0.015990452395849064,-0.015047593160964268
1767143682.1501138,5238,combined_score,0.0,0.9961366699248196,-0.9810890767638554,-0.9961366699248196
1767143695.6558855,5239,combined_score,0.9667440686014375,0.9961366699248196,0.9667440686014375,-0.029392601323382173
1767143704.1909041,5241,combined_score,0.0,0.9961366699248196,-0.9667440686014375,-0.9961366699248196
1767143704.8663778,5240,combined_score,0.0,0.9961366699248196,0.0,-0.9961366699248196
1767143733.0891292,5242,combined_score,0.0,0.9961366699248196,0.0,-0.9961366699248196
1767143842.76427,5243,combined_score,0.0,0.9961366699248196,0.0,-0.9961366699248196
1767143896.374073,5245,combined_score,0.9825541976021616,0.9961366699248196,0.9825541976021616,-0.013582472322658079
1767143898.968706,5244,combined_score,0.9827896754400757,0.9961366699248196,0.00023547783791411092,-0.013346994484743968
1767143937.6521738,5246,combined_score,0.9850961321678213,0.9961366699248196,0.002306456727745654,-0.011040537756998314
1767144113.1721334,5248,combined_score,0.0,0.9961366699248196,-0.9850961321678213,-0.9961366699248196
1767144136.229826,5250,combined_score,0.9798955437079852,0.9961366699248196,0.9798955437079852,-0.01624112621683449
1767144155.672446,5251,combined_score,0.0,0.9961366699248196,-0.9798955437079852,-0.9961366699248196
1767144175.712133,5249,combined_score,0.9790155311690312,0.9961366699248196,0.9790155311690312,-0.017121138755788468
1767144272.7202752,5247,combined_score,0.0,0.9961366699248196,-0.9790155311690312,-0.9961366699248196
1767144309.4877539,5255,combined_score,0.0,0.9961366699248196,0.0,-0.9961366699248196
1767144324.7053168,5254,combined_score,0.0,0.9961366699248196,0.0,-0.9961366699248196
1767144327.3401327,5252,combined_score,0.978228640534261,0.9961366699248196,0.978228640534261,-0.01790802939055869
1767144373.5409334,5257,combined_score,0.0,0.9961366699248196,-0.978228640534261,-0.9961366699248196
1767144440.7768638,5253,combined_score,0.0,0.9961366699248196,0.0,-0.9961366699248196
1767144489.4794526,5256,combined_score,0.0,0.9961366699248196,0.0,-0.9961366699248196
1767144528.960658,5258,combined_score,0.0,0.9961366699248196,0.0,-0.9961366699248196
1767144570.220803,5261,combined_score,0.0,0.9961366699248196,0.0,-0.9961366699248196
1767144577.3522148,5262,combined_score,0.0,0.9961366699248196,0.0,-0.9961366699248196
1767144647.426469,5260,combined_score,0.9935659764207799,0.9961366699248196,0.9935659764207799,-0.0025706935040397116
1767144661.401008,5264,combined_score,0.0,0.9961366699248196,-0.9935659764207799,-0.9961366699248196
1767144772.6771903,5259,combined_score,0.0,0.9961366699248196,0.0,-0.9961366699248196
1767144799.5685086,5266,combined_score,0.0,0.9961366699248196,0.0,-0.9961366699248196
1767144800.0622585,5263,combined_score,0.9790480456281696,0.9961366699248196,0.9790480456281696,-0.017088624296650035
1767144825.9345243,5265,combined_score,0.0,0.9961366699248196,-0.9790480456281696,-0.9961366699248196
1767144984.7296586,5267,combined_score,0.9788343958475603,0.9961366699248196,0.9788343958475603,-0.017302274077259372
1767145011.665552,5268,combined_score,0.9782784393685536,0.9961366699248196,-0.0005559564790066363,-0.017858230556266008
1767145037.267894,5271,combined_score,0.0,0.9961366699248196,-0.9782784393685536,-0.9961366699248196
1767145059.25212,5269,combined_score,0.9668321180622623,0.9961366699248196,0.9668321180622623,-0.029304551862557315
1767145093.2704108,5270,combined_score,0.0,0.9961366699248196,-0.9668321180622623,-0.9961366699248196
1767145167.0841675,5272,combined_score,0.0,0.9961366699248196,0.0,-0.9961366699248196
1767145277.6502075,5274,combined_score,0.9809672405959945,0.9961366699248196,0.9809672405959945,-0.015169429328825146
1767145315.2066925,5275,combined_score,0.0,0.9961366699248196,-0.9809672405959945,-0.9961366699248196
1767145444.922865,5277,combined_score,0.9673735665850337,0.9961366699248196,0.9673735665850337,-0.028763103339785934
1767145450.44338,5278,combined_score,0.9617701544567305,0.9961366699248196,-0.005603412128303176,-0.03436651546808911
1767145456.800991,5273,combined_score,0.0,0.9961366699248196,-0.9617701544567305,-0.9961366699248196
1767145593.2544162,5276,combined_score,0.0,0.9961366699248196,0.0,-0.9961366699248196
1767145655.9695997,5279,combined_score,0.9668185479044422,0.9961366699248196,0.9668185479044422,-0.029318122020377424
1767145656.2982287,5281,combined_score,0.9781807933928964,0.9961366699248196,0.011362245488454215,-0.01795587653192321
1767145683.3075871,5284,combined_score,0.0,0.9961366699248196,-0.9781807933928964,-0.9961366699248196
1767145809.5153658,5282,combined_score,0.9838377219497432,0.9961366699248196,0.9838377219497432,-0.012298947975076469
1767145844.6169977,5283,combined_score,0.9707402502404836,0.9961366699248196,-0.013097471709259567,-0.025396419684336036
1767145923.1130598,5280,combined_score,0.0,0.9961366699248196,-0.9707402502404836,-0.9961366699248196
1767145994.709298,5287,combined_score,0.9631076372759964,0.9961366699248196,0.9631076372759964,-0.03302903264882329
1767146003.7779105,5286,combined_score,0.0,0.9961366699248196,-0.9631076372759964,-0.9961366699248196
1767146124.7472286,5285,combined_score,0.0,0.9961366699248196,0.0,-0.9961366699248196
1767146138.30535,5288,combined_score,0.9819434799761341,0.9961366699248196,0.9819434799761341,-0.01419318994868557
1767146152.992722,5290,combined_score,0.0,0.9961366699248196,-0.9819434799761341,-0.9961366699248196
1767146184.6264632,5291,combined_score,0.0,0.9961366699248196,0.0,-0.9961366699248196
1767146367.8861506,5292,combined_score,0.9902663522588071,0.9961366699248196,0.9902663522588071,-0.005870317666012537
1767146383.9732723,5294,combined_score,0.985673819773451,0.9961366699248196,-0.004592532485356071,-0.010462850151368608
1767146385.8688664,5293,combined_score,0.9888603924357114,0.9961366699248196,0.003186572662260412,-0.007276277489108196
1767146460.1430047,5289,combined_score,0.0,0.9961366699248196,-0.9888603924357114,-0.9961366699248196
1767146552.0732327,5296,combined_score,0.0,0.9961366699248196,0.0,-0.9961366699248196
1767146652.4285865,5295,combined_score,0.9611296888290863,0.9961366699248196,0.9611296888290863,-0.0350069810957333
1767146694.6008472,5299,combined_score,0.9646841791256165,0.9961366699248196,0.0035544902965302105,-0.03145249079920309
1767146718.5636203,5297,combined_score,0.0,0.9961366699248196,-0.9646841791256165,-0.9961366699248196
1767146804.5878704,5300,combined_score,0.0,0.9961366699248196,0.0,-0.9961366699248196
1767146854.735724,5302,combined_score,0.0,0.9961366699248196,0.0,-0.9961366699248196
1767146897.048902,5298,combined_score,0.0,0.9961366699248196,0.0,-0.9961366699248196
1767146903.9884362,5301,combined_score,0.9839148838761396,0.9961366699248196,0.9839148838761396,-0.012221786048680072
1767146990.7472672,5303,combined_score,0.0,0.9961366699248196,-0.9839148838761396,-0.9961366699248196
1767147040.0657744,5304,combined_score,0.0,0.9961366699248196,0.0,-0.9961366699248196
1767147080.117101,5306,combined_score,0.9487315215941312,0.9961366699248196,0.9487315215941312,-0.04740514833068843
1767147218.3915572,5307,combined_score,0.9736478490247277,0.9961366699248196,0.024916327430596463,-0.022488820900091966
1767147298.939701,5309,combined_score,0.0,0.9961366699248196,-0.9736478490247277,-0.9961366699248196
1767147351.8667808,5305,combined_score,0.0,0.9961366699248196,0.0,-0.9961366699248196
1767147376.599579,5308,combined_score,0.0,0.9961366699248196,0.0,-0.9961366699248196
1767147414.644241,5310,combined_score,0.9760729154301357,0.9961366699248196,0.9760729154301357,-0.020063754494683894
1767147503.7045689,5311,combined_score,0.9832416888323127,0.9961366699248196,0.00716877340217692,-0.012894981092506974
1767147524.4913826,5312,combined_score,0.0,0.9961366699248196,-0.9832416888323127,-0.9961366699248196
1767147563.982399,5314,combined_score,0.0,0.9961366699248196,0.0,-0.9961366699248196
1767147587.225433,5316,combined_score,0.0,0.9961366699248196,0.0,-0.9961366699248196
1767147594.6897745,5313,combined_score,0.9697406483555686,0.9961366699248196,0.9697406483555686,-0.026396021569251027
1767147709.343501,5315,combined_score,0.9805231128851154,0.9961366699248196,0.010782464529546787,-0.01561355703970424
1767147767.7908611,5317,combined_score,0.0,0.9961366699248196,-0.9805231128851154,-0.9961366699248196
1767147798.926375,5318,combined_score,0.9699450780302991,0.9961366699248196,0.9699450780302991,-0.026191591894520583
1767147875.57468,5319,combined_score,0.977513172123613,0.9961366699248196,0.007568094093313937,-0.018623497801206645
1767147887.9776843,5320,combined_score,0.0,0.9961366699248196,-0.977513172123613,-0.9961366699248196
1767147927.2764022,5321,combined_score,0.9208956302970955,0.9961366699248196,0.9208956302970955,-0.0752410396277241
1767148035.8407779,5322,combined_score,0.9923454887747929,0.9961366699248196,0.07144985847769736,-0.0037911811500267456
1767148050.1563094,5323,combined_score,0.0,0.9961366699248196,-0.9923454887747929,-0.9961366699248196
1767148067.1541092,5324,combined_score,0.9757401380801306,0.9961366699248196,0.9757401380801306,-0.020396531844689036
1767148128.9285853,5325,combined_score,0.9752204016834622,0.9961366699248196,-0.0005197363966683577,-0.020916268241357394
1767148228.7641,5326,combined_score,0.9899164337780693,0.9961366699248196,0.014696032094607014,-0.00622023614675038
1767148270.3016515,5327,combined_score,0.9663637570440609,0.9961366699248196,-0.023552676734008404,-0.029772912880758784
1767148425.2212203,5329,combined_score,0.9854628109928206,0.9961366699248196,0.01909905394875977,-0.010673858931999014
1767148488.5928907,5330,combined_score,0.9724994577863733,0.9961366699248196,-0.01296335320644737,-0.023637212138446384
1767148496.6226308,5331,combined_score,0.9857039186877278,0.9961366699248196,0.01320446090135452,-0.010432751237091864
1767148504.6757748,5328,combined_score,0.0,0.9961366699248196,-0.9857039186877278,-0.9961366699248196
1767148612.4773881,5332,combined_score,0.9779902109634043,0.9961366699248196,0.9779902109634043,-0.018146458961415313
1767148688.070861,5334,combined_score,0.0,0.9961366699248196,-0.9779902109634043,-0.9961366699248196
1767148688.9525654,5335,combined_score,0.9804690551492681,0.9961366699248196,0.9804690551492681,-0.015667614775551564
1767148713.078431,5333,combined_score,0.9781719212322563,0.9961366699248196,-0.0022971339170118066,-0.01796474869256337
1767148868.4112458,5337,combined_score,0.9750920894926095,0.9961366699248196,-0.0030798317396467656,-0.021044580432210136
1767148878.9151182,5338,combined_score,0.9815281462833838,0.9961366699248196,0.006436056790774303,-0.014608523641435833
1767148884.993021,5336,combined_score,0.9744666833778807,0.9961366699248196,-0.007061462905503135,-0.02166998654693897
1767148908.5646715,5339,combined_score,0.980264201379455,0.9961366699248196,0.005797518001574353,-0.015872468545364615
1767149093.3084416,5341,combined_score,0.9800965716173228,0.9961366699248196,-0.00016762976213224867,-0.016040098307496864
1767149099.5037625,5342,combined_score,0.0,0.9961366699248196,-0.9800965716173228,-0.9961366699248196
1767149103.0742688,5340,combined_score,0.9668321180622623,0.9961366699248196,0.9668321180622623,-0.029304551862557315
1767149135.7124333,5343,combined_score,0.9804384218627747,0.9961366699248196,0.01360630380051242,-0.015698248062044895
1767149190.5588486,5346,combined_score,0.9394776611409305,0.9961366699248196,-0.04096076072184429,-0.056659008783889186
1767149204.3887,5345,combined_score,0.0,0.9961366699248196,-0.9394776611409305,-0.9961366699248196
1767149344.6730752,5347,combined_score,0.9837927674976339,0.9961366699248196,0.9837927674976339,-0.012343902427185749
1767149415.6486835,5348,combined_score,0.9786440788177213,0.9961366699248196,-0.005148688679912583,-0.017492591107098332
1767149416.499057,5349,combined_score,0.9674364967587694,0.9961366699248196,-0.011207582058951893,-0.028700173166050225
1767149476.0671291,5351,combined_score,0.0,0.9961366699248196,-0.9674364967587694,-0.9961366699248196
1767149530.8760478,5344,combined_score,0.0,0.9961366699248196,0.0,-0.9961366699248196
1767149542.5992882,5350,combined_score,0.9816519086468717,0.9961366699248196,0.9816519086468717,-0.014484761277947955
1767149612.8452084,5353,combined_score,0.9322644550515836,0.9961366699248196,-0.04938745359528807,-0.06387221487323602
1767149643.979262,5352,combined_score,0.9760503236990237,0.9961366699248196,0.04378586864744005,-0.02008634622579597
1767149728.2391174,5354,combined_score,0.0,0.9961366699248196,-0.9760503236990237,-0.9961366699248196
1767149769.327329,5355,combined_score,0.9668321180622623,0.9961366699248196,0.9668321180622623,-0.029304551862557315
1767149803.046816,5357,combined_score,0.9641996681211844,0.9961366699248196,-0.002632449941077919,-0.031937001803635234
1767149926.0168934,5356,combined_score,0.0,0.9961366699248196,-0.9641996681211844,-0.9961366699248196
1767149951.293035,5358,combined_score,0.9688958323942579,0.9961366699248196,0.9688958323942579,-0.027240837530561723
1767149974.5543287,5359,combined_score,0.0,0.9961366699248196,-0.9688958323942579,-0.9961366699248196
1767150019.3276846,5360,combined_score,0.0,0.9961366699248196,0.0,-0.9961366699248196
1767150140.7982686,5362,combined_score,0.9736506520614083,0.9961366699248196,0.9736506520614083,-0.02248601786341131
1767150143.5847483,5361,combined_score,0.9732919458327696,0.9961366699248196,-0.000358706228638761,-0.022844724092050073
1767150222.1433928,5364,combined_score,0.9779853478771297,0.9961366699248196,0.004693402044360084,-0.01815132204768999
1767150291.7316995,5363,combined_score,0.0,0.9961366699248196,-0.9779853478771297,-0.9961366699248196
1767150333.0428233,5366,combined_score,0.0,0.9961366699248196,0.0,-0.9961366699248196
1767150374.8164136,5365,combined_score,0.9722081089140072,0.9961366699248196,0.9722081089140072,-0.02392856101081242
1767150391.0494423,5367,combined_score,0.939380465037905,0.9961366699248196,-0.032827643876102264,-0.056756204886914685
1767150446.7576594,5371,combined_score,0.0,0.9961366699248196,-0.939380465037905,-0.9961366699248196
1767150496.6911378,5368,combined_score,0.9691186452230447,0.9961366699248196,0.9691186452230447,-0.027018024701774945
1767150513.9736314,5369,combined_score,0.9756589015615194,0.9961366699248196,0.006540256338474659,-0.020477768363300286
1767150545.0461786,5370,combined_score,0.0,0.9961366699248196,-0.9756589015615194,-0.9961366699248196
1767150668.042179,5374,combined_score,0.9837976968574075,0.9961366699248196,0.9837976968574075,-0.012338973067412162
1767150695.62726,5372,combined_score,0.9797312161293223,0.9961366699248196,-0.004066480728085131,-0.016405453795497293
1767150715.7821972,5373,combined_score,0.0,0.9961366699248196,-0.9797312161293223,-0.9961366699248196
1767150722.1136036,5375,combined_score,0.0,0.9961366699248196,0.0,-0.9961366699248196
1767150886.7805123,5376,combined_score,0.9841407482109121,0.9961366699248196,0.9841407482109121,-0.01199592171390751
1767150930.7622395,5378,combined_score,0.9866302907542622,0.9961366699248196,0.0024895425433500984,-0.00950637917055741
1767150950.1723952,5377,combined_score,0.0,0.9961366699248196,-0.9866302907542622,-0.9961366699248196
1767150971.019014,5379,combined_score,0.0,0.9961366699248196,0.0,-0.9961366699248196
1767151030.1469305,5383,combined_score,0.0,0.9961366699248196,0.0,-0.9961366699248196
1767151074.2932708,5380,combined_score,0.0,0.9961366699248196,0.0,-0.9961366699248196
1767151086.8723693,5381,combined_score,0.0,0.9961366699248196,0.0,-0.9961366699248196
1767151164.9834428,5382,combined_score,0.9844683931203955,0.9961366699248196,0.9844683931203955,-0.011668276804424171
1767151272.5577567,5384,combined_score,0.0,0.9961366699248196,-0.9844683931203955,-0.9961366699248196
1767151317.133021,5385,combined_score,0.9785059121170613,0.9961366699248196,0.9785059121170613,-0.017630757807758357
1767151325.4859602,5386,combined_score,0.9811192889454909,0.9961366699248196,0.002613376828429659,-0.015017380979328698
1767151336.9638498,5388,combined_score,0.0,0.9961366699248196,-0.9811192889454909,-0.9961366699248196
1767151376.199824,5387,combined_score,0.0,0.9961366699248196,0.0,-0.9961366699248196
1767151506.0552256,5389,combined_score,0.0,0.9961366699248196,0.0,-0.9961366699248196
1767151553.7766082,5391,combined_score,0.9685095471928166,0.9961366699248196,0.9685095471928166,-0.027627122732003073
1767151555.386725,5390,combined_score,0.9796068711160175,0.9961366699248196,0.011097323923200952,-0.01652979880880212
1767151595.9763749,5392,combined_score,0.9744640309314774,0.9961366699248196,-0.005142840184540143,-0.021672638993342264
1767151676.5054514,5394,combined_score,0.8968941784014378,0.9961366699248196,-0.07756985253003956,-0.09924249152338183
1767151711.5404198,5393,combined_score,0.9859415757565629,0.9961366699248196,0.08904739735512512,-0.010195094168256702
1767151712.9333942,5395,combined_score,0.9768117750632256,0.9961366699248196,-0.009129800693337353,-0.019324894861594055
1767151799.4859688,5396,combined_score,0.9836740009939621,0.9961366699248196,0.0068622259307364875,-0.012462668930857568
1767151842.382025,5397,combined_score,0.0,0.9961366699248196,-0.9836740009939621,-0.9961366699248196
1767151891.3249483,5399,combined_score,0.0,0.9961366699248196,0.0,-0.9961366699248196
1767151940.8227878,5400,combined_score,0.0,0.9961366699248196,0.0,-0.9961366699248196
1767151959.83109,5398,combined_score,0.9604253794187706,0.9961366699248196,0.9604253794187706,-0.03571129050604904
1767152035.2695792,5401,combined_score,0.9745748804644304,0.9961366699248196,0.014149501045659818,-0.021561789460389225
1767152037.9469953,5402,combined_score,0.0,0.9961366699248196,-0.9745748804644304,-0.9961366699248196
1767152069.9383204,5403,combined_score,0.8773345862888421,0.9961366699248196,0.8773345862888421,-0.11880208363597755
1767152088.9984224,5406,combined_score,0.0,0.9961366699248196,-0.8773345862888421,-0.9961366699248196
1767152136.096086,5404,combined_score,0.0,0.9961366699248196,0.0,-0.9961366699248196
1767152205.985902,5407,combined_score,0.0,0.9961366699248196,0.0,-0.9961366699248196
1767152257.3945136,5408,combined_score,0.0,0.9961366699248196,0.0,-0.9961366699248196
1767152271.739987,5405,combined_score,0.9833161664769607,0.9961366699248196,0.9833161664769607,-0.0128205034478589
1767152356.587614,5410,combined_score,0.0,0.9961366699248196,-0.9833161664769607,-0.9961366699248196
1767152424.233296,5411,combined_score,0.988702473451946,0.9961366699248196,0.988702473451946,-0.007434196472873689
1767152501.898694,5412,combined_score,0.9732035027473867,0.9961366699248196,-0.0154989707045593,-0.02293316717743299
1767152533.8622017,5409,combined_score,0.0,0.9961366699248196,-0.9732035027473867,-0.9961366699248196
1767152563.839632,5413,combined_score,0.0,0.9961366699248196,0.0,-0.9961366699248196
1767152571.2683306,5415,combined_score,0.0,0.9961366699248196,0.0,-0.9961366699248196
1767152633.811864,5418,combined_score,0.0,0.9961366699248196,0.0,-0.9961366699248196
1767152672.807991,5416,combined_score,0.0,0.9961366699248196,0.0,-0.9961366699248196
1767152676.160844,5414,combined_score,0.884816662954004,0.9961366699248196,0.884816662954004,-0.11132000697081568
1767152841.400482,5417,combined_score,0.9655891066981656,0.9961366699248196,0.08077244374416159,-0.030547563226654084
1767152849.1337175,5419,combined_score,0.0,0.9961366699248196,-0.9655891066981656,-0.9961366699248196
1767152858.829969,5421,combined_score,0.0,0.9961366699248196,0.0,-0.9961366699248196
1767152903.8613458,5420,combined_score,0.9842578068634815,0.9961366699248196,0.9842578068634815,-0.011878863061338119
1767152981.4641557,5424,combined_score,0.0,0.9961366699248196,-0.9842578068634815,-0.9961366699248196
1767153053.0123894,5422,combined_score,0.0,0.9961366699248196,0.0,-0.9961366699248196
1767153063.2595732,5425,combined_score,0.0,0.9961366699248196,0.0,-0.9961366699248196
1767153160.480166,5426,combined_score,0.0,0.9961366699248196,0.0,-0.9961366699248196
1767153221.320508,5429,combined_score,0.0,0.9961366699248196,0.0,-0.9961366699248196
1767153254.654509,5427,combined_score,0.9675031102597491,0.9961366699248196,0.9675031102597491,-0.02863355966507053
1767153264.684531,5428,combined_score,0.9720598697648938,0.9961366699248196,0.00455675950514467,-0.02407680015992586
1767153301.979414,5423,combined_score,0.0,0.9961366699248196,-0.9720598697648938,-0.9961366699248196
1767153410.506166,5430,combined_score,0.9592192697755949,0.9961366699248196,0.9592192697755949,-0.03691740014922473
1767153425.1625986,5431,combined_score,0.6517493722480621,0.9961366699248196,-0.30746989752753284,-0.3443872976767576
1767153426.6180954,5433,combined_score,0.9759303585454135,0.9961366699248196,0.3241809862973515,-0.020206311379406094
1767153454.3123338,5434,combined_score,0.0,0.9961366699248196,-0.9759303585454135,-0.9961366699248196
1767153461.0286067,5432,combined_score,0.0,0.9961366699248196,0.0,-0.9961366699248196
1767153606.081973,5435,combined_score,0.9187709099054433,0.9961366699248196,0.9187709099054433,-0.07736576001937634
1767153640.5530174,5436,combined_score,0.9702507662604603,0.9961366699248196,0.05147985635501695,-0.02588590366435939
1767153646.473865,5437,combined_score,0.0,0.9961366699248196,-0.9702507662604603,-0.9961366699248196
1767153647.5615165,5438,combined_score,0.9308902011047149,0.9961366699248196,0.9308902011047149,-0.06524646882010476
1767153779.9274852,5439,combined_score,0.9748794473480054,0.9961366699248196,0.04398924624329048,-0.021257222576814283
1767153846.7277098,5440,combined_score,0.9333614361000029,0.9961366699248196,-0.04151801124800247,-0.06277523382481676
1767153850.095241,5442,combined_score,0.0,0.9961366699248196,-0.9333614361000029,-0.9961366699248196
1767153946.4201367,5441,combined_score,0.0,0.9961366699248196,0.0,-0.9961366699248196
1767154016.8574648,5443,combined_score,0.987735850297484,0.9961366699248196,0.987735850297484,-0.008400819627335632
1767154017.2266784,5444,combined_score,0.0,0.9961366699248196,-0.987735850297484,-0.9961366699248196
1767154033.3470283,5446,combined_score,0.8102170978014627,0.9961366699248196,0.8102170978014627,-0.18591957212335697
1767154076.115933,5445,combined_score,0.9888603924357114,0.9961366699248196,0.17864329463424877,-0.007276277489108196
1767154109.4744399,5449,combined_score,0.0,0.9961366699248196,-0.9888603924357114,-0.9961366699248196
1767154207.4836442,5447,combined_score,0.0,0.9961366699248196,0.0,-0.9961366699248196
1767154212.9663565,5448,combined_score,0.9719097864006074,0.9961366699248196,0.9719097864006074,-0.024226883524212206
1767154260.257726,5451,combined_score,0.0,0.9961366699248196,-0.9719097864006074,-0.9961366699248196
1767154304.5834014,5450,combined_score,0.9854080487256925,0.9961366699248196,0.9854080487256925,-0.010728621199127097
1767154447.030947,5452,combined_score,0.9761756032220743,0.9961366699248196,-0.009232445503618236,-0.019961066702745334
1767154448.7556305,5453,combined_score,0.9759276087351766,0.9961366699248196,-0.00024799448689771797,-0.02020906118964305
1767154478.6884544,5454,combined_score,0.976156415018033,0.9961366699248196,0.00022880628285637528,-0.019980254906786676
1767154697.219659,5458,combined_score,0.0,0.9961366699248196,-0.976156415018033,-0.9961366699248196
1767154708.0698495,5456,combined_score,0.9784322794848765,0.9961366699248196,0.9784322794848765,-0.017704390439943096
1767154741.1867096,5460,combined_score,0.0,0.9961366699248196,-0.9784322794848765,-0.9961366699248196
1767154742.0026839,5455,combined_score,0.0,0.9961366699248196,0.0,-0.9961366699248196
1767154871.5928667,5457,combined_score,0.0,0.9961366699248196,0.0,-0.9961366699248196
1767154911.7387793,5459,combined_score,0.9862072090321711,0.9961366699248196,0.9862072090321711,-0.009929460892648567
1767154944.095447,5461,combined_score,0.9849633719193459,0.9961366699248196,-0.0012438371128251635,-0.01117329800547373
1767154987.400394,5462,combined_score,0.973773094249697,0.9961366699248196,-0.011190277669648863,-0.022363575675122593
1767155094.2371535,5463,combined_score,0.9708611390301585,0.9961366699248196,-0.0029119552195385756,-0.02527553089466117
1767155120.4404912,5464,combined_score,0.9900038210182563,0.9961366699248196,0.019142681988097876,-0.006132848906563293
1767155130.1848273,5465,combined_score,0.9781315876527896,0.9961366699248196,-0.011872233365466722,-0.018005082272030015
1767155134.3615916,5466,combined_score,0.0,0.9961366699248196,-0.9781315876527896,-0.9961366699248196
1767155155.0457246,5467,combined_score,0.0,0.9961366699248196,0.0,-0.9961366699248196
1767155264.316823,5471,combined_score,0.0,0.9961366699248196,0.0,-0.9961366699248196
1767155283.8703723,5470,combined_score,0.0,0.9961366699248196,0.0,-0.9961366699248196
1767155303.3674374,5469,combined_score,0.9832300450471698,0.9961366699248196,0.9832300450471698,-0.01290662487764982
1767155496.39204,5472,combined_score,0.9766449824680313,0.9961366699248196,-0.00658506257913849,-0.01949168745678831
1767155515.6028676,5473,combined_score,0.9766764695371885,0.9961366699248196,3.1487069157121184e-05,-0.019460200387631188
1767155533.4626431,5474,combined_score,0.9764065400914267,0.9961366699248196,-0.0002699294457617629,-0.01973012983339295
1767155577.9743037,5468,combined_score,0.0,0.9961366699248196,-0.9764065400914267,-0.9961366699248196
1767155652.4306195,5475,combined_score,0.0,0.9961366699248196,0.0,-0.9961366699248196
1767155748.9496331,5477,combined_score,0.9743808031203723,0.9961366699248196,0.9743808031203723,-0.0217558668044473
1767155812.8774521,5478,combined_score,0.9805962399815967,0.9961366699248196,0.006215436861224388,-0.015540429943222911
1767155892.5285633,5479,combined_score,0.9426438294927738,0.9961366699248196,-0.03795241048882292,-0.05349284043204583
1767155898.0887995,5481,combined_score,0.0,0.9961366699248196,-0.9426438294927738,-0.9961366699248196
1767155974.1538978,5476,combined_score,0.0,0.9961366699248196,0.0,-0.9961366699248196
1767156025.7996454,5480,combined_score,0.0,0.9961366699248196,0.0,-0.9961366699248196
1767156074.4743247,5482,combined_score,0.9815781862072813,0.9961366699248196,0.9815781862072813,-0.014558483717538317
1767156164.1720417,5483,combined_score,0.0,0.9961366699248196,-0.9815781862072813,-0.9961366699248196
1767156194.6125739,5484,combined_score,0.9771662298264714,0.9961366699248196,0.9771662298264714,-0.01897044009834825
1767156219.476651,5486,combined_score,0.0,0.9961366699248196,-0.9771662298264714,-0.9961366699248196
1767156305.289706,5487,combined_score,0.0,0.9961366699248196,0.0,-0.9961366699248196
1767156434.3173575,5489,combined_score,0.9711153929825471,0.9961366699248196,0.9711153929825471,-0.02502127694227252
1767156455.2643962,5485,combined_score,0.0,0.9961366699248196,-0.9711153929825471,-0.9961366699248196
1767156458.5454197,5490,combined_score,0.0,0.9961366699248196,0.0,-0.9961366699248196
1767156473.4115858,5488,combined_score,0.0,0.9961366699248196,0.0,-0.9961366699248196
1767156597.1551042,5492,combined_score,0.9503609440660267,0.9961366699248196,0.9503609440660267,-0.04577572585879297
1767156660.2311237,5491,combined_score,0.9849453305169087,0.9961366699248196,0.03458438645088202,-0.01119133940791095
1767156700.8809118,5494,combined_score,0.9808378693770288,0.9961366699248196,-0.00410746113987992,-0.01529880054779087
1767156726.0235648,5493,combined_score,0.9872660946893506,0.9961366699248196,0.006428225312321789,-0.00887057523546908
1767156802.5414174,5495,combined_score,0.9801213532266199,0.9961366699248196,-0.007144741462730697,-0.016015316698199777
1767156879.3581965,5496,combined_score,0.0,0.9961366699248196,-0.9801213532266199,-0.9961366699248196
1767156886.3863335,5497,combined_score,0.9637170040057519,0.9961366699248196,0.9637170040057519,-0.03241966591906775
1767156937.350176,5498,combined_score,0.9783754520066863,0.9961366699248196,0.01465844800093441,-0.017761217918133343
1767156966.1205363,5500,combined_score,0.0,0.9961366699248196,-0.9783754520066863,-0.9961366699248196
1767157157.8562608,5501,combined_score,0.9768808154815298,0.9961366699248196,0.9768808154815298,-0.01925585444328981
1767157183.0677853,5503,combined_score,0.9849178930731616,0.9961366699248196,0.008037077591631747,-0.011218776851658063
1767157190.9889855,5502,combined_score,0.980892810915745,0.9961366699248196,-0.004025082157416593,-0.015243859009074656
1767157243.6284692,5499,combined_score,0.0,0.9961366699248196,-0.980892810915745,-0.9961366699248196
1767157333.097611,5506,combined_score,0.973036294660121,0.9961366699248196,0.973036294660121,-0.023100375264698658
1767157373.3795233,5505,combined_score,0.971449695566128,0.9961366699248196,-0.0015865990939929464,-0.024686974358691605
1767157396.586473,5507,combined_score,0.0,0.9961366699248196,-0.971449695566128,-0.9961366699248196
1767157427.1855927,5509,combined_score,0.8779436181313262,0.9961366699248196,0.8779436181313262,-0.11819305179349349
1767157497.28387,5508,combined_score,0.9786790454869083,0.9961366699248196,0.10073542735558216,-0.017457624437911323
1767157604.7051754,5504,combined_score,0.0,0.9961366699248196,-0.9786790454869083,-0.9961366699248196
1767157620.1686141,5510,combined_score,0.9749026486528699,0.9961366699248196,0.9749026486528699,-0.021234021271949732
1767157632.4154801,5512,combined_score,0.0,0.9961366699248196,-0.9749026486528699,-0.9961366699248196
1767157659.6736085,5511,combined_score,0.9941886620289858,0.9961366699248196,0.9941886620289858,-0.0019480078958338254
1767157815.4591784,5514,combined_score,0.9828128640457479,0.9961366699248196,-0.011375797983237956,-0.013323805879071782
1767157839.9564462,5515,combined_score,0.9757978837480279,0.9961366699248196,-0.007014980297719964,-0.020338786176791745
1767157915.3969803,5516,combined_score,0.9804637503678187,0.9961366699248196,0.004665866619790848,-0.015672919557000897
1767158004.4920514,5518,combined_score,0.9794928682710795,0.9961366699248196,-0.000970882096739234,-0.01664380165374013
1767158025.7024803,5517,combined_score,0.9864164171653615,0.9961366699248196,0.006923548894282039,-0.009720252759458092
1767158064.3324404,5520,combined_score,0.0,0.9961366699248196,-0.9864164171653615,-0.9961366699248196
1767158104.5962758,5513,combined_score,0.0,0.9961366699248196,0.0,-0.9961366699248196
1767158119.1994073,5519,combined_score,0.9817136194921984,0.9961366699248196,0.9817136194921984,-0.014423050432621265
1767158126.0909607,5522,combined_score,0.0,0.9961366699248196,-0.9817136194921984,-0.9961366699248196
1767158235.6404219,5521,combined_score,0.9828128640457479,0.9961366699248196,0.9828128640457479,-0.013323805879071782
1767158323.6439605,5523,combined_score,0.9886976593466016,0.9961366699248196,0.005884795300853729,-0.007439010578218053
1767158359.8518958,5525,combined_score,0.9830278151313523,0.9961366699248196,-0.005669844215249298,-0.01310885479346735
1767158387.778199,5524,combined_score,0.0,0.9961366699248196,-0.9830278151313523,-0.9961366699248196
1767158466.8455074,5526,combined_score,0.9813901206594865,0.9961366699248196,0.9813901206594865,-0.014746549265333142
1767158499.503671,5527,combined_score,0.0,0.9961366699248196,-0.9813901206594865,-0.9961366699248196
1767158586.7782285,5529,combined_score,0.9869946396826583,0.9961366699248196,0.9869946396826583,-0.009142030242161314
1767158593.466769,5528,combined_score,0.0,0.9961366699248196,-0.9869946396826583,-0.9961366699248196
1767158618.616497,5530,combined_score,0.0,0.9961366699248196,0.0,-0.9961366699248196
1767158687.119674,5531,combined_score,0.9770492528852253,0.9961366699248196,0.9770492528852253,-0.01908741703959438
1767158735.698435,5532,combined_score,0.9628450668414399,0.9961366699248196,-0.014204186043785372,-0.03329160308337975
1767158802.6128345,5534,combined_score,0.0,0.9961366699248196,-0.9628450668414399,-0.9961366699248196
1767158803.620953,5536,combined_score,0.0,0.9961366699248196,0.0,-0.9961366699248196
1767158817.9701328,5533,combined_score,0.9783840272584748,0.9961366699248196,0.9783840272584748,-0.017752642666344798
1767158846.2555828,5535,combined_score,0.0,0.9961366699248196,-0.9783840272584748,-0.9961366699248196
1767158861.9472876,5538,combined_score,0.0,0.9961366699248196,0.0,-0.9961366699248196
1767159010.5834925,5539,combined_score,0.9770096485369484,0.9961366699248196,0.9770096485369484,-0.019127021387871257
1767159015.1226616,5540,combined_score,0.0,0.9961366699248196,-0.9770096485369484,-0.9961366699248196
1767159114.836718,5541,combined_score,0.9646729599470854,0.9961366699248196,0.9646729599470854,-0.03146370997773429
1767159204.4357471,5543,combined_score,0.0,0.9961366699248196,-0.9646729599470854,-0.9961366699248196
1767159232.291085,5542,combined_score,0.9858608368471422,0.9961366699248196,0.9858608368471422,-0.010275833077677432
1767159240.4072964,5537,combined_score,0.0,0.9961366699248196,-0.9858608368471422,-0.9961366699248196
1767159312.5368414,5544,combined_score,0.941731944721226,0.9961366699248196,0.941731944721226,-0.05440472520359363
1767159408.195604,5545,combined_score,0.9887082647865176,0.9961366699248196,0.04697632006529162,-0.007428405138302008
1767159437.1494172,5546,combined_score,0.0,0.9961366699248196,-0.9887082647865176,-0.9961366699248196
1767159456.1615067,5547,combined_score,0.0,0.9961366699248196,0.0,-0.9961366699248196
1767159501.536636,5548,combined_score,0.8785161632039432,0.9961366699248196,0.8785161632039432,-0.11762050672087643
1767159621.870234,5549,combined_score,0.9388964345051196,0.9961366699248196,0.0603802713011764,-0.057240235419700025
1767159655.2747703,5551,combined_score,0.977366036900452,0.9961366699248196,0.03846960239533237,-0.018770633024367656
1767159722.7266517,5552,combined_score,0.0,0.9961366699248196,-0.977366036900452,-0.9961366699248196
1767159830.7220757,5554,combined_score,0.9702544406227561,0.9961366699248196,0.9702544406227561,-0.02588222930206352
1767159856.5507293,5553,combined_score,0.9934757226676781,0.9961366699248196,0.02322128204492202,-0.0026609472571414994
1767159872.0162196,5550,combined_score,0.0,0.9961366699248196,-0.9934757226676781,-0.9961366699248196
1767159882.828019,5555,combined_score,0.9727049916894844,0.9961366699248196,0.9727049916894844,-0.023431678235335207
1767159916.345756,5557,combined_score,0.0,0.9961366699248196,-0.9727049916894844,-0.9961366699248196
1767160060.7219708,5556,combined_score,0.9843217373567715,0.9961366699248196,0.9843217373567715,-0.011814932568048109
1767160085.0753934,5560,combined_score,0.9806289950258444,0.9961366699248196,-0.00369274233092709,-0.015507674898975199
1767160087.6436443,5559,combined_score,0.0,0.9961366699248196,-0.9806289950258444,-0.9961366699248196
1767160098.8566246,5558,combined_score,0.9716471913954319,0.9961366699248196,0.9716471913954319,-0.024489478529387765
1767160241.4768958,5561,combined_score,0.9894198323703274,0.9961366699248196,0.017772640974895504,-0.006716837554492261
1767160263.916933,5563,combined_score,0.0,0.9961366699248196,-0.9894198323703274,-0.9961366699248196
1767160270.679326,5562,combined_score,0.9871784948371939,0.9961366699248196,0.9871784948371939,-0.008958175087625753
1767160316.1039305,5564,combined_score,0.9847473903106267,0.9961366699248196,-0.0024311045265671405,-0.011389279614192893
1767160483.1596212,5567,combined_score,0.0,0.9961366699248196,-0.9847473903106267,-0.9961366699248196
1767160496.6723788,5566,combined_score,0.9809163111669311,0.9961366699248196,0.9809163111669311,-0.015220358757888519
1767160503.188667,5565,combined_score,0.9839922929464845,0.9961366699248196,0.0030759817795533717,-0.012144376978335147
1767160541.4845068,5568,combined_score,0.978682693976978,0.9961366699248196,-0.005309598969506446,-0.017453975947841593
1767160635.0730252,5570,combined_score,0.9326173735257788,0.9961366699248196,-0.046065320451199265,-0.06351929639904086
1767160648.2931716,5571,combined_score,0.0,0.9961366699248196,-0.9326173735257788,-0.9961366699248196
1767160678.1255589,5569,combined_score,0.9737944790646181,0.9961366699248196,0.9737944790646181,-0.022342190860201505
1767160714.1012046,5574,combined_score,0.882812966217053,0.9961366699248196,-0.09098151284756517,-0.11332370370776668
1767160832.7794096,5575,combined_score,0.0,0.9961366699248196,-0.882812966217053,-0.9961366699248196
1767160932.3328307,5576,combined_score,0.983999282098488,0.9961366699248196,0.983999282098488,-0.01213738782633167
1767160960.6772997,5572,combined_score,0.0,0.9961366699248196,-0.983999282098488,-0.9961366699248196
1767161050.462156,5577,combined_score,0.9842681417363378,0.9961366699248196,0.9842681417363378,-0.01186852818848183
1767161058.111075,5573,combined_score,0.0,0.9961366699248196,-0.9842681417363378,-0.9961366699248196
1767161103.528808,5579,combined_score,0.0,0.9961366699248196,0.0,-0.9961366699248196
1767161139.7879715,5578,combined_score,0.0,0.9961366699248196,0.0,-0.9961366699248196
1767161248.5807042,5580,combined_score,0.9617940731167289,0.9961366699248196,0.9617940731167289,-0.03434259680809071
1767161255.6180964,5582,combined_score,0.9345108556056363,0.9961366699248196,-0.02728321751109264,-0.06162581431918335
1767161273.7385087,5581,combined_score,0.9792502973640562,0.9961366699248196,0.04473944175841993,-0.01688637256076342
1767161296.171347,5584,combined_score,0.0,0.9961366699248196,-0.9792502973640562,-0.9961366699248196
1767161345.6421225,5585,combined_score,0.0,0.9961366699248196,0.0,-0.9961366699248196
1767161346.4204063,5583,combined_score,0.9579631847059151,0.9961366699248196,0.9579631847059151,-0.03817348521890451
1767161363.1568255,5587,combined_score,0.0,0.9961366699248196,-0.9579631847059151,-0.9961366699248196
1767161416.0272875,5586,combined_score,0.928952537300016,0.9961366699248196,0.928952537300016,-0.0671841326248036
1767161571.4051812,5590,combined_score,0.0,0.9961366699248196,-0.928952537300016,-0.9961366699248196
1767161576.3947713,5589,combined_score,0.9916171413001537,0.9961366699248196,0.9916171413001537,-0.0045195286246659805
1767161609.9297721,5588,combined_score,0.9776596515603608,0.9961366699248196,-0.013957489739792828,-0.018477018364458808
1767161664.6639073,5594,combined_score,0.0,0.9961366699248196,-0.9776596515603608,-0.9961366699248196
1767161686.955667,5591,combined_score,0.976750010031032,0.9961366699248196,0.976750010031032,-0.019386659893787628
1767161711.0599704,5592,combined_score,0.896985899288539,0.9961366699248196,-0.07976411074249301,-0.09915077063628064
1767161788.8327699,5596,combined_score,0.9063982674160053,0.9961366699248196,0.009412368127466264,-0.08973840250881437
1767161846.2315705,5593,combined_score,0.0,0.9961366699248196,-0.9063982674160053,-0.9961366699248196
1767161881.0077727,5597,combined_score,0.8655141988458178,0.9961366699248196,0.8655141988458178,-0.13062247107900182
1767161902.3003323,5595,combined_score,0.9939470818124694,0.9961366699248196,0.12843288296665156,-0.0021895881123502603
1767161931.2255201,5600,combined_score,0.0,0.9961366699248196,-0.9939470818124694,-0.9961366699248196
1767161942.8213458,5598,combined_score,0.0,0.9961366699248196,0.0,-0.9961366699248196
1767161971.827911,5601,combined_score,0.0,0.9961366699248196,0.0,-0.9961366699248196
1767162030.8009818,5604,combined_score,0.9757741027962284,0.9961366699248196,0.9757741027962284,-0.02036256712859119
1767162076.4080117,5599,combined_score,0.9918141251360755,0.9961366699248196,0.016040022339847027,-0.004322544788744165
1767162122.473231,5602,combined_score,0.0,0.9961366699248196,-0.9918141251360755,-0.9961366699248196
1767162169.9701457,5607,combined_score,0.0,0.9961366699248196,0.0,-0.9961366699248196
1767162174.3804607,5603,combined_score,0.9817253477145502,0.9961366699248196,0.9817253477145502,-0.014411322210269417
1767162213.3627582,5605,combined_score,0.98702700596962,0.9961366699248196,0.0053016582550697855,-0.009109663955199632
1767162219.2310953,5609,combined_score,0.0,0.9961366699248196,-0.98702700596962,-0.9961366699248196
1767162226.6881008,5606,combined_score,0.0,0.9961366699248196,0.0,-0.9961366699248196
1767162333.9811018,5611,combined_score,0.8841066278652707,0.9961366699248196,0.8841066278652707,-0.11203004205954892
1767162377.6538398,5608,combined_score,0.9763069838878227,0.9961366699248196,0.09220035602255194,-0.019829686036996974
1767162449.0089037,5610,combined_score,0.0,0.9961366699248196,-0.9763069838878227,-0.9961366699248196
1767162506.813503,5614,combined_score,0.9334056493320104,0.9961366699248196,0.9334056493320104,-0.06273102059280922
1767162508.143313,5613,combined_score,0.9796641574207636,0.9961366699248196,0.0462585080887532,-0.016472512504056014
1767162531.778535,5615,combined_score,0.8785064273471157,0.9961366699248196,-0.10115773007364792,-0.11763024257770394
1767162643.0363584,5617,combined_score,0.9476510730910364,0.9961366699248196,0.06914464574392065,-0.048485596833783284
1767162660.5583024,5612,combined_score,0.0,0.9961366699248196,-0.9476510730910364,-0.9961366699248196
1767162687.8480098,5616,combined_score,0.877129548800162,0.9961366699248196,0.877129548800162,-0.11900712112465761
1767162773.035209,5618,combined_score,0.9820112002656998,0.9961366699248196,0.10488165146553774,-0.014125469659119871
1767162839.6549983,5620,combined_score,0.9798295201006293,0.9961366699248196,-0.0021816801650704765,-0.016307149824190348
1767162870.7505784,5619,combined_score,0.9704065374114765,0.9961366699248196,-0.009422982689152759,-0.025730132513343107
1767162916.4613128,5624,combined_score,0.0,0.9961366699248196,-0.9704065374114765,-0.9961366699248196
1767163049.5822992,5623,combined_score,0.9788829972803815,0.9961366699248196,0.9788829972803815,-0.01725367264443811
1767163128.398862,5625,combined_score,0.9765658643311862,0.9961366699248196,-0.002317132949195333,-0.019570805593633445
1767163130.6247585,5621,combined_score,0.0,0.9961366699248196,-0.9765658643311862,-0.9961366699248196
1767163208.3368979,5622,combined_score,0.0,0.9961366699248196,0.0,-0.9961366699248196
1767163247.3714955,5627,combined_score,0.0,0.9961366699248196,0.0,-0.9961366699248196
1767163259.8284357,5628,combined_score,0.8491370084233826,0.9961366699248196,0.8491370084233826,-0.14699966150143706
1767163264.7242596,5629,combined_score,0.0,0.9961366699248196,-0.8491370084233826,-0.9961366699248196
1767163320.1440184,5626,combined_score,0.9961366699248196,0.9961366699248196,0.9961366699248196,0.0
1767163389.3273067,5633,combined_score,0.0,0.9961366699248196,-0.9961366699248196,-0.9961366699248196
1767163400.4829588,5632,combined_score,0.9695359696760241,0.9961366699248196,0.9695359696760241,-0.026600700248795572
1767163427.4988532,5631,combined_score,0.9722867021117426,0.9961366699248196,0.0027507324357185503,-0.023849967813077022
1767163475.5214815,5630,combined_score,0.9796297630893197,0.9961366699248196,0.007343060977577087,-0.016506906835499935
1767163539.7125611,5634,combined_score,0.0,0.9961366699248196,-0.9796297630893197,-0.9961366699248196
1767163621.878904,5637,combined_score,0.9605974638356174,0.9961366699248196,0.9605974638356174,-0.03553920608920225
1767163859.3492148,5639,combined_score,0.9722302625808591,0.9961366699248196,0.011632798745241701,-0.023906407343960545
1767163859.8500028,5635,combined_score,0.0,0.9961366699248196,-0.9722302625808591,-0.9961366699248196
1767163866.866519,5636,combined_score,0.0,0.9961366699248196,0.0,-0.9961366699248196
1767163919.8541663,5638,combined_score,0.0,0.9961366699248196,0.0,-0.9961366699248196
1767163923.5272648,5640,combined_score,0.0,0.9961366699248196,0.0,-0.9961366699248196
1767163955.1770442,5641,combined_score,0.0,0.9961366699248196,0.0,-0.9961366699248196
1767163964.9702535,5642,combined_score,0.0,0.9961366699248196,0.0,-0.9961366699248196
1767164098.7059588,5643,combined_score,0.9753036496383738,0.9961366699248196,0.9753036496383738,-0.020833020286445847
1767164159.7351415,5645,combined_score,0.9839694467779241,0.9961366699248196,0.00866579713955029,-0.012167223146895556
1767164165.6686773,5644,combined_score,0.0,0.9961366699248196,-0.9839694467779241,-0.9961366699248196
1767164192.5383189,5646,combined_score,0.9808052514207746,0.9961366699248196,0.9808052514207746,-0.015331418504045069
1767164321.6496015,5648,combined_score,0.0,0.9961366699248196,-0.9808052514207746,-0.9961366699248196
1767164340.0314116,5650,combined_score,0.8728564110789608,0.9961366699248196,0.8728564110789608,-0.1232802588458588
1767164350.2956839,5647,combined_score,0.9743898729646123,0.9961366699248196,0.10153346188565149,-0.021746796960207315
1767164358.9330556,5649,combined_score,0.9786646963774632,0.9961366699248196,0.004274823412850903,-0.017471973547356412
1767164524.2995331,5652,combined_score,0.9819564572912698,0.9961366699248196,0.003291760913806563,-0.014180212633549849
1767164545.457214,5651,combined_score,0.9833732391289142,0.9961366699248196,0.0014167818376443764,-0.012763430795905473
1767164565.2369106,5653,combined_score,0.970929430812977,0.9961366699248196,-0.012443808315937166,-0.02520723911184264
1767164617.923667,5654,combined_score,0.9961366699248196,0.9961366699248196,0.02520723911184264,0.0
1767164714.662483,5655,combined_score,0.9157936287611605,0.9961366699248196,-0.08034304116365909,-0.08034304116365909
1767164780.9396186,5656,combined_score,0.9784330889945471,0.9961366699248196,0.06263946023338651,-0.017703580930272578
1767164797.507928,5657,combined_score,0.9850744689538666,0.9961366699248196,0.006641379959319571,-0.011062200970953007
1767164843.718339,5661,combined_score,0.0,0.9961366699248196,-0.9850744689538666,-0.9961366699248196
1767164885.565724,5659,combined_score,0.0,0.9961366699248196,0.0,-0.9961366699248196
1767164898.8469782,5658,combined_score,0.0,0.9961366699248196,0.0,-0.9961366699248196
1767164952.5647998,5660,combined_score,0.0,0.9961366699248196,0.0,-0.9961366699248196
1767165056.9328825,5662,combined_score,0.9828128640457479,0.9961366699248196,0.9828128640457479,-0.013323805879071782
1767165071.4393468,5663,combined_score,0.976061608031989,0.9961366699248196,-0.006751256013758811,-0.020075061892830592
1767165226.0189228,5666,combined_score,0.9567171972662607,0.9961366699248196,-0.019344410765728348,-0.03941947265855894
1767165274.122161,5667,combined_score,0.9824412204545081,0.9961366699248196,0.025724023188247402,-0.013695449470311538
1767165334.001077,5664,combined_score,0.0,0.9961366699248196,-0.9824412204545081,-0.9961366699248196
1767165376.147158,5665,combined_score,0.0,0.9961366699248196,0.0,-0.9961366699248196
1767165426.679338,5668,combined_score,0.0,0.9961366699248196,0.0,-0.9961366699248196
1767165440.738751,5669,combined_score,0.0,0.9961366699248196,0.0,-0.9961366699248196
1767165560.8997233,5670,combined_score,0.9827231796553675,0.9961366699248196,0.9827231796553675,-0.013413490269452155
1767165603.4961557,5673,combined_score,0.0,0.9961366699248196,-0.9827231796553675,-0.9961366699248196
1767165630.4881032,5671,combined_score,0.0,0.9961366699248196,0.0,-0.9961366699248196
1767165698.2068036,5672,combined_score,0.9777819134277288,0.9961366699248196,0.9777819134277288,-0.01835475649709084
1767165813.0355964,5676,combined_score,0.9776608921772909,0.9961366699248196,-0.00012102125043789158,-0.018475777747528732
1767165825.0096366,5674,combined_score,0.9730017618434945,0.9961366699248196,-0.004659130333796391,-0.023134908081325123
1767165912.2462327,5677,combined_score,0.973187120847294,0.9961366699248196,0.0001853590037994568,-0.022949549077525666
1767166005.246436,5678,combined_score,0.0,0.9961366699248196,-0.973187120847294,-0.9961366699248196
1767166030.4899824,5679,combined_score,0.9809388638271227,0.9961366699248196,0.9809388638271227,-0.015197806097696942
1767166061.0501761,5675,combined_score,0.0,0.9961366699248196,-0.9809388638271227,-0.9961366699248196
1767166082.2926,5680,combined_score,0.975575132494509,0.9961366699248196,0.975575132494509,-0.02056153743031064
1767166187.6869166,5683,combined_score,0.0,0.9961366699248196,-0.975575132494509,-0.9961366699248196
1767166242.4508991,5681,combined_score,0.9711134441485905,0.9961366699248196,0.9711134441485905,-0.025023225776229174
1767166350.7361617,5685,combined_score,0.0,0.9961366699248196,-0.9711134441485905,-0.9961366699248196
1767166358.823655,5684,combined_score,0.8642082850862886,0.9961366699248196,0.8642082850862886,-0.1319283848385311
1767166465.6863153,5682,combined_score,0.0,0.9961366699248196,-0.8642082850862886,-0.9961366699248196
1767166479.6637127,5686,combined_score,0.983515821334699,0.9961366699248196,0.983515821334699,-0.012620848590120692
1767166551.1764507,5687,combined_score,0.982719260936715,0.9961366699248196,-0.0007965603979839253,-0.013417408988104618
1767166553.828439,5688,combined_score,0.9597647211115277,0.9961366699248196,-0.02295453982518736,-0.03637194881329198
1767166709.0242503,5690,combined_score,0.9789779665370729,0.9961366699248196,0.019213245425545256,-0.01715870338774672
1767166710.556009,5692,combined_score,0.0,0.9961366699248196,-0.9789779665370729,-0.9961366699248196
1767166721.7032945,5691,combined_score,0.9746814347837881,0.9961366699248196,0.9746814347837881,-0.021455235141031537
1767166749.287724,5689,combined_score,0.9877293262584431,0.9961366699248196,0.013047891474655016,-0.008407343666376521
1767166853.313196,5696,combined_score,0.0,0.9961366699248196,-0.9877293262584431,-0.9961366699248196
1767166909.094456,5693,combined_score,0.9850009653562425,0.9961366699248196,0.9850009653562425,-0.011135704568577154
1767166945.3747306,5697,combined_score,0.0,0.9961366699248196,-0.9850009653562425,-0.9961366699248196
1767167036.1370814,5700,combined_score,0.0,0.9961366699248196,0.0,-0.9961366699248196
1767167075.7525506,5695,combined_score,0.0,0.9961366699248196,0.0,-0.9961366699248196
1767167077.0147526,5698,combined_score,0.0,0.9961366699248196,0.0,-0.9961366699248196
1767167122.4157174,5699,combined_score,0.0,0.9961366699248196,0.0,-0.9961366699248196
1767167171.2546437,5702,combined_score,0.0,0.9961366699248196,0.0,-0.9961366699248196
1767167232.9344182,5705,combined_score,0.0,0.9961366699248196,0.0,-0.9961366699248196
1767167239.0350559,5701,combined_score,0.9828128640457479,0.9961366699248196,0.9828128640457479,-0.013323805879071782
1767167269.0164678,5703,combined_score,0.977366036900452,0.9961366699248196,-0.005446827145295874,-0.018770633024367656
1767167342.6933239,5704,combined_score,0.9863651166379435,0.9961366699248196,0.008999079737491478,-0.009771553286876178
1767167424.173682,5707,combined_score,0.0,0.9961366699248196,-0.9863651166379435,-0.9961366699248196
1767167424.6035955,5709,combined_score,0.6753931126656249,0.9961366699248196,0.6753931126656249,-0.3207435572591948
1767167478.7124774,5708,combined_score,0.0,0.9961366699248196,-0.6753931126656249,-0.9961366699248196
1767167489.1082346,5706,combined_score,0.0,0.9961366699248196,0.0,-0.9961366699248196
1767167621.848936,5710,combined_score,0.9603869456557708,0.9961366699248196,0.9603869456557708,-0.03574972426904888
1767167635.1548722,5711,combined_score,0.9599655206353906,0.9961366699248196,-0.0004214250203801173,-0.036171149289428994
1767167687.3944159,5713,combined_score,0.9856257432129059,0.9961366699248196,0.025660222577515213,-0.010510926711913782
1767167702.8402488,5712,combined_score,0.98224859722885,0.9961366699248196,-0.003377145984055807,-0.013888072695969589
1767167845.395127,5714,combined_score,0.9791111702385086,0.9961366699248196,-0.003137426990341474,-0.017025499686311063
1767167862.191996,5715,combined_score,0.981654149132125,0.9961366699248196,0.002542978893616432,-0.014482520792694631
1767167878.5695786,5717,combined_score,0.0,0.9961366699248196,-0.981654149132125,-0.9961366699248196
1767167920.4803584,5719,combined_score,0.9591774038394458,0.9961366699248196,0.9591774038394458,-0.03695926608537381
1767167936.4571495,5716,combined_score,0.9520302495955644,0.9961366699248196,-0.0071471542438814595,-0.04410642032925527
1767168017.8850873,5718,combined_score,0.0,0.9961366699248196,-0.9520302495955644,-0.9961366699248196
1767168101.853168,5721,combined_score,0.9866922357993069,0.9961366699248196,0.9866922357993069,-0.009444434125512768
1767168165.04401,5722,combined_score,0.9832577466353563,0.9961366699248196,-0.003434489163950616,-0.012878923289463384
1767168184.511502,5723,combined_score,0.0,0.9961366699248196,-0.9832577466353563,-0.9961366699248196
1767168188.1148858,5724,combined_score,0.0,0.9961366699248196,0.0,-0.9961366699248196
1767168297.4552524,5725,combined_score,0.0,0.9961366699248196,0.0,-0.9961366699248196
1767168400.480404,5727,combined_score,0.9866398103764872,0.9961366699248196,0.9866398103764872,-0.00949685954833246
1767168419.444914,5728,combined_score,0.9773907395134798,0.9961366699248196,-0.009249070863007414,-0.018745930411339873
1767168455.9361465,5729,combined_score,0.0,0.9961366699248196,-0.9773907395134798,-0.9961366699248196
1767168475.7985923,5726,combined_score,0.0,0.9961366699248196,0.0,-0.9961366699248196
1767168495.701614,5730,combined_score,0.0,0.9961366699248196,0.0,-0.9961366699248196
1767168555.4835575,5731,combined_score,0.8613980839431743,0.9961366699248196,0.8613980839431743,-0.13473858598164534
1767168679.4385126,5732,combined_score,0.9796771389827951,0.9961366699248196,0.11827905503962077,-0.01645953094202457
1767168713.3186567,5734,combined_score,0.9730031996233725,0.9961366699248196,-0.00667393935942262,-0.02313347030144719
1767168731.0783541,5733,combined_score,0.9344959728393336,0.9961366699248196,-0.03850722678403884,-0.06164069708548603
1767168760.7193034,5735,combined_score,0.0,0.9961366699248196,-0.9344959728393336,-0.9961366699248196
1767168880.0647147,5736,combined_score,0.9833251557634758,0.9961366699248196,0.9833251557634758,-0.012811514161343851
1767168933.4481657,5738,combined_score,0.9802262592640308,0.9961366699248196,-0.0030988964994449475,-0.0159104106607888
1767168939.1233532,5737,combined_score,0.9836328385687417,0.9961366699248196,0.0034065793047108883,-0.01250383135607791
1767168983.2943401,5739,combined_score,0.976706915736795,0.9961366699248196,-0.006925922831946707,-0.019429754188024617
1767169052.4915454,5743,combined_score,0.0,0.9961366699248196,-0.976706915736795,-0.9961366699248196
1767169090.299323,5740,combined_score,0.9905005784541177,0.9961366699248196,0.9905005784541177,-0.005636091470701987
1767169113.8963106,5742,combined_score,0.9695204615178948,0.9961366699248196,-0.020980116936222815,-0.0266162084069248
1767169137.7110512,5745,combined_score,0.0,0.9961366699248196,-0.9695204615178948,-0.9961366699248196
1767169150.9070218,5741,combined_score,0.9742847648161902,0.9961366699248196,0.9742847648161902,-0.021851905108629444
1767169282.3707623,5746,combined_score,0.0,0.9961366699248196,-0.9742847648161902,-0.9961366699248196
1767169288.137922,5744,combined_score,0.9900815589896889,0.9961366699248196,0.9900815589896889,-0.006055110935130781
1767169341.8474429,5748,combined_score,0.9712124830622857,0.9961366699248196,-0.018869075927403167,-0.024924186862533948
1767169385.927638,5747,combined_score,0.9754254288003616,0.9961366699248196,0.004212945738075957,-0.02071124112445799
1767169439.999268,5749,combined_score,0.974848149215766,0.9961366699248196,-0.0005772795845956358,-0.021288520709053627
1767169464.1173022,5750,combined_score,0.0,0.9961366699248196,-0.974848149215766,-0.9961366699248196
1767169495.3144078,5753,combined_score,0.0,0.9961366699248196,0.0,-0.9961366699248196
1767169562.1898968,5751,combined_score,0.9905005784541177,0.9961366699248196,0.9905005784541177,-0.005636091470701987
1767169624.8196812,5752,combined_score,0.0,0.9961366699248196,-0.9905005784541177,-0.9961366699248196
1767169645.3327148,5755,combined_score,0.9340550396984441,0.9961366699248196,0.9340550396984441,-0.062081630226375584
1767169688.309568,5754,combined_score,0.9770989994471883,0.9961366699248196,0.0430439597487442,-0.019037670477631385
1767169776.1443276,5756,combined_score,0.978706879872201,0.9961366699248196,0.0016078804250126977,-0.017429790052618688
1767169851.7497687,5757,combined_score,0.9761948435787278,0.9961366699248196,-0.0025120362934731855,-0.019941826346091873
1767169892.0741975,5759,combined_score,0.9725026678817091,0.9961366699248196,-0.0036921756970186292,-0.023634002043110502
1767169908.5107262,5762,combined_score,0.0,0.9961366699248196,-0.9725026678817091,-0.9961366699248196
1767170037.7909014,5764,combined_score,0.9293014217941662,0.9961366699248196,0.9293014217941662,-0.06683524813065345
1767170064.6812382,5758,combined_score,0.0,0.9961366699248196,-0.9293014217941662,-0.9961366699248196
1767170090.5378702,5761,combined_score,0.9704030690220425,0.9961366699248196,0.9704030690220425,-0.0257336009027771
1767170103.6508212,5763,combined_score,0.9744756264729798,0.9961366699248196,0.004072557450937264,-0.021661043451839834
1767170231.7156818,5766,combined_score,0.968909035994201,0.9961366699248196,-0.005566590478778832,-0.027227633930618667
1767170252.9150217,5765,combined_score,0.9760947411272873,0.9961366699248196,0.007185705133086362,-0.020041928797532305
1767170279.166586,5767,combined_score,0.0,0.9961366699248196,-0.9760947411272873,-0.9961366699248196
1767170332.5091481,5768,combined_score,0.997019504021749,0.997019504021749,0.997019504021749,0.0008828340969293524
1767170390.5197196,5770,combined_score,0.0,0.997019504021749,-0.997019504021749,-0.997019504021749
1767170394.717085,5772,combined_score,0.0,0.997019504021749,0.0,-0.997019504021749
1767170435.220329,5769,combined_score,0.9761642817978236,0.997019504021749,0.9761642817978236,-0.02085522222392544
1767170485.0931048,5771,combined_score,0.9718383744620286,0.997019504021749,-0.004325907335794965,-0.025181129559720405
1767170578.9619863,5774,combined_score,0.0,0.997019504021749,-0.9718383744620286,-0.997019504021749
1767170592.0175722,5773,combined_score,0.0,0.997019504021749,0.0,-0.997019504021749
1767170643.6958485,5775,combined_score,0.9826111822307315,0.997019504021749,0.9826111822307315,-0.014408321791017475
1767170675.5196862,5776,combined_score,0.0,0.997019504021749,-0.9826111822307315,-0.997019504021749
1767170684.356536,5779,combined_score,0.0,0.997019504021749,0.0,-0.997019504021749
1767170762.3926594,5778,combined_score,0.0,0.997019504021749,0.0,-0.997019504021749
1767170894.6381643,5781,combined_score,0.9801953882593112,0.997019504021749,0.9801953882593112,-0.016824115762437808
1767170902.8931153,5780,combined_score,0.9750689860965378,0.997019504021749,-0.00512640216277338,-0.021950517925211188
1767170926.1008275,5777,combined_score,0.0,0.997019504021749,-0.9750689860965378,-0.997019504021749
1767171040.5417006,5784,combined_score,0.9294712319183132,0.997019504021749,0.9294712319183132,-0.06754827210343584
1767171151.3302162,5782,combined_score,0.0,0.997019504021749,-0.9294712319183132,-0.997019504021749
1767171163.9245253,5785,combined_score,0.9772862664039088,0.997019504021749,0.9772862664039088,-0.019733237617840182
1767171213.9764977,5788,combined_score,0.0,0.997019504021749,-0.9772862664039088,-0.997019504021749
1767171233.8564873,5787,combined_score,0.0,0.997019504021749,0.0,-0.997019504021749
1767171241.7361372,5786,combined_score,0.9707671089575973,0.997019504021749,0.9707671089575973,-0.026252395064151668
1767171273.639251,5783,combined_score,0.0,0.997019504021749,-0.9707671089575973,-0.997019504021749
1767171306.7138345,5789,combined_score,0.0,0.997019504021749,0.0,-0.997019504021749
1767171313.8187063,5791,combined_score,0.0,0.997019504021749,0.0,-0.997019504021749
1767171342.8380635,5790,combined_score,0.9480640102160802,0.997019504021749,0.9480640102160802,-0.04895549380566877
1767171485.3586648,5792,combined_score,0.9793490431615912,0.997019504021749,0.03128503294551099,-0.017670460860157777
1767171488.1051073,5794,combined_score,0.0,0.997019504021749,-0.9793490431615912,-0.997019504021749
1767171502.7932465,5793,combined_score,0.982719260936715,0.997019504021749,0.982719260936715,-0.01430024308503397
1767171536.0139787,5795,combined_score,0.982938930948376,0.997019504021749,0.00021967001166101063,-0.01408057307337296
1767171599.751552,5796,combined_score,0.9322671010792797,0.997019504021749,-0.05067182986909635,-0.06475240294246931
1767171656.7139833,5800,combined_score,0.0,0.997019504021749,-0.9322671010792797,-0.997019504021749
1767171671.0176337,5798,combined_score,0.0,0.997019504021749,0.0,-0.997019504021749
1767171682.4302125,5797,combined_score,0.9688266907750518,0.997019504021749,0.9688266907750518,-0.0281928132466972
1767171819.1801097,5802,combined_score,0.0,0.997019504021749,-0.9688266907750518,-0.997019504021749
1767171846.8676035,5801,combined_score,0.9733454182823599,0.997019504021749,0.9733454182823599,-0.023674085739389117
1767171915.5358562,5803,combined_score,0.9769052889155192,0.997019504021749,0.0035598706331593233,-0.020114215106229794
1767171972.5925944,5799,combined_score,0.0,0.997019504021749,-0.9769052889155192,-0.997019504021749
1767171981.867623,5806,combined_score,0.0,0.997019504021749,0.0,-0.997019504021749
1767171995.3250544,5804,combined_score,0.0,0.997019504021749,0.0,-0.997019504021749
1767172049.8335168,5805,combined_score,0.0,0.997019504021749,0.0,-0.997019504021749
1767172177.8023124,5808,combined_score,0.9555946848591031,0.997019504021749,0.9555946848591031,-0.04142481916264584
1767172201.1466024,5809,combined_score,0.0,0.997019504021749,-0.9555946848591031,-0.997019504021749
1767172203.0214787,5810,combined_score,0.9723778109003646,0.997019504021749,0.9723778109003646,-0.024641693121384423
1767172207.0408733,5807,combined_score,0.9805523695051176,0.997019504021749,0.008174558604753024,-0.0164671345166314
1767172300.5740578,5813,combined_score,0.0,0.997019504021749,-0.9805523695051176,-0.997019504021749
1767172346.9519904,5811,combined_score,0.0,0.997019504021749,0.0,-0.997019504021749
1767172406.651342,5814,combined_score,0.9696840804014586,0.997019504021749,0.9696840804014586,-0.0273354236202904
1767172473.6481977,5815,combined_score,0.9792002997692955,0.997019504021749,0.009516219367836865,-0.017819204252453535
1767172516.2701206,5816,combined_score,0.9687768082852267,0.997019504021749,-0.010423491484068736,-0.028242695736522272
1767172570.8976777,5817,combined_score,0.0,0.997019504021749,-0.9687768082852267,-0.997019504021749
1767172596.740495,5818,combined_score,0.982306114211752,0.997019504021749,0.982306114211752,-0.014713389809997035
1767172641.72921,5812,combined_score,0.0,0.997019504021749,-0.982306114211752,-0.997019504021749
1767172670.6670108,5819,combined_score,0.9652811264557697,0.997019504021749,0.9652811264557697,-0.0317383775659793
1767172763.0275385,5823,combined_score,0.0,0.997019504021749,-0.9652811264557697,-0.997019504021749
1767172815.2510297,5820,combined_score,0.9787679060179121,0.997019504021749,0.9787679060179121,-0.01825159800383691
1767172880.2210462,5822,combined_score,0.0,0.997019504021749,-0.9787679060179121,-0.997019504021749
1767173029.3975632,5824,combined_score,0.9691143526093715,0.997019504021749,0.9691143526093715,-0.027905151412377482
1767173036.2760441,5821,combined_score,0.0,0.997019504021749,-0.9691143526093715,-0.997019504021749
1767173061.488735,5825,combined_score,0.9547891982113121,0.997019504021749,0.9547891982113121,-0.04223030581043685
1767173068.639338,5826,combined_score,0.9716842931577746,0.997019504021749,0.016895094946462463,-0.02533521086397439
1767173154.6520798,5829,combined_score,0.832419332444307,0.997019504021749,-0.1392649607134676,-0.164600171577442
1767173272.3789692,5828,combined_score,0.98358828193304,0.997019504021749,0.15116894948873305,-0.01343122208870895
1767173291.916857,5827,combined_score,0.9644332842286583,0.997019504021749,-0.019154997704381782,-0.03258621979309073
1767173359.6701024,5831,combined_score,0.9794160444821589,0.997019504021749,0.014982760253500649,-0.017603459539590083
1767173443.4202383,5833,combined_score,0.0,0.997019504021749,-0.9794160444821589,-0.997019504021749
1767173503.031024,5832,combined_score,0.0,0.997019504021749,0.0,-0.997019504021749
1767173509.4986286,5835,combined_score,0.0,0.997019504021749,0.0,-0.997019504021749
1767173551.164751,5830,combined_score,0.0,0.997019504021749,0.0,-0.997019504021749
1767173641.9399848,5836,combined_score,0.0,0.997019504021749,0.0,-0.997019504021749
1767173703.0953517,5838,combined_score,0.0,0.997019504021749,0.0,-0.997019504021749
1767173740.884201,5837,combined_score,0.0,0.997019504021749,0.0,-0.997019504021749
1767173808.7826092,5834,combined_score,0.0,0.997019504021749,0.0,-0.997019504021749
1767173809.4292214,5841,combined_score,0.0,0.997019504021749,0.0,-0.997019504021749
1767173829.6989927,5839,combined_score,0.0,0.997019504021749,0.0,-0.997019504021749
1767173887.8579142,5840,combined_score,0.9833493580363476,0.997019504021749,0.9833493580363476,-0.013670145985401394
1767173934.037816,5842,combined_score,0.9270914878799622,0.997019504021749,-0.05625787015638539,-0.06992801614178679
1767174020.0207105,5844,combined_score,0.9828128640457479,0.997019504021749,0.05572137616578565,-0.014206639976001134
1767174033.8980913,5845,combined_score,0.0,0.997019504021749,-0.9828128640457479,-0.997019504021749
1767174093.5933533,5848,combined_score,0.0,0.997019504021749,0.0,-0.997019504021749
1767174139.0232227,5846,combined_score,0.9621880769080541,0.997019504021749,0.9621880769080541,-0.03483142711369491
1767174159.9569142,5847,combined_score,0.9085493508298765,0.997019504021749,-0.053638726078177545,-0.08847015319187246
1767174206.1461084,5850,combined_score,0.0,0.997019504021749,-0.9085493508298765,-0.997019504021749
1767174238.7851598,5843,combined_score,0.0,0.997019504021749,0.0,-0.997019504021749
1767174307.947997,5849,combined_score,0.9704792039456968,0.997019504021749,0.9704792039456968,-0.026540300076052237
1767174352.5297472,5851,combined_score,0.9884771073337658,0.997019504021749,0.01799790338806906,-0.008542396687983178
1767174427.9438827,5852,combined_score,0.9827463472622073,0.997019504021749,-0.005730760071558483,-0.01427315675954166
1767174530.72975,5854,combined_score,0.9776596515603608,0.997019504021749,-0.0050866957018465,-0.01935985246138816
1767174591.2603033,5856,combined_score,0.0,0.997019504021749,-0.9776596515603608,-0.997019504021749
1767174608.3231006,5857,combined_score,0.0,0.997019504021749,0.0,-0.997019504021749
1767174683.9833386,5853,combined_score,0.0,0.997019504021749,0.0,-0.997019504021749
1767174702.1567166,5859,combined_score,0.0,0.997019504021749,0.0,-0.997019504021749
1767174749.1727822,5855,combined_score,0.0,0.997019504021749,0.0,-0.997019504021749
1767174782.1079166,5861,combined_score,0.0,0.997019504021749,0.0,-0.997019504021749
1767174788.050254,5860,combined_score,0.0,0.997019504021749,0.0,-0.997019504021749
1767174812.0565796,5858,combined_score,0.9826507553322572,0.997019504021749,0.9826507553322572,-0.014368748689491784
1767174920.38843,5863,combined_score,0.9673842693081915,0.997019504021749,-0.015266486024065662,-0.029635234713557446
1767174929.0324821,5862,combined_score,0.0,0.997019504021749,-0.9673842693081915,-0.997019504021749
1767174943.6131928,5865,combined_score,0.0,0.997019504021749,0.0,-0.997019504021749
1767174983.270143,5867,combined_score,0.0,0.997019504021749,0.0,-0.997019504021749
1767175006.7245035,5864,combined_score,0.0,0.997019504021749,0.0,-0.997019504021749
1767175051.1200309,5869,combined_score,0.0,0.997019504021749,0.0,-0.997019504021749
1767175056.1930277,5868,combined_score,0.9304869955857046,0.997019504021749,0.9304869955857046,-0.06653250843604441
1767175081.3881743,5870,combined_score,0.0,0.997019504021749,-0.9304869955857046,-0.997019504021749
1767175169.8187745,5866,combined_score,0.0,0.997019504021749,0.0,-0.997019504021749
1767175193.7674477,5871,combined_score,0.0,0.997019504021749,0.0,-0.997019504021749
1767175224.6681554,5873,combined_score,0.9338230176567021,0.997019504021749,0.9338230176567021,-0.06319648636504693
1767175329.5046246,5874,combined_score,0.0,0.997019504021749,-0.9338230176567021,-0.997019504021749
1767175336.4554603,5876,combined_score,0.9624839065513013,0.997019504021749,0.9624839065513013,-0.034535597470447654
1767175388.2355585,5877,combined_score,0.0,0.997019504021749,-0.9624839065513013,-0.997019504021749
1767175404.7708807,5875,combined_score,0.9809407013919119,0.997019504021749,0.9809407013919119,-0.016078802629837075
1767175553.885915,5880,combined_score,0.0,0.997019504021749,-0.9809407013919119,-0.997019504021749
1767175553.9885092,5879,combined_score,0.9794259007160702,0.997019504021749,0.9794259007160702,-0.01759360330567883
1767175572.6406374,5878,combined_score,0.9895754522863138,0.997019504021749,0.010149551570243665,-0.007444051735435164
1767175598.4251566,5881,combined_score,0.0,0.997019504021749,-0.9895754522863138,-0.997019504021749
1767175757.2524807,5885,combined_score,0.0,0.997019504021749,0.0,-0.997019504021749
1767175789.9030175,5883,combined_score,0.9751603141686885,0.997019504021749,0.9751603141686885,-0.021859189853060457
1767175813.2194767,5886,combined_score,0.0,0.997019504021749,-0.9751603141686885,-0.997019504021749
1767175901.1856978,5888,combined_score,0.0,0.997019504021749,0.0,-0.997019504021749
1767175915.7679741,5884,combined_score,0.0,0.997019504021749,0.0,-0.997019504021749
1767175917.048814,5882,combined_score,0.0,0.997019504021749,0.0,-0.997019504021749
1767175979.3923366,5887,combined_score,0.0,0.997019504021749,0.0,-0.997019504021749
1767176008.9222407,5890,combined_score,0.0,0.997019504021749,0.0,-0.997019504021749
1767176061.0664237,5891,combined_score,0.0,0.997019504021749,0.0,-0.997019504021749
1767176178.2251487,5889,combined_score,0.997019504021749,0.997019504021749,0.997019504021749,0.0
1767176189.3804832,5892,combined_score,0.0,0.997019504021749,-0.997019504021749,-0.997019504021749
1767176213.5944126,5893,combined_score,0.9865598000296028,0.997019504021749,0.9865598000296028,-0.010459703992146241
1767176282.755227,5894,combined_score,0.9879456854705474,0.997019504021749,0.0013858854409446453,-0.009073818551201596
1767176332.2311785,5898,combined_score,0.0,0.997019504021749,-0.9879456854705474,-0.997019504021749
1767176339.231306,5897,combined_score,0.935718031769589,0.997019504021749,0.935718031769589,-0.06130147225215998
1767176361.3673797,5895,combined_score,0.9816713055091799,0.997019504021749,0.045953273739590905,-0.015348198512569078
1767176391.7097273,5896,combined_score,0.9842873207323154,0.997019504021749,0.0026160152231354816,-0.012732183289433596
1767176422.254806,5900,combined_score,0.0,0.997019504021749,-0.9842873207323154,-0.997019504021749
1767176488.947954,5903,combined_score,0.0,0.997019504021749,0.0,-0.997019504021749
1767176556.805935,5902,combined_score,0.972386184344568,0.997019504021749,0.972386184344568,-0.024633319677180965
1767176597.4007366,5899,combined_score,0.9827898892405049,0.997019504021749,0.010403704895936894,-0.014229614781244071
1767176608.3870523,5901,combined_score,0.0,0.997019504021749,-0.9827898892405049,-0.997019504021749
1767176667.6115632,5904,combined_score,0.9808988643258333,0.997019504021749,0.9808988643258333,-0.016120639695915706
1767176763.4083955,5905,combined_score,0.9741307867488366,0.997019504021749,-0.006768077576996712,-0.022888717272912418
1767176764.485162,5906,combined_score,0.0,0.997019504021749,-0.9741307867488366,-0.997019504021749
1767176812.618655,5907,combined_score,0.9772823267115709,0.997019504021749,0.9772823267115709,-0.0197371773101781
1767176832.3632567,5908,combined_score,0.9751207726297376,0.997019504021749,-0.0021615540818332724,-0.021898731392011372
1767176923.3607337,5909,combined_score,0.0,0.997019504021749,-0.9751207726297376,-0.997019504021749
1767177045.7403333,5910,combined_score,0.0,0.997019504021749,0.0,-0.997019504021749
1767177051.429321,5911,combined_score,0.969810427746595,0.997019504021749,0.969810427746595,-0.02720907627515401
1767177145.612715,5913,combined_score,0.9722452942016504,0.997019504021749,0.0024348664550554178,-0.02477420982009859
1767177193.7062082,5912,combined_score,0.0,0.997019504021749,-0.9722452942016504,-0.997019504021749
1767177201.7996943,5915,combined_score,0.0,0.997019504021749,0.0,-0.997019504021749
1767177211.9981956,5914,combined_score,0.0,0.997019504021749,0.0,-0.997019504021749
1767177286.3919952,5917,combined_score,0.0,0.997019504021749,0.0,-0.997019504021749
1767177361.1944382,5919,combined_score,0.0,0.997019504021749,0.0,-0.997019504021749
1767177384.212104,5916,combined_score,0.980771939397081,0.997019504021749,0.980771939397081,-0.01624756462466803
1767177426.6124833,5918,combined_score,0.9827600078408643,0.997019504021749,0.0019880684437832974,-0.014259496180884734
1767177507.0892937,5920,combined_score,0.9773330480464546,0.997019504021749,-0.005426959794409658,-0.019686455975294392
1767177531.3471851,5921,combined_score,0.9755961614162688,0.997019504021749,-0.0017368866301857855,-0.021423342605480178
1767177584.916154,5922,combined_score,0.9660789588677134,0.997019504021749,-0.00951720254855537,-0.030940545154035548
1767177637.9512532,5923,combined_score,0.9865160742146701,0.997019504021749,0.02043711534695669,-0.010503429807078857
1767177685.0069957,5927,combined_score,0.0,0.997019504021749,-0.9865160742146701,-0.997019504021749
1767177693.4537091,5925,combined_score,0.9786687338324588,0.997019504021749,0.9786687338324588,-0.01835077018929021
1767177713.6234827,5926,combined_score,0.8079725661957653,0.997019504021749,-0.17069616763669349,-0.1890469378259837
1767177734.512703,5924,combined_score,0.9788336183800225,0.997019504021749,0.17086105218425718,-0.018185885641726518
1767177822.3966413,5928,combined_score,0.9406477822152236,0.997019504021749,-0.03818583616479887,-0.05637172180652539
1767177885.0085666,5931,combined_score,0.8924801945290107,0.997019504021749,-0.048167587686212876,-0.10453930949273826
1767177916.9450376,5929,combined_score,0.9767325109748183,0.997019504021749,0.08425231644580755,-0.020286993046930712
1767177983.0755167,5932,combined_score,0.0,0.997019504021749,-0.9767325109748183,-0.997019504021749
1767177983.4546642,5930,combined_score,0.9769187665731447,0.997019504021749,0.9769187665731447,-0.0201007374486043
1767178069.403151,5934,combined_score,0.0,0.997019504021749,-0.9769187665731447,-0.997019504021749
1767178165.0644987,5936,combined_score,0.0,0.997019504021749,0.0,-0.997019504021749
1767178235.658995,5937,combined_score,0.9270326888842736,0.997019504021749,0.9270326888842736,-0.0699868151374754
1767178259.5633125,5935,combined_score,0.997019504021749,0.997019504021749,0.0699868151374754,0.0
1767178330.2527006,5933,combined_score,0.0,0.997019504021749,-0.997019504021749,-0.997019504021749
1767178383.274463,5940,combined_score,0.0,0.997019504021749,0.0,-0.997019504021749
1767178409.8304513,5939,combined_score,0.9666716285721627,0.997019504021749,0.9666716285721627,-0.03034787544958628
1767178501.536902,5941,combined_score,0.9851265189030356,0.997019504021749,0.018454890330872886,-0.011892985118713395
1767178600.9049182,5942,combined_score,0.997019504021749,0.997019504021749,0.011892985118713395,0.0
1767178602.7530882,5944,combined_score,0.0,0.997019504021749,-0.997019504021749,-0.997019504021749
1767178610.3816597,5943,combined_score,0.0,0.997019504021749,0.0,-0.997019504021749
1767178695.4741457,5945,combined_score,0.9668023648637448,0.997019504021749,0.9668023648637448,-0.03021713915800417
1767178738.4069266,5949,combined_score,0.0,0.997019504021749,-0.9668023648637448,-0.997019504021749
1767178765.9648292,5946,combined_score,0.9895834412915273,0.997019504021749,0.9895834412915273,-0.007436062730221682
1767178794.0220942,5947,combined_score,0.982761755090908,0.997019504021749,-0.006821686200619292,-0.014257748930840974
1767178837.9998887,5950,combined_score,0.0,0.997019504021749,-0.982761755090908,-0.997019504021749
1767178949.3855913,5951,combined_score,0.9816153904281775,0.997019504021749,0.9816153904281775,-0.015404113593571522
1767178976.4439366,5952,combined_score,0.0,0.997019504021749,-0.9816153904281775,-0.997019504021749
1767178989.20768,5953,combined_score,0.9715736657618315,0.997019504021749,0.9715736657618315,-0.02544583825991753
1767179051.890281,5954,combined_score,0.9843758578397179,0.997019504021749,0.012802192077886465,-0.012643646182031065
1767179096.7186882,5955,combined_score,0.0,0.997019504021749,-0.9843758578397179,-0.997019504021749
1767179170.516664,5959,combined_score,0.0,0.997019504021749,0.0,-0.997019504021749
1767179218.5047114,5957,combined_score,0.9950964454964057,0.997019504021749,0.9950964454964057,-0.0019230585253432464
1767179239.5741918,5956,combined_score,0.9746242972672813,0.997019504021749,-0.020472148229124465,-0.02239520675446771
1767179337.3575487,5960,combined_score,0.0,0.997019504021749,-0.9746242972672813,-0.997019504021749
1767179433.5608094,5961,combined_score,0.9782904835870548,0.997019504021749,0.9782904835870548,-0.018729020434694155
1767179451.4620626,5962,combined_score,0.9721721832240171,0.997019504021749,-0.006118300363037732,-0.024847320797731887
1767179486.7957933,5958,combined_score,0.0,0.997019504021749,-0.9721721832240171,-0.997019504021749
1767179544.1740685,5966,combined_score,0.0,0.997019504021749,0.0,-0.997019504021749
1767179683.745816,5965,combined_score,0.989708237198743,0.997019504021749,0.989708237198743,-0.00731126682300598
1767179691.405984,5964,combined_score,0.9961366699248196,0.997019504021749,0.006428432726076627,-0.0008828340969293524
1767179766.074643,5967,combined_score,0.985135166779705,0.997019504021749,-0.01100150314511461,-0.011884337242043963
1767179771.2156157,5963,combined_score,0.0,0.997019504021749,-0.985135166779705,-0.997019504021749
1767179831.3605375,5970,combined_score,0.0,0.997019504021749,0.0,-0.997019504021749
1767179880.7847056,5968,combined_score,0.977018810969179,0.997019504021749,0.977018810969179,-0.020000693052570018
1767179906.8228722,5969,combined_score,0.9864339330048293,0.997019504021749,0.009415122035650314,-0.010585571016919704
1767179913.9911015,5972,combined_score,0.8694208677840454,0.997019504021749,-0.11701306522078392,-0.12759863623770362
1767179916.5891902,5971,combined_score,0.0,0.997019504021749,-0.8694208677840454,-0.997019504021749
1767180081.8847296,5973,combined_score,0.9888751588305673,0.997019504021749,0.9888751588305673,-0.008144345191181679
1767180083.6016767,5976,combined_score,0.0,0.997019504021749,-0.9888751588305673,-0.997019504021749
1767180122.1083167,5974,combined_score,0.971769798468074,0.997019504021749,0.971769798468074,-0.025249705553675006
1767180138.7726426,5975,combined_score,0.997019504021749,0.997019504021749,0.025249705553675006,0.0
1767180193.8190973,5977,combined_score,0.9804376056165659,0.997019504021749,-0.016581898405183093,-0.016581898405183093
1767180332.1808493,5980,combined_score,0.0,0.997019504021749,-0.9804376056165659,-0.997019504021749
1767180522.0396929,5978,combined_score,0.0,0.997019504021749,0.0,-0.997019504021749
1767180538.1997013,5979,combined_score,0.0,0.997019504021749,0.0,-0.997019504021749
1767180560.188082,5982,combined_score,0.9803927030806279,0.997019504021749,0.9803927030806279,-0.016626800941121123
1767180624.3363075,5981,combined_score,0.0,0.997019504021749,-0.9803927030806279,-0.997019504021749
1767180710.7198853,5985,combined_score,0.0,0.997019504021749,0.0,-0.997019504021749
1767180767.973566,5984,combined_score,0.0,0.997019504021749,0.0,-0.997019504021749
1767180910.9708498,5987,combined_score,0.9728962175510726,0.997019504021749,0.9728962175510726,-0.02412328647067641
1767180964.1848764,5983,combined_score,0.0,0.997019504021749,-0.9728962175510726,-0.997019504021749
1767180988.4369311,5988,combined_score,0.9636284591959129,0.997019504021749,0.9636284591959129,-0.0333910448258361
1767181063.6502068,5986,combined_score,0.0,0.997019504021749,-0.9636284591959129,-0.997019504021749
1767181172.4453087,5990,combined_score,0.9727318233039461,0.997019504021749,0.9727318233039461,-0.02428768071780285
1767181190.640789,5989,combined_score,0.0,0.997019504021749,-0.9727318233039461,-0.997019504021749
1767181224.8420043,5991,combined_score,0.993491146828389,0.997019504021749,0.993491146828389,-0.0035283571933599767
1767181242.3136919,5994,combined_score,0.0,0.997019504021749,-0.993491146828389,-0.997019504021749
1767181268.9344027,5992,combined_score,0.9726903413934309,0.997019504021749,0.9726903413934309,-0.02432916262831808
1767181368.0875874,5993,combined_score,0.9678625793863253,0.997019504021749,-0.004827762007105663,-0.029156924635423742
1767181446.5976517,5995,combined_score,0.9688417515467552,0.997019504021749,0.0009791721604299752,-0.028177752474993767
1767181470.14432,5997,combined_score,0.9830670086245777,0.997019504021749,0.014225257077822517,-0.01395249539717125
1767181554.233178,5998,combined_score,0.9663673560416319,0.997019504021749,-0.016699652582945812,-0.03065214798011706
1767181652.884272,5999,combined_score,0.9828128640457479,0.997019504021749,0.016445508004115927,-0.014206639976001134
1767181708.689687,5996,combined_score,0.0,0.997019504021749,-0.9828128640457479,-0.997019504021749
1767181783.7453034,6001,combined_score,0.9807397869467671,0.997019504021749,0.9807397869467671,-0.01627971707498188
1767181851.080472,6002,combined_score,0.0,0.997019504021749,-0.9807397869467671,-0.997019504021749
1767181903.2137384,6003,combined_score,0.9828128640457479,0.997019504021749,0.9828128640457479,-0.014206639976001134
1767181934.835065,6000,combined_score,0.0,0.997019504021749,-0.9828128640457479,-0.997019504021749
1767182075.510228,6005,combined_score,0.997019504021749,0.997019504021749,0.997019504021749,0.0
1767182116.7788646,6007,combined_score,0.980158607789053,0.997019504021749,-0.016860896232696043,-0.016860896232696043
1767182224.3768713,6004,combined_score,0.0,0.997019504021749,-0.980158607789053,-0.997019504021749
1767182265.1979089,6006,combined_score,0.0,0.997019504021749,0.0,-0.997019504021749
1767182356.9646425,6009,combined_score,0.0,0.997019504021749,0.0,-0.997019504021749
1767182414.7961624,6011,combined_score,0.934129550828282,0.997019504021749,0.934129550828282,-0.06288995319346702
1767182430.8497636,6010,combined_score,0.9849263886207595,0.997019504021749,0.05079683779247757,-0.012093115400989451
1767182488.4924557,6008,combined_score,0.0,0.997019504021749,-0.9849263886207595,-0.997019504021749
1767182632.4819484,6013,combined_score,0.9752846561920934,0.997019504021749,0.9752846561920934,-0.021734847829655624
1767182649.35476,6014,combined_score,0.9833732391289142,0.997019504021749,0.008088582936820798,-0.013646264892834825
1767182657.2229304,6012,combined_score,0.0,0.997019504021749,-0.9833732391289142,-0.997019504021749
1767182710.809523,6017,combined_score,0.0,0.997019504021749,0.0,-0.997019504021749
1767182713.3719282,6015,combined_score,0.0,0.997019504021749,0.0,-0.997019504021749
1767182787.9730816,6016,combined_score,0.0,0.997019504021749,0.0,-0.997019504021749
1767182859.1344295,6018,combined_score,0.982719260936715,0.997019504021749,0.982719260936715,-0.01430024308503397
1767182906.8151221,6020,combined_score,0.9785435930656774,0.997019504021749,-0.004175667871037625,-0.018475910956071595
1767182908.961868,6022,combined_score,0.0,0.997019504021749,-0.9785435930656774,-0.997019504021749
1767182963.343991,6021,combined_score,0.0,0.997019504021749,0.0,-0.997019504021749
1767183077.1357486,6023,combined_score,0.0,0.997019504021749,0.0,-0.997019504021749
1767183126.036243,6026,combined_score,0.0,0.997019504021749,0.0,-0.997019504021749
1767183136.5251362,6024,combined_score,0.9900821813178731,0.997019504021749,0.9900821813178731,-0.0069373227038759255
1767183169.6425602,6019,combined_score,0.0,0.997019504021749,-0.9900821813178731,-0.997019504021749
1767183201.9188688,6025,combined_score,0.981286341364379,0.997019504021749,0.981286341364379,-0.015733162657370015
1767183222.2293742,6029,combined_score,0.0,0.997019504021749,-0.981286341364379,-0.997019504021749
1767183290.117888,6027,combined_score,0.9805902586268034,0.997019504021749,0.9805902586268034,-0.016429245394945613
1767183363.7068975,6028,combined_score,0.937080058915771,0.997019504021749,-0.04351019971103243,-0.05993944510597804
1767183364.0158956,6030,combined_score,0.9771545538212271,0.997019504021749,0.040074494905456115,-0.019864950200521925
1767183452.4077177,6031,combined_score,0.0,0.997019504021749,-0.9771545538212271,-0.997019504021749
1767183488.0389867,6032,combined_score,0.9799607764270736,0.997019504021749,0.9799607764270736,-0.017058727594675416
1767183574.5321262,6034,combined_score,0.0,0.997019504021749,-0.9799607764270736,-0.997019504021749
1767183592.5511985,6033,combined_score,0.9785887338206692,0.997019504021749,0.9785887338206692,-0.01843077020107975
1767183697.9008067,6036,combined_score,0.9780667817640052,0.997019504021749,-0.0005219520566640545,-0.018952722257743804
1767183832.5951023,6038,combined_score,0.9735153070409062,0.997019504021749,-0.004551474723099025,-0.02350419698084283
1767183868.7555861,6035,combined_score,0.0,0.997019504021749,-0.9735153070409062,-0.997019504021749
1767183870.4328294,6039,combined_score,0.0,0.997019504021749,0.0,-0.997019504021749
1767183963.9651005,6042,combined_score,0.0,0.997019504021749,0.0,-0.997019504021749
1767183977.4551501,6040,combined_score,0.973036294660121,0.997019504021749,0.973036294660121,-0.02398320936162801
1767183999.5927956,6037,combined_score,0.0,0.997019504021749,-0.973036294660121,-0.997019504021749
1767184062.3000135,6041,combined_score,0.9853152034102782,0.997019504021749,0.9853152034102782,-0.011704300611470764
1767184120.2391768,6044,combined_score,0.9668516482039571,0.997019504021749,-0.018463555206321147,-0.03016785581779191
1767184176.3654985,6045,combined_score,0.0,0.997019504021749,-0.9668516482039571,-0.997019504021749
1767184342.91483,6047,combined_score,0.0,0.997019504021749,0.0,-0.997019504021749
1767184346.5212688,6046,combined_score,0.997019504021749,0.997019504021749,0.997019504021749,0.0
1767184363.3913028,6048,combined_score,0.972451985334001,0.997019504021749,-0.02456751868774798,-0.02456751868774798
1767184368.2004912,6043,combined_score,0.0,0.997019504021749,-0.972451985334001,-0.997019504021749
1767184408.9761367,6051,combined_score,0.0,0.997019504021749,0.0,-0.997019504021749
1767184565.5287173,6049,combined_score,0.9488024218252881,0.997019504021749,0.9488024218252881,-0.048217082196460925
1767184572.7476892,6052,combined_score,0.9831329782630671,0.997019504021749,0.03433055643777905,-0.013886525758681878
1767184625.558105,6050,combined_score,0.0,0.997019504021749,-0.9831329782630671,-0.997019504021749
1767184631.0373418,6054,combined_score,0.0,0.997019504021749,0.0,-0.997019504021749
1767184655.7397332,6056,combined_score,0.5722997580923525,0.997019504021749,0.5722997580923525,-0.42471974592939654
1767184718.9336798,6058,combined_score,0.0,0.997019504021749,-0.5722997580923525,-0.997019504021749
1767184781.2759259,6055,combined_score,0.9603819242771924,0.997019504021749,0.9603819242771924,-0.036637579744556614
1767184813.906932,6057,combined_score,0.9151919461638542,0.997019504021749,-0.045189978113338136,-0.08182755785789475
1767184837.2377388,6053,combined_score,0.0,0.997019504021749,-0.9151919461638542,-0.997019504021749
1767184928.6086392,6059,combined_score,0.0,0.997019504021749,0.0,-0.997019504021749
1767184962.0003743,6061,combined_score,0.9432046852476679,0.997019504021749,0.9432046852476679,-0.05381481877408112
1767185004.6579275,6060,combined_score,0.9768143920328267,0.997019504021749,0.033609706785158844,-0.020205111988922275
1767185066.964349,6062,combined_score,0.0,0.997019504021749,-0.9768143920328267,-0.997019504021749
1767185118.703885,6066,combined_score,0.0,0.997019504021749,0.0,-0.997019504021749
1767185148.6520839,6063,combined_score,0.9797428338613263,0.997019504021749,0.9797428338613263,-0.01727667016042267
1767185205.5796347,6064,combined_score,0.9881072987863857,0.997019504021749,0.008364464925059378,-0.00891220523536329
1767185213.916503,6065,combined_score,0.9679803470187401,0.997019504021749,-0.020126951767645562,-0.029039157003008853
1767185236.4285274,6067,combined_score,0.0,0.997019504021749,-0.9679803470187401,-0.997019504021749
1767185372.186211,6068,combined_score,0.0,0.997019504021749,0.0,-0.997019504021749
1767185391.5498703,6070,combined_score,0.9726802396638916,0.997019504021749,0.9726802396638916,-0.024339264357857382
1767185421.7627764,6069,combined_score,0.9784006278961842,0.997019504021749,0.005720388232292595,-0.018618876125564787
1767185593.190144,6072,combined_score,0.9890875140591564,0.997019504021749,0.010686886162972198,-0.00793198996259259
1767185612.5123487,6073,combined_score,0.9821713357347653,0.997019504021749,-0.006916178324391065,-0.014848168286983654
1767185626.881275,6074,combined_score,0.965089407278178,0.997019504021749,-0.017081928456587292,-0.031930096743570946
1767185689.0496674,6071,combined_score,0.0,0.997019504021749,-0.965089407278178,-0.997019504021749
1767185789.5557008,6076,combined_score,0.973036294660121,0.997019504021749,0.973036294660121,-0.02398320936162801
1767185791.9701743,6077,combined_score,0.0,0.997019504021749,-0.973036294660121,-0.997019504021749
1767185825.4734342,6075,combined_score,0.9754828935261137,0.997019504021749,0.9754828935261137,-0.021536610495635267
1767185939.6820178,6078,combined_score,0.9783185630360997,0.997019504021749,0.0028356695099859275,-0.01870094098564934
1767185983.8653371,6081,combined_score,0.9628757831461208,0.997019504021749,-0.015442779889978886,-0.034143720875628225
1767186017.971629,6080,combined_score,0.9378983013056029,0.997019504021749,-0.024977481840517846,-0.05912120271614607
1767186159.733151,6082,combined_score,0.9775742803201769,0.997019504021749,0.03967597901457398,-0.01944522370157209
1767186227.4528253,6079,combined_score,0.0,0.997019504021749,-0.9775742803201769,-0.997019504021749
1767186347.4387548,6085,combined_score,0.0,0.997019504021749,0.0,-0.997019504021749
1767186356.8463955,6086,combined_score,0.9757754335418851,0.997019504021749,0.9757754335418851,-0.021244070479863875
1767186397.748845,6088,combined_score,0.0,0.997019504021749,-0.9757754335418851,-0.997019504021749
1767186419.1131337,6083,combined_score,0.0,0.997019504021749,0.0,-0.997019504021749
1767186464.6452718,6084,combined_score,0.0,0.997019504021749,0.0,-0.997019504021749
1767186475.6666117,6090,combined_score,0.0,0.997019504021749,0.0,-0.997019504021749
1767186529.5140681,6092,combined_score,0.0,0.997019504021749,0.0,-0.997019504021749
1767186577.252924,6089,combined_score,0.9881744319362805,0.997019504021749,0.9881744319362805,-0.008845072085468475
1767186600.6662745,6087,combined_score,0.0,0.997019504021749,-0.9881744319362805,-0.997019504021749
1767186627.8370256,6091,combined_score,0.0,0.997019504021749,0.0,-0.997019504021749
1767186710.3567374,6093,combined_score,0.0,0.997019504021749,0.0,-0.997019504021749
1767186744.8140533,6095,combined_score,0.0,0.997019504021749,0.0,-0.997019504021749
1767186751.2314386,6096,combined_score,0.945436928377873,0.997019504021749,0.945436928377873,-0.05158257564387603
1767186792.21949,6094,combined_score,0.9816207281742708,0.997019504021749,0.03618379979639785,-0.015398775847478174
1767186877.0622249,6097,combined_score,0.0,0.997019504021749,-0.9816207281742708,-0.997019504021749
1767186882.9154217,6098,combined_score,0.8955660325961861,0.997019504021749,0.8955660325961861,-0.10145347142556294
1767186937.5508695,6099,combined_score,0.9672361700070491,0.997019504021749,0.07167013741086303,-0.029783334014699903
1767187075.8808222,6102,combined_score,0.977171083848497,0.997019504021749,0.009934913841447957,-0.019848420173251946
1767187122.0440278,6103,combined_score,0.9770087455465551,0.997019504021749,-0.00016233830194190002,-0.020010758475193846
1767187232.114879,6104,combined_score,0.8327210899127204,0.997019504021749,-0.14428765563383472,-0.16429841410902857
1767187236.3990057,6100,combined_score,0.0,0.997019504021749,-0.8327210899127204,-0.997019504021749
1767187240.5280223,6101,combined_score,0.0,0.997019504021749,0.0,-0.997019504021749
1767187319.1161816,6105,combined_score,0.0,0.997019504021749,0.0,-0.997019504021749
1767187408.9053319,6108,combined_score,0.9619728825692815,0.997019504021749,0.9619728825692815,-0.03504662145246751
1767187454.3056312,6107,combined_score,0.9876234193646439,0.997019504021749,0.025650536795362444,-0.009396084657105064
1767187505.6441255,6106,combined_score,0.9805363243429707,0.997019504021749,-0.007087095021673262,-0.016483179678778326
1767187532.2765462,6109,combined_score,0.0,0.997019504021749,-0.9805363243429707,-0.997019504021749
1767187583.900868,6110,combined_score,0.9585837531322449,0.997019504021749,0.9585837531322449,-0.03843575088950413
1767187629.291458,6114,combined_score,0.0,0.997019504021749,-0.9585837531322449,-0.997019504021749
1767187685.7774374,6113,combined_score,0.9790898173113908,0.997019504021749,0.9790898173113908,-0.017929686710358217
1767187732.9038794,6116,combined_score,0.0,0.997019504021749,-0.9790898173113908,-0.997019504021749
1767187806.4608226,6115,combined_score,0.9715234702059656,0.997019504021749,0.9715234702059656,-0.02549603381578336
1767187902.55998,6111,combined_score,0.0,0.997019504021749,-0.9715234702059656,-0.997019504021749
1767187928.2798462,6117,combined_score,0.0,0.997019504021749,0.0,-0.997019504021749
1767187939.3753812,6112,combined_score,0.0,0.997019504021749,0.0,-0.997019504021749
1767187961.664341,6118,combined_score,0.0,0.997019504021749,0.0,-0.997019504021749
1767188089.3303838,6119,combined_score,0.9737136338579737,0.997019504021749,0.9737136338579737,-0.023305870163775277
1767188133.4788837,6121,combined_score,0.9788707940641637,0.997019504021749,0.005157160206189948,-0.01814870995758533
1767188137.4120607,6122,combined_score,0.9654226402512802,0.997019504021749,-0.013448153812883445,-0.031596863770468775
1767188237.632711,6120,combined_score,0.0,0.997019504021749,-0.9654226402512802,-0.997019504021749
1767188262.499936,6123,combined_score,0.9817086489381509,0.997019504021749,0.9817086489381509,-0.015310855083598085
1767188268.9300559,6124,combined_score,0.0,0.997019504021749,-0.9817086489381509,-0.997019504021749
1767188296.2021086,6126,combined_score,0.0,0.997019504021749,0.0,-0.997019504021749
1767188371.82864,6125,combined_score,0.9835191769212065,0.997019504021749,0.9835191769212065,-0.013500327100542497
1767188427.00801,6130,combined_score,0.0,0.997019504021749,-0.9835191769212065,-0.997019504021749
1767188459.5311213,6129,combined_score,0.0,0.997019504021749,0.0,-0.997019504021749
1767188492.4615304,6128,combined_score,0.9816364825322481,0.997019504021749,0.9816364825322481,-0.015383021489500881
1767188499.6418252,6127,combined_score,0.9650706274988152,0.997019504021749,-0.016565855033432886,-0.03194887652293377
1767188525.6638134,6132,combined_score,0.0,0.997019504021749,-0.9650706274988152,-0.997019504021749
1767188683.3683443,6135,combined_score,0.0,0.997019504021749,0.0,-0.997019504021749
1767188688.0410123,6133,combined_score,0.9670020483870628,0.997019504021749,0.9670020483870628,-0.030017455634686163
1767188702.5587866,6134,combined_score,0.0,0.997019504021749,-0.9670020483870628,-0.997019504021749
1767188827.1534069,6137,combined_score,0.953906388896244,0.997019504021749,0.953906388896244,-0.043113115125504975
1767188834.528048,6136,combined_score,0.9692853447201559,0.997019504021749,0.01537895582391191,-0.027734159301593064
1767188855.6939552,6131,combined_score,0.0,0.997019504021749,-0.9692853447201559,-0.997019504021749
1767188874.2615159,6138,combined_score,0.9762205929696287,0.997019504021749,0.9762205929696287,-0.020798911052120284
1767188893.803522,6139,combined_score,0.0,0.997019504021749,-0.9762205929696287,-0.997019504021749
1767188962.4382985,6142,combined_score,0.0,0.997019504021749,0.0,-0.997019504021749
1767189022.6676507,6140,combined_score,0.0,0.997019504021749,0.0,-0.997019504021749
1767189037.5588982,6141,combined_score,0.9915687612242515,0.997019504021749,0.9915687612242515,-0.005450742797497465
1767189095.013439,6145,combined_score,0.0,0.997019504021749,-0.9915687612242515,-0.997019504021749
1767189140.2222571,6146,combined_score,0.8122854832132548,0.997019504021749,0.8122854832132548,-0.18473402080849421
1767189152.8003087,6143,combined_score,0.9762104433205158,0.997019504021749,0.163924960107261,-0.02080906070123323
1767189174.7539535,6144,combined_score,0.9782053890521532,0.997019504021749,0.0019949457316373875,-0.01881411496959584
1767189207.7568576,6148,combined_score,0.0,0.997019504021749,-0.9782053890521532,-0.997019504021749
1767189220.1308618,6149,combined_score,0.0,0.997019504021749,0.0,-0.997019504021749
1767189334.7291694,6147,combined_score,0.0,0.997019504021749,0.0,-0.997019504021749
1767189367.0760424,6150,combined_score,0.9607501800294798,0.997019504021749,0.9607501800294798,-0.03626932399226923
1767189411.0012512,6152,combined_score,0.9780655961087769,0.997019504021749,0.017315416079297097,-0.018953907912972134
1767189417.5702329,6151,combined_score,0.9721721832240171,0.997019504021749,-0.005893412884759752,-0.024847320797731887
1767189562.8596606,6153,combined_score,0.9774044339227099,0.997019504021749,0.00523225069869282,-0.019615070099039067
1767189593.0906668,6154,combined_score,0.0,0.997019504021749,-0.9774044339227099,-0.997019504021749
1767189596.7410505,6155,combined_score,0.9729380341155637,0.997019504021749,0.9729380341155637,-0.024081469906185315
1767189615.393158,6157,combined_score,0.0,0.997019504021749,-0.9729380341155637,-0.997019504021749
1767189638.114571,6156,combined_score,0.9855061680610332,0.997019504021749,0.9855061680610332,-0.011513335960715798
1767189669.4393265,6159,combined_score,0.0,0.997019504021749,-0.9855061680610332,-0.997019504021749
1767189692.4217486,6161,combined_score,0.0,0.997019504021749,0.0,-0.997019504021749
1767189850.1063294,6160,combined_score,0.9921568250833493,0.997019504021749,0.9921568250833493,-0.004862678938399645
1767189857.1957614,6163,combined_score,0.0,0.997019504021749,-0.9921568250833493,-0.997019504021749
1767189881.3900602,6162,combined_score,0.9855061680610332,0.997019504021749,0.9855061680610332,-0.011513335960715798
1767189891.1736112,6164,combined_score,0.9807920853213014,0.997019504021749,-0.00471408273973184,-0.016227418700447638
1767190051.8625023,6165,combined_score,0.9899859312060824,0.997019504021749,0.009193845884781005,-0.007033572815666633
1767190061.16086,6166,combined_score,0.0,0.997019504021749,-0.9899859312060824,-0.997019504021749
1767190098.5564957,6168,combined_score,0.9828128640457479,0.997019504021749,0.9828128640457479,-0.014206639976001134
1767190101.7624655,6167,combined_score,0.9626451138090452,0.997019504021749,-0.020167750236702697,-0.03437439021270383
1767190116.2056267,6170,combined_score,0.0,0.997019504021749,-0.9626451138090452,-0.997019504021749
1767190211.2769573,6172,combined_score,0.0,0.997019504021749,0.0,-0.997019504021749
1767190239.1170156,6173,combined_score,0.9352792465087278,0.997019504021749,0.9352792465087278,-0.061740257513021146
1767190253.6274571,6169,combined_score,0.9826370954411691,0.997019504021749,0.047357848932441216,-0.01438240858057993
1767190316.8634758,6171,combined_score,0.9682459825687835,0.997019504021749,-0.014391112872385592,-0.028773521452965523
1767190423.1359885,6174,combined_score,0.997019504021749,0.997019504021749,0.028773521452965523,0.0
1767190459.3662114,6175,combined_score,0.980093252651886,0.997019504021749,-0.016926251369863032,-0.016926251369863032
1767190465.3725421,6177,combined_score,0.9043694527688094,0.997019504021749,-0.07572379988307654,-0.09265005125293957
1767190492.665546,6181,combined_score,0.9562602416680414,0.997019504021749,0.05189078889923193,-0.04075926235370764
1767190500.700693,6178,combined_score,0.9845056574865944,0.997019504021749,0.028245415818553,-0.012513846535154638
1767190507.6694453,6180,combined_score,0.0,0.997019504021749,-0.9845056574865944,-0.997019504021749
1767190521.259011,6179,combined_score,0.9260222086099356,0.997019504021749,0.9260222086099356,-0.07099729541181343
1767190673.062909,6184,combined_score,0.0,0.997019504021749,-0.9260222086099356,-0.997019504021749
1767190676.2920675,6182,combined_score,0.9636481898682915,0.997019504021749,0.9636481898682915,-0.03337131415345751
1767190700.98617,6185,combined_score,0.9724325510463838,0.997019504021749,0.008784361178092337,-0.024586952975365173
1767190725.2395325,6183,combined_score,0.0,0.997019504021749,-0.9724325510463838,-0.997019504021749
1767190780.6927981,6188,combined_score,0.9176597530112253,0.997019504021749,0.9176597530112253,-0.07935975101052373
1767190787.4112086,6186,combined_score,0.9198138647350925,0.997019504021749,0.002154111723867258,-0.07720563928665647
1767190835.273983,6190,combined_score,0.0,0.997019504021749,-0.9198138647350925,-0.997019504021749
1767190868.815149,6192,combined_score,0.0,0.997019504021749,0.0,-0.997019504021749
1767190877.7967672,6187,combined_score,0.9720620885519259,0.997019504021749,0.9720620885519259,-0.024957415469823108
1767190897.6021395,6189,combined_score,0.0,0.997019504021749,-0.9720620885519259,-0.997019504021749
1767190921.7232983,6191,combined_score,0.8245917172847186,0.997019504021749,0.8245917172847186,-0.1724277867370304
1767190987.542497,6194,combined_score,0.9199138545078912,0.997019504021749,0.09532213722317262,-0.07710564951385779
1767191082.845365,6195,combined_score,0.0,0.997019504021749,-0.9199138545078912,-0.997019504021749
1767191090.2860837,6193,combined_score,0.9824412204545081,0.997019504021749,0.9824412204545081,-0.01457828356724089
1767191121.3857427,6199,combined_score,0.0,0.997019504021749,-0.9824412204545081,-0.997019504021749
1767191145.220171,6196,combined_score,0.0,0.997019504021749,0.0,-0.997019504021749
1767191167.7679539,6200,combined_score,0.0,0.997019504021749,0.0,-0.997019504021749
1767191168.2581677,6197,combined_score,0.9793747412455214,0.997019504021749,0.9793747412455214,-0.017644762776227618
1767191217.4106627,6202,combined_score,0.0,0.997019504021749,-0.9793747412455214,-0.997019504021749
1767191279.7053623,6203,combined_score,0.9542028101576001,0.997019504021749,0.9542028101576001,-0.04281669386414888
1767191299.851675,6198,combined_score,0.9873126917489942,0.997019504021749,0.03310988159139405,-0.009706812272754828
1767191306.9820743,6201,combined_score,0.9687087710755914,0.997019504021749,-0.018603920673402774,-0.028310732946157602
1767191401.2461128,6204,combined_score,0.0,0.997019504021749,-0.9687087710755914,-0.997019504021749
1767191471.9292517,6205,combined_score,0.0,0.997019504021749,0.0,-0.997019504021749
1767191490.9892647,6207,combined_score,0.0,0.997019504021749,0.0,-0.997019504021749
1767191499.1284308,6208,combined_score,0.0,0.997019504021749,0.0,-0.997019504021749
1767191508.9036355,6206,combined_score,0.9867046050296109,0.997019504021749,0.9867046050296109,-0.01031489899213811
1767191554.302632,6210,combined_score,0.0,0.997019504021749,-0.9867046050296109,-0.997019504021749
1767191563.8445566,6211,combined_score,0.0,0.997019504021749,0.0,-0.997019504021749
1767191621.669347,6214,combined_score,0.0,0.997019504021749,0.0,-0.997019504021749
1767191639.709373,6209,combined_score,0.9712864862485869,0.997019504021749,0.9712864862485869,-0.02573301777316206
1767191692.9286156,6212,combined_score,0.9415113636910224,0.997019504021749,-0.029775122557564537,-0.055508140330726596
1767191771.0407743,6215,combined_score,0.0,0.997019504021749,-0.9415113636910224,-0.997019504021749
1767191839.2020414,6217,combined_score,0.0,0.997019504021749,0.0,-0.997019504021749
1767191859.1769302,6213,combined_score,0.0,0.997019504021749,0.0,-0.997019504021749
1767191901.724244,6218,combined_score,0.9326945606708347,0.997019504021749,0.9326945606708347,-0.06432494335091432
1767191960.6123078,6219,combined_score,0.8635794803359198,0.997019504021749,-0.06911508033491487,-0.1334400236858292
1767191999.3912919,6220,combined_score,0.0,0.997019504021749,-0.8635794803359198,-0.997019504021749
1767192072.537874,6216,combined_score,0.0,0.997019504021749,0.0,-0.997019504021749
1767192083.0423496,6221,combined_score,0.9856039360233049,0.997019504021749,0.9856039360233049,-0.01141556799844412
1767192129.8725843,6222,combined_score,0.9831078270375105,0.997019504021749,-0.002496108985794332,-0.013911676984238452
1767192188.4098284,6226,combined_score,0.0,0.997019504021749,-0.9831078270375105,-0.997019504021749
1767192234.4972963,6225,combined_score,0.9292023330729487,0.997019504021749,0.9292023330729487,-0.06781717094880024
1767192251.9438677,6224,combined_score,0.9661454734790168,0.997019504021749,0.036943140406068053,-0.03087403054273219
1767192298.2871919,6229,combined_score,0.0,0.997019504021749,-0.9661454734790168,-0.997019504021749
1767192344.2847438,6227,combined_score,0.9805618966954351,0.997019504021749,0.9805618966954351,-0.01645760732631385
1767192431.466474,6223,combined_score,0.0,0.997019504021749,-0.9805618966954351,-0.997019504021749
1767192431.774676,6228,combined_score,0.9824412204545081,0.997019504021749,0.9824412204545081,-0.01457828356724089
1767192509.9968486,6232,combined_score,0.8792804259345128,0.997019504021749,-0.10316079451999527,-0.11773907808723616
1767192525.1352568,6230,combined_score,0.997019504021749,0.997019504021749,0.11773907808723616,0.0
1767192622.8627417,6233,combined_score,0.9707142808729526,0.997019504021749,-0.026305223148796353,-0.026305223148796353
1767192634.0990736,6231,combined_score,0.0,0.997019504021749,-0.9707142808729526,-0.997019504021749
1767192720.1495256,6235,combined_score,0.9288291650951881,0.997019504021749,0.9288291650951881,-0.0681903389265609
1767192747.695306,6234,combined_score,0.9371326066945336,0.997019504021749,0.008303441599345485,-0.059886897327215416
1767192773.8833127,6238,combined_score,0.0,0.997019504021749,-0.9371326066945336,-0.997019504021749
1767192831.5286534,6236,combined_score,0.987116547613271,0.997019504021749,0.987116547613271,-0.009902956408478047
1767192851.629307,6237,combined_score,0.9814180602575301,0.997019504021749,-0.0056984873557408555,-0.015601443764218903
1767192917.6032298,6239,combined_score,0.9864667930963102,0.997019504021749,0.005048732838780157,-0.010552710925438746
1767192996.2799084,6240,combined_score,0.0,0.997019504021749,-0.9864667930963102,-0.997019504021749
1767193037.0143383,6241,combined_score,0.0,0.997019504021749,0.0,-0.997019504021749
1767193041.6590936,6244,combined_score,0.0,0.997019504021749,0.0,-0.997019504021749
1767193088.5422103,6245,combined_score,0.0,0.997019504021749,0.0,-0.997019504021749
1767193113.5108297,6242,combined_score,0.0,0.997019504021749,0.0,-0.997019504021749
1767193140.4420877,6243,combined_score,0.9790060590695189,0.997019504021749,0.9790060590695189,-0.018013444952230118
1767193241.2374055,6246,combined_score,0.0,0.997019504021749,-0.9790060590695189,-0.997019504021749
1767193304.779363,6249,combined_score,0.9616359771009552,0.997019504021749,0.9616359771009552,-0.03538352692079383
1767193382.7447379,6251,combined_score,0.0,0.997019504021749,-0.9616359771009552,-0.997019504021749
1767193384.111654,6250,combined_score,0.0,0.997019504021749,0.0,-0.997019504021749
1767193534.183856,6247,combined_score,0.0,0.997019504021749,0.0,-0.997019504021749
1767193556.0572038,6248,combined_score,0.0,0.997019504021749,0.0,-0.997019504021749
1767193621.1542387,6252,combined_score,0.9776180110144305,0.997019504021749,0.9776180110144305,-0.019401493007318527
1767193639.023838,6253,combined_score,0.0,0.997019504021749,-0.9776180110144305,-0.997019504021749
1767193676.3425026,6256,combined_score,0.0,0.997019504021749,0.0,-0.997019504021749
1767193783.5025733,6255,combined_score,0.0,0.997019504021749,0.0,-0.997019504021749
1767193817.1233978,6258,combined_score,0.9755156866463464,0.997019504021749,0.9755156866463464,-0.021503817375402634
1767193915.9491868,6257,combined_score,0.997019504021749,0.997019504021749,0.021503817375402634,0.0
1767193921.1078951,6254,combined_score,0.0,0.997019504021749,-0.997019504021749,-0.997019504021749
1767193955.398506,6261,combined_score,0.0,0.997019504021749,0.0,-0.997019504021749
1767193972.0493555,6262,combined_score,0.0,0.997019504021749,0.0,-0.997019504021749
1767193995.9355545,6259,combined_score,0.9772777697989599,0.997019504021749,0.9772777697989599,-0.01974173422278913
1767194035.275538,6260,combined_score,0.0,0.997019504021749,-0.9772777697989599,-0.997019504021749
1767194141.715174,6265,combined_score,0.0,0.997019504021749,0.0,-0.997019504021749
1767194157.937088,6263,combined_score,0.0,0.997019504021749,0.0,-0.997019504021749
1767194160.5098555,6264,combined_score,0.9758906878189527,0.997019504021749,0.9758906878189527,-0.021128816202796274
1767194194.3957255,6269,combined_score,0.0,0.997019504021749,-0.9758906878189527,-0.997019504021749
1767194258.7628942,6270,combined_score,0.0,0.997019504021749,0.0,-0.997019504021749
1767194462.3291385,6266,combined_score,0.0,0.997019504021749,0.0,-0.997019504021749
1767194591.2740958,6268,combined_score,0.0,0.997019504021749,0.0,-0.997019504021749
1767194605.587189,6267,combined_score,0.0,0.997019504021749,0.0,-0.997019504021749
1767194641.7551732,6272,combined_score,0.9832472294808827,0.997019504021749,0.9832472294808827,-0.01377227454086627
1767194695.79343,6271,combined_score,0.0,0.997019504021749,-0.9832472294808827,-0.997019504021749
1767194776.3947248,6276,combined_score,0.0,0.997019504021749,0.0,-0.997019504021749
1767194842.9785602,6273,combined_score,0.0,0.997019504021749,0.0,-0.997019504021749
1767194868.678912,6275,combined_score,0.9471818595248268,0.997019504021749,0.9471818595248268,-0.049837644496922184
1767194920.0714152,6279,combined_score,0.0,0.997019504021749,-0.9471818595248268,-0.997019504021749
1767194928.1468906,6274,combined_score,0.0,0.997019504021749,0.0,-0.997019504021749
1767194981.6077168,6277,combined_score,0.9869129558448027,0.997019504021749,0.9869129558448027,-0.01010654817694634
1767195104.0096948,6280,combined_score,0.9870991722610555,0.997019504021749,0.0001862164162528268,-0.009920331760693513
1767195165.8618186,6281,combined_score,0.9755907826641284,0.997019504021749,-0.011508389596927127,-0.02142872135762064
1767195201.5455844,6283,combined_score,0.9395903930239052,0.997019504021749,-0.03600038964022312,-0.05742911099784376
1767195312.7338777,6282,combined_score,0.0,0.997019504021749,-0.9395903930239052,-0.997019504021749
1767195334.2104292,6284,combined_score,0.0,0.997019504021749,0.0,-0.997019504021749
1767195345.6263387,6285,combined_score,0.0,0.997019504021749,0.0,-0.997019504021749
1767195364.0756905,6278,combined_score,0.997019504021749,0.997019504021749,0.997019504021749,0.0
1767195402.030032,6288,combined_score,0.0,0.997019504021749,-0.997019504021749,-0.997019504021749
1767195470.5651498,6286,combined_score,0.0,0.997019504021749,0.0,-0.997019504021749
1767195502.7738633,6290,combined_score,0.9563984978265962,0.997019504021749,0.9563984978265962,-0.04062100619515274
1767195518.1686206,6289,combined_score,0.0,0.997019504021749,-0.9563984978265962,-0.997019504021749
1767195565.8752985,6293,combined_score,0.0,0.997019504021749,0.0,-0.997019504021749
1767195570.7226324,6291,combined_score,0.9078707284387273,0.997019504021749,0.9078707284387273,-0.0891487755830217
1767195712.396543,6295,combined_score,0.9486734976566874,0.997019504021749,0.04080276921796011,-0.04834600636506159
1767195731.8266408,6294,combined_score,0.9832601391616926,0.997019504021749,0.03458664150500523,-0.013759364860056356
1767195735.8759115,6287,combined_score,0.0,0.997019504021749,-0.9832601391616926,-0.997019504021749
1767195918.7234108,6296,combined_score,0.9469005416316901,0.997019504021749,0.9469005416316901,-0.05011896239005886
1767195933.9861445,6292,combined_score,0.0,0.997019504021749,-0.9469005416316901,-0.997019504021749
1767195940.844549,6297,combined_score,0.9719332753162546,0.997019504021749,0.9719332753162546,-0.025086228705494373
1767195975.0069013,6299,combined_score,0.0,0.997019504021749,-0.9719332753162546,-0.997019504021749
1767196006.5310085,6298,combined_score,0.9690560194828405,0.997019504021749,0.9690560194828405,-0.027963484538908512
1767196174.4278872,6301,combined_score,0.9418494020343939,0.997019504021749,-0.027206617448446546,-0.05517010198735506
1767196175.5755107,6303,combined_score,0.0,0.997019504021749,-0.9418494020343939,-0.997019504021749
1767196194.3999698,6302,combined_score,0.9810126256761171,0.997019504021749,0.9810126256761171,-0.01600687834563186
1767196228.9168155,6300,combined_score,0.0,0.997019504021749,-0.9810126256761171,-0.997019504021749
1767196336.353016,6306,combined_score,0.9364591567524311,0.997019504021749,0.9364591567524311,-0.060560347269317916
1767196381.3318498,6307,combined_score,0.9742635500712815,0.997019504021749,0.03780439331885044,-0.022755953950467478
1767196393.9258256,6305,combined_score,0.9740985175791645,0.997019504021749,-0.0001650324921169677,-0.022920986442584446
1767196394.458185,6304,combined_score,0.0,0.997019504021749,-0.9740985175791645,-0.997019504021749
1767196400.7248666,6308,combined_score,0.0,0.997019504021749,0.0,-0.997019504021749
1767196516.751998,6310,combined_score,0.9319563794052271,0.997019504021749,0.9319563794052271,-0.06506312461652186
1767196538.5743434,6309,combined_score,0.0,0.997019504021749,-0.9319563794052271,-0.997019504021749
1767196568.7521992,6313,combined_score,0.7971402570097973,0.997019504021749,0.7971402570097973,-0.1998792470119517
1767196592.0743263,6314,combined_score,0.0,0.997019504021749,-0.7971402570097973,-0.997019504021749
1767196607.5477467,6311,combined_score,0.9815955865125199,0.997019504021749,0.9815955865125199,-0.015423917509229113
1767196627.6407623,6315,combined_score,0.0,0.997019504021749,-0.9815955865125199,-0.997019504021749
1767196628.0633295,6312,combined_score,0.9717634253614703,0.997019504021749,0.9717634253614703,-0.02525607866027868
1767196827.5121872,6318,combined_score,0.0,0.997019504021749,-0.9717634253614703,-0.997019504021749
1767196832.1885436,6317,combined_score,0.0,0.997019504021749,0.0,-0.997019504021749
1767196874.2123837,6316,combined_score,0.0,0.997019504021749,0.0,-0.997019504021749
1767196883.5559692,6320,combined_score,0.0,0.997019504021749,0.0,-0.997019504021749
1767196892.5776372,6319,combined_score,0.997019504021749,0.997019504021749,0.997019504021749,0.0
1767196923.4912589,6322,combined_score,0.0,0.997019504021749,-0.997019504021749,-0.997019504021749
1767197099.3834202,6324,combined_score,0.9842748372205804,0.997019504021749,0.9842748372205804,-0.012744666801168592
1767197132.9299786,6325,combined_score,0.9711455011267565,0.997019504021749,-0.01312933609382394,-0.02587400289499253
1767197157.1388385,6323,combined_score,0.9778953306835719,0.997019504021749,0.006749829556815468,-0.019124173338177064
1767197200.3879163,6328,combined_score,0.0,0.997019504021749,-0.9778953306835719,-0.997019504021749
1767197261.0322714,6327,combined_score,0.9277323341845691,0.997019504021749,0.9277323341845691,-0.06928716983717986
1767197268.4790878,6321,combined_score,0.0,0.997019504021749,-0.9277323341845691,-0.997019504021749
1767197291.103664,6326,combined_score,0.9347117786282737,0.997019504021749,0.9347117786282737,-0.06230772539347529
1767197450.8264177,6331,combined_score,0.9893796121511826,0.997019504021749,0.05466783352290894,-0.007639891870566351
1767197474.2856655,6332,combined_score,0.9815405439691528,0.997019504021749,-0.00783906818202984,-0.015478960052596191
1767197484.147482,6333,combined_score,0.0,0.997019504021749,-0.9815405439691528,-0.997019504021749
1767197627.820481,6329,combined_score,0.0,0.997019504021749,0.0,-0.997019504021749
1767197684.7677171,6330,combined_score,0.0,0.997019504021749,0.0,-0.997019504021749
1767197750.30248,6334,combined_score,0.997019504021749,0.997019504021749,0.997019504021749,0.0
1767197913.5436199,6335,combined_score,0.0,0.997019504021749,-0.997019504021749,-0.997019504021749
1767197939.9639282,6337,combined_score,0.0,0.997019504021749,0.0,-0.997019504021749
1767197953.2703316,6338,combined_score,0.9779771746200887,0.997019504021749,0.9779771746200887,-0.019042329401660285
1767197959.2410655,6339,combined_score,0.0,0.997019504021749,-0.9779771746200887,-0.997019504021749
1767197997.1777925,6341,combined_score,0.0,0.997019504021749,0.0,-0.997019504021749
1767198062.5110276,6336,combined_score,0.0,0.997019504021749,0.0,-0.997019504021749
1767198074.4306552,6340,combined_score,0.0,0.997019504021749,0.0,-0.997019504021749
1767198115.35425,6345,combined_score,0.0,0.997019504021749,0.0,-0.997019504021749
1767198163.5503175,6342,combined_score,0.0,0.997019504021749,0.0,-0.997019504021749
1767198187.8201842,6344,combined_score,0.9250246447597693,0.997019504021749,0.9250246447597693,-0.07199485926197968
1767198209.022463,6347,combined_score,0.0,0.997019504021749,-0.9250246447597693,-0.997019504021749
1767198217.6193478,6343,combined_score,0.0,0.997019504021749,0.0,-0.997019504021749
1767198316.219144,6346,combined_score,0.9745703300703185,0.997019504021749,0.9745703300703185,-0.022449173951430534
1767198354.5018644,6350,combined_score,0.0,0.997019504021749,-0.9745703300703185,-0.997019504021749
1767198367.8688657,6351,combined_score,0.0,0.997019504021749,0.0,-0.997019504021749
1767198384.8834357,6348,combined_score,0.9807440903159956,0.997019504021749,0.9807440903159956,-0.01627541370575336
1767198395.417675,6349,combined_score,0.9030190653078305,0.997019504021749,-0.07772502500816514,-0.0940004387139185
1767198452.070358,6355,combined_score,0.0,0.997019504021749,-0.9030190653078305,-0.997019504021749
1767198491.4862354,6356,combined_score,0.0,0.997019504021749,0.0,-0.997019504021749
1767198529.20114,6352,combined_score,0.9297907911409151,0.997019504021749,0.9297907911409151,-0.06722871288083387
1767198550.4644897,6353,combined_score,0.9863043462620534,0.997019504021749,0.056513555121138315,-0.01071515775969556
1767198584.0609167,6358,combined_score,0.0,0.997019504021749,-0.9863043462620534,-0.997019504021749
1767198595.895854,6354,combined_score,0.0,0.997019504021749,0.0,-0.997019504021749
1767198627.4388316,6361,combined_score,0.0,0.997019504021749,0.0,-0.997019504021749
1767198678.4355772,6357,combined_score,0.9801971709694033,0.997019504021749,0.9801971709694033,-0.016822333052345706
1767198686.4476707,6359,combined_score,0.0,0.997019504021749,-0.9801971709694033,-0.997019504021749
1767198750.0971634,6363,combined_score,0.8526667939765923,0.997019504021749,0.8526667939765923,-0.1443527100451567
1767198755.181424,6364,combined_score,0.0,0.997019504021749,-0.8526667939765923,-0.997019504021749
1767198823.2420247,6366,combined_score,0.9154566014805724,0.997019504021749,0.9154566014805724,-0.0815629025411766
1767198904.0018246,6362,combined_score,0.0,0.997019504021749,-0.9154566014805724,-0.997019504021749
1767198988.4411647,6367,combined_score,0.9791090196428275,0.997019504021749,0.9791090196428275,-0.01791048437892151
1767199057.3073764,6360,combined_score,0.0,0.997019504021749,-0.9791090196428275,-0.997019504021749
1767199095.4896052,6368,combined_score,0.979475308466374,0.997019504021749,0.979475308466374,-0.01754419555537501
1767199139.9268377,6371,combined_score,0.0,0.997019504021749,-0.979475308466374,-0.997019504021749
1767199146.2300272,6369,combined_score,0.0,0.997019504021749,0.0,-0.997019504021749
1767199218.8286881,6365,combined_score,0.0,0.997019504021749,0.0,-0.997019504021749
1767199321.596029,6370,combined_score,0.9763292314323867,0.997019504021749,0.9763292314323867,-0.02069027258936229
1767199338.7539861,6373,combined_score,0.0,0.997019504021749,-0.9763292314323867,-0.997019504021749
1767199364.1775773,6372,combined_score,0.997019504021749,0.997019504021749,0.997019504021749,0.0
1767199439.030676,6378,combined_score,0.0,0.997019504021749,-0.997019504021749,-0.997019504021749
1767199460.6586754,6375,combined_score,0.9753294684123273,0.997019504021749,0.9753294684123273,-0.02169003560942173
1767199520.2265003,6379,combined_score,0.0,0.997019504021749,-0.9753294684123273,-0.997019504021749
1767199537.3281386,6376,combined_score,0.9832289021593341,0.997019504021749,0.9832289021593341,-0.013790601862414875
1767199687.3441634,6380,combined_score,0.0,0.997019504021749,-0.9832289021593341,-0.997019504021749
1767199716.006086,6382,combined_score,0.9841030054115392,0.997019504021749,0.9841030054115392,-0.012916498610209826
1767199774.7996113,6377,combined_score,0.0,0.997019504021749,-0.9841030054115392,-0.997019504021749
1767199864.3772178,6384,combined_score,0.0,0.997019504021749,0.0,-0.997019504021749
1767199873.7214994,6383,combined_score,0.9733165204427504,0.997019504021749,0.9733165204427504,-0.023702983578998582
1767199919.9248729,6381,combined_score,0.0,0.997019504021749,-0.9733165204427504,-0.997019504021749
1767199992.6303513,6386,combined_score,0.0,0.997019504021749,0.0,-0.997019504021749
1767199995.1758385,6385,combined_score,0.9327806609251225,0.997019504021749,0.9327806609251225,-0.06423884309662653
1767200122.4708009,6388,combined_score,0.9915678563474599,0.997019504021749,0.05878719542233746,-0.005451647674289073
1767200154.8852057,6387,combined_score,0.9640545550705439,0.997019504021749,-0.02751330127691598,-0.03296494895120505
1767200179.713209,6390,combined_score,0.9691457901628089,0.997019504021749,0.005091235092264945,-0.027873713858940108
1767200222.8073626,6389,combined_score,0.0,0.997019504021749,-0.9691457901628089,-0.997019504021749
1767200224.4516215,6393,combined_score,0.0,0.997019504021749,0.0,-0.997019504021749
1767200353.870954,6391,combined_score,0.9250257939443002,0.997019504021749,0.9250257939443002,-0.07199371007744881
1767200359.962668,6392,combined_score,0.9656437589965319,0.997019504021749,0.0406179650522317,-0.03137574502521712
1767200363.8417273,6395,combined_score,0.0,0.997019504021749,-0.9656437589965319,-0.997019504021749
1767200383.8967788,6396,combined_score,0.0,0.997019504021749,0.0,-0.997019504021749
1767200490.0775712,6394,combined_score,0.997019504021749,0.997019504021749,0.997019504021749,0.0
1767200560.4607403,6397,combined_score,0.9755439369803445,0.997019504021749,-0.02147556704140452,-0.02147556704140452
1767200586.5474203,6398,combined_score,0.9796035607549356,0.997019504021749,0.004059623774591126,-0.017415943266813394
1767200597.40207,6399,combined_score,0.0,0.997019504021749,-0.9796035607549356,-0.997019504021749
1767200708.3776884,6400,combined_score,0.9770752140362223,0.997019504021749,0.9770752140362223,-0.019944289985526664
1767200750.5065084,6403,combined_score,0.0,0.997019504021749,-0.9770752140362223,-0.997019504021749
1767200829.1745427,6402,combined_score,0.9803771093686944,0.997019504021749,0.9803771093686944,-0.016642394653054615
1767200929.96086,6405,combined_score,0.9756010438936532,0.997019504021749,-0.004776065475041169,-0.021418460128095784
1767200960.744566,6401,combined_score,0.0,0.997019504021749,-0.9756010438936532,-0.997019504021749
1767200965.9509988,6404,combined_score,0.9655446915501551,0.997019504021749,0.9655446915501551,-0.031474812471593894
1767201018.0002947,6407,combined_score,0.8877575756188919,0.997019504021749,-0.0777871159312632,-0.10926192840285709
1767201057.2467926,6406,combined_score,0.9764489702945888,0.997019504021749,0.08869139467569687,-0.020570533727160223
1767201112.227271,6411,combined_score,0.0,0.997019504021749,-0.9764489702945888,-0.997019504021749
1767201159.0411928,6409,combined_score,0.9920933682441225,0.997019504021749,0.9920933682441225,-0.004926135777626461
1767201170.2838802,6408,combined_score,0.0,0.997019504021749,-0.9920933682441225,-0.997019504021749
1767201286.1825428,6412,combined_score,0.981033380816223,0.997019504021749,0.981033380816223,-0.01598612320552595
1767201298.6378732,6413,combined_score,0.9693984414852587,0.997019504021749,-0.011634939330964378,-0.027621062536490326
1767201328.8859782,6415,combined_score,0.8078077013577314,0.997019504021749,-0.16159074012752728,-0.1892118026640176
1767201395.0068343,6414,combined_score,0.974979667958921,0.997019504021749,0.1671719666011896,-0.022039836062828
1767201441.671239,6410,combined_score,0.0,0.997019504021749,-0.974979667958921,-0.997019504021749
1767201510.0983078,6416,combined_score,0.9871360332324262,0.997019504021749,0.9871360332324262,-0.009883470789322835
1767201521.0967784,6417,combined_score,0.0,0.997019504021749,-0.9871360332324262,-0.997019504021749
1767201540.1434264,6418,combined_score,0.0,0.997019504021749,0.0,-0.997019504021749
1767201673.2260087,6420,combined_score,0.0,0.997019504021749,0.0,-0.997019504021749
1767201676.7123456,6422,combined_score,0.0,0.997019504021749,0.0,-0.997019504021749
1767201716.9272318,6421,combined_score,0.0,0.997019504021749,0.0,-0.997019504021749
1767201825.7173433,6423,combined_score,0.9201042946880191,0.997019504021749,0.9201042946880191,-0.07691520933372986
1767201851.2294984,6419,combined_score,0.0,0.997019504021749,-0.9201042946880191,-0.997019504021749
1767201883.699646,6425,combined_score,0.9434723629204058,0.997019504021749,0.9434723629204058,-0.053547141101343176
1767201897.9501996,6427,combined_score,0.0,0.997019504021749,-0.9434723629204058,-0.997019504021749
1767201988.6338408,6426,combined_score,0.6254080298033756,0.997019504021749,0.6254080298033756,-0.37161147421837337
1767202085.2339547,6429,combined_score,0.9278489286904227,0.997019504021749,0.30244089888704706,-0.06917057533132631
1767202109.4206023,6430,combined_score,0.9346506737359371,0.997019504021749,0.006801745045514451,-0.06236883028581186
1767202115.426971,6424,combined_score,0.0,0.997019504021749,-0.9346506737359371,-0.997019504021749
1767202145.4046743,6428,combined_score,0.0,0.997019504021749,0.0,-0.997019504021749
1767202247.759695,6431,combined_score,0.9631851801077801,0.997019504021749,0.9631851801077801,-0.0338343239139689
1767202279.5147574,6432,combined_score,0.0,0.997019504021749,-0.9631851801077801,-0.997019504021749
1767202281.8611283,6433,combined_score,0.9717519568818781,0.997019504021749,0.9717519568818781,-0.025267547139870894
1767202329.4927676,6437,combined_score,0.0,0.997019504021749,-0.9717519568818781,-0.997019504021749
1767202349.8836942,6438,combined_score,0.0,0.997019504021749,0.0,-0.997019504021749
1767202380.413839,6439,combined_score,0.0,0.997019504021749,0.0,-0.997019504021749
1767202464.4597912,6436,combined_score,0.9769119457174891,0.997019504021749,0.9769119457174891,-0.02010755830425992
1767202487.4292638,6440,combined_score,0.939916751192793,0.997019504021749,-0.03699519452469602,-0.05710275282895594
1767202559.808405,6441,combined_score,0.9832489601165305,0.997019504021749,0.04333220892373746,-0.01377054390521848
1767202594.1909573,6434,combined_score,0.0,0.997019504021749,-0.9832489601165305,-0.997019504021749
1767202655.7760527,6442,combined_score,0.9828128640457479,0.997019504021749,0.9828128640457479,-0.014206639976001134
1767202657.8499906,6445,combined_score,0.9497610405433502,0.997019504021749,-0.03305182350239766,-0.04725846347839879
1767202659.053661,6443,combined_score,0.0,0.997019504021749,-0.9497610405433502,-0.997019504021749
1767202692.3852465,6444,combined_score,0.9231247460996408,0.997019504021749,0.9231247460996408,-0.0738947579221082
1767202707.4176083,6446,combined_score,0.0,0.997019504021749,-0.9231247460996408,-0.997019504021749
1767202829.5258534,6448,combined_score,0.0,0.997019504021749,0.0,-0.997019504021749
1767202855.292679,6447,combined_score,0.0,0.997019504021749,0.0,-0.997019504021749
1767202999.8861814,6452,combined_score,0.0,0.997019504021749,0.0,-0.997019504021749
1767203034.493932,6451,combined_score,0.9765502402528962,0.997019504021749,0.9765502402528962,-0.02046926376885283
1767203089.5066445,6450,combined_score,0.0,0.997019504021749,-0.9765502402528962,-0.997019504021749
1767203130.7378542,6449,combined_score,0.0,0.997019504021749,0.0,-0.997019504021749
1767203197.211016,6453,combined_score,0.0,0.997019504021749,0.0,-0.997019504021749
1767203251.761618,6454,combined_score,0.0,0.997019504021749,0.0,-0.997019504021749
1767203282.2147338,6455,combined_score,0.0,0.997019504021749,0.0,-0.997019504021749
1767203300.049456,6458,combined_score,0.0,0.997019504021749,0.0,-0.997019504021749
1767203353.7781982,6459,combined_score,0.0,0.997019504021749,0.0,-0.997019504021749
1767203356.9228804,6460,combined_score,0.0,0.997019504021749,0.0,-0.997019504021749
1767203369.222837,6457,combined_score,0.9700318197591934,0.997019504021749,0.9700318197591934,-0.0269876842625556
1767203373.276571,6456,combined_score,0.0,0.997019504021749,-0.9700318197591934,-0.997019504021749
1767203439.3105137,6462,combined_score,0.7353434235412308,0.997019504021749,0.7353434235412308,-0.26167608048051816
1767203580.6945431,6464,combined_score,0.9694776564421878,0.997019504021749,0.23413423290095692,-0.02754184757956124
1767203586.6126847,6463,combined_score,0.9445095253715158,0.997019504021749,-0.024968131070671973,-0.05250997865023321
1767203675.4984896,6465,combined_score,0.9921674818518489,0.997019504021749,0.04765795648033311,-0.004852022169900105
1767203767.3492382,6467,combined_score,0.9760363972557538,0.997019504021749,-0.016131084596095135,-0.02098310676599524
1767203788.6376228,6461,combined_score,0.0,0.997019504021749,-0.9760363972557538,-0.997019504021749
1767203878.371129,6466,combined_score,0.0,0.997019504021749,0.0,-0.997019504021749
1767203889.0632148,6469,combined_score,0.9821061236842249,0.997019504021749,0.9821061236842249,-0.014913380337524096
1767203890.2852907,6470,combined_score,0.0,0.997019504021749,-0.9821061236842249,-0.997019504021749
1767203983.2496262,6471,combined_score,0.7229477319213595,0.997019504021749,0.7229477319213595,-0.27407177210038947
1767204035.4216337,6473,combined_score,0.9367610361329983,0.997019504021749,0.2138133042116388,-0.060258467888750666
1767204109.827185,6472,combined_score,0.0,0.997019504021749,-0.9367610361329983,-0.997019504021749
1767204113.566198,6468,combined_score,0.0,0.997019504021749,0.0,-0.997019504021749
1767204159.9455066,6476,combined_score,0.0,0.997019504021749,0.0,-0.997019504021749
1767204199.4300563,6474,combined_score,0.9812439022612275,0.997019504021749,0.9812439022612275,-0.015775601760521507
1767204206.7232525,6475,combined_score,0.0,0.997019504021749,-0.9812439022612275,-0.997019504021749
1767204247.8816469,6479,combined_score,0.0,0.997019504021749,0.0,-0.997019504021749
1767204259.325058,6480,combined_score,0.0,0.997019504021749,0.0,-0.997019504021749
1767204271.962868,6477,combined_score,0.0,0.997019504021749,0.0,-0.997019504021749
1767204312.8005455,6482,combined_score,0.0,0.997019504021749,0.0,-0.997019504021749
1767204329.357395,6483,combined_score,0.0,0.997019504021749,0.0,-0.997019504021749
1767204338.9671519,6484,combined_score,0.0,0.997019504021749,0.0,-0.997019504021749
1767204357.4940143,6478,combined_score,0.9093961995832143,0.997019504021749,0.9093961995832143,-0.08762330443853472
1767204381.7764375,6486,combined_score,0.0,0.997019504021749,-0.9093961995832143,-0.997019504021749
1767204409.9969888,6487,combined_score,0.0,0.997019504021749,0.0,-0.997019504021749
1767204412.6308978,6481,combined_score,0.986675458028388,0.997019504021749,0.986675458028388,-0.010344045993361028
1767204460.1732984,6489,combined_score,0.0,0.997019504021749,-0.986675458028388,-0.997019504021749
1767204502.6704168,6485,combined_score,0.9373365959782005,0.997019504021749,0.9373365959782005,-0.05968290804354848
1767204534.3751185,6492,combined_score,0.0,0.997019504021749,-0.9373365959782005,-0.997019504021749
1767204593.6014545,6488,combined_score,0.997019504021749,0.997019504021749,0.997019504021749,0.0
1767204692.274384,6493,combined_score,0.9712098558251177,0.997019504021749,-0.02580964819663134,-0.02580964819663134
1767204760.0298324,6491,combined_score,0.0,0.997019504021749,-0.9712098558251177,-0.997019504021749
1767204763.1746798,6494,combined_score,0.0,0.997019504021749,0.0,-0.997019504021749
1767204807.032119,6490,combined_score,0.0,0.997019504021749,0.0,-0.997019504021749
1767204841.9030735,6496,combined_score,0.870746496320435,0.997019504021749,0.870746496320435,-0.126273007701314
1767204872.9637682,6495,combined_score,0.9828128640457479,0.997019504021749,0.11206636772531287,-0.014206639976001134
1767204952.4892006,6497,combined_score,0.9752143451879143,0.997019504021749,-0.0075985188578335805,-0.021805158833834715
1767204958.359695,6499,combined_score,0.9572078726453177,0.997019504021749,-0.018006472542596574,-0.03981163137643129
1767205026.4740214,6500,combined_score,0.8785759674613183,0.997019504021749,-0.07863190518399943,-0.11844353656043072
1767205057.7127814,6498,combined_score,0.983341642762447,0.997019504021749,0.10476567530112868,-0.013677861259302038
1767205077.219974,6503,combined_score,0.0,0.997019504021749,-0.983341642762447,-0.997019504021749
1767205101.2593045,6501,combined_score,0.0,0.997019504021749,0.0,-0.997019504021749
1767205123.491867,6505,combined_score,0.0,0.997019504021749,0.0,-0.997019504021749
1767205132.9480975,6502,combined_score,0.9828128640457479,0.997019504021749,0.9828128640457479,-0.014206639976001134
1767205216.7312691,6504,combined_score,0.0,0.997019504021749,-0.9828128640457479,-0.997019504021749
1767205229.344259,6507,combined_score,0.9372066633087507,0.997019504021749,0.9372066633087507,-0.059812840712998305
1767205266.6900315,6506,combined_score,0.9717429148434663,0.997019504021749,0.03453625153471562,-0.025276589178282682
1767205313.378522,6511,combined_score,0.0,0.997019504021749,-0.9717429148434663,-0.997019504021749
1767205338.9200327,6508,combined_score,0.9808031808987148,0.997019504021749,0.9808031808987148,-0.016216323123034226
1767205391.431686,6512,combined_score,0.916210552814823,0.997019504021749,-0.06459262808389177,-0.080808951206926
1767205405.9925985,6509,combined_score,0.9817269754232135,0.997019504021749,0.06551642260839052,-0.01529252859853547
1767205430.6763048,6510,combined_score,0.9828128640457479,0.997019504021749,0.0010858886225343367,-0.014206639976001134
1767205510.7324295,6516,combined_score,0.580919294308144,0.997019504021749,-0.4018935697376038,-0.41610020971360495
1767205542.306075,6515,combined_score,0.9314021852996284,0.997019504021749,0.35048289099148433,-0.06561731872212062
1767205555.945974,6513,combined_score,0.0,0.997019504021749,-0.9314021852996284,-0.997019504021749
1767205587.3021927,6517,combined_score,0.0,0.997019504021749,0.0,-0.997019504021749
1767205597.1267102,6514,combined_score,0.9818126342287234,0.997019504021749,0.9818126342287234,-0.015206869793025546
1767205597.9374435,6519,combined_score,0.0,0.997019504021749,-0.9818126342287234,-0.997019504021749
1767205643.320149,6521,combined_score,0.8260591878828366,0.997019504021749,0.8260591878828366,-0.17096031613891238
1767205667.45309,6518,combined_score,0.9335830768912122,0.997019504021749,0.10752388900837562,-0.06343642713053677
1767205766.681537,6524,combined_score,0.9244591763622105,0.997019504021749,-0.009123900529001694,-0.07256032765953846
1767205770.3942034,6522,combined_score,0.9679814097767324,0.997019504021749,0.04352223341452188,-0.029038094245016577
1767205775.551464,6523,combined_score,0.0,0.997019504021749,-0.9679814097767324,-0.997019504021749
1767205784.0769262,6520,combined_score,0.0,0.997019504021749,0.0,-0.997019504021749
1767205820.412461,6526,combined_score,0.909737974831709,0.997019504021749,0.909737974831709,-0.08728152919003995
1767205906.2799747,6527,combined_score,0.8525891045771175,0.997019504021749,-0.05714887025459159,-0.14443039944463154
1767205987.037119,6529,combined_score,0.0,0.997019504021749,-0.8525891045771175,-0.997019504021749
1767205998.4122865,6528,combined_score,0.980137177829475,0.997019504021749,0.980137177829475,-0.016882326192274033
1767206020.0919077,6525,combined_score,0.0,0.997019504021749,-0.980137177829475,-0.997019504021749
1767206069.478877,6533,combined_score,0.0,0.997019504021749,0.0,-0.997019504021749
1767206099.6328166,6530,combined_score,0.9837668293216636,0.997019504021749,0.9837668293216636,-0.013252674700085398
1767206147.5040815,6535,combined_score,0.0,0.997019504021749,-0.9837668293216636,-0.997019504021749
1767206157.1765432,6532,combined_score,0.0,0.997019504021749,0.0,-0.997019504021749
1767206200.0564678,6531,combined_score,0.9893271613601107,0.997019504021749,0.9893271613601107,-0.007692342661638318
1767206258.011442,6534,combined_score,0.9773486874844708,0.997019504021749,-0.011978473875639883,-0.019670816537278202
1767206345.4201803,6536,combined_score,0.0,0.997019504021749,-0.9773486874844708,-0.997019504021749
1767206364.6685526,6539,combined_score,0.0,0.997019504021749,0.0,-0.997019504021749
1767206394.2781177,6541,combined_score,0.0,0.997019504021749,0.0,-0.997019504021749
1767206399.6656213,6538,combined_score,0.9800568227495745,0.997019504021749,0.9800568227495745,-0.016962681272174485
1767206433.944362,6542,combined_score,0.0,0.997019504021749,-0.9800568227495745,-0.997019504021749
1767206528.4264655,6540,combined_score,0.9751373943953819,0.997019504021749,0.9751373943953819,-0.021882109626367052
1767206552.0143485,6543,combined_score,0.0,0.997019504021749,-0.9751373943953819,-0.997019504021749
1767206590.2112763,6537,combined_score,0.0,0.997019504021749,0.0,-0.997019504021749
1767206605.404318,6546,combined_score,0.0,0.997019504021749,0.0,-0.997019504021749
1767206633.17581,6544,combined_score,0.9906322694794616,0.997019504021749,0.9906322694794616,-0.006387234542287401
1767206670.1643279,6548,combined_score,0.0,0.997019504021749,-0.9906322694794616,-0.997019504021749
1767206678.1464448,6545,combined_score,0.9681661607076697,0.997019504021749,0.9681661607076697,-0.028853343314079294
1767206725.5836785,6547,combined_score,0.0,0.997019504021749,-0.9681661607076697,-0.997019504021749
1767206728.2624538,6551,combined_score,0.0,0.997019504021749,0.0,-0.997019504021749
1767206767.3977692,6549,combined_score,0.0,0.997019504021749,0.0,-0.997019504021749
1767206780.2935529,6552,combined_score,0.0,0.997019504021749,0.0,-0.997019504021749
1767206822.7344875,6554,combined_score,0.0,0.997019504021749,0.0,-0.997019504021749
1767206827.0100377,6555,combined_score,0.0,0.997019504021749,0.0,-0.997019504021749
1767206921.2500136,6550,combined_score,0.0,0.997019504021749,0.0,-0.997019504021749
1767206969.0424776,6558,combined_score,0.0,0.997019504021749,0.0,-0.997019504021749
1767207003.317203,6553,combined_score,0.0,0.997019504021749,0.0,-0.997019504021749
1767207034.2941432,6557,combined_score,0.9748342856749211,0.997019504021749,0.9748342856749211,-0.02218521834682785
1767207145.7324739,6559,combined_score,0.0,0.997019504021749,-0.9748342856749211,-0.997019504021749
1767207251.2762887,6561,combined_score,0.997019504021749,0.997019504021749,0.997019504021749,0.0
1767207254.575895,6556,combined_score,0.0,0.997019504021749,-0.997019504021749,-0.997019504021749
1767207304.7980871,6564,combined_score,0.0,0.997019504021749,0.0,-0.997019504021749
1767207348.7673512,6565,combined_score,0.0,0.997019504021749,0.0,-0.997019504021749
1767207379.6153305,6560,combined_score,0.0,0.997019504021749,0.0,-0.997019504021749
1767207400.6239262,6566,combined_score,0.0,0.997019504021749,0.0,-0.997019504021749
1767207406.6150887,6562,combined_score,0.977657387718956,0.997019504021749,0.977657387718956,-0.019362116302792942
1767207427.7233622,6563,combined_score,0.9592512365996227,0.997019504021749,-0.018406151119333303,-0.037768267422126245
1767207447.7546144,6568,combined_score,0.0,0.997019504021749,-0.9592512365996227,-0.997019504021749
1767207475.3872626,6570,combined_score,0.0,0.997019504021749,0.0,-0.997019504021749
1767207538.5116043,6567,combined_score,0.9683912928022861,0.997019504021749,0.9683912928022861,-0.028628211219462907
1767207609.9109693,6572,combined_score,0.8800544243926675,0.997019504021749,-0.08833686840961863,-0.11696507962908154
1767207636.1820574,6569,combined_score,0.0,0.997019504021749,-0.8800544243926675,-0.997019504021749
1767207654.0816486,6571,combined_score,0.9748118518190456,0.997019504021749,0.9748118518190456,-0.022207652202703376
1767207661.2063954,6574,combined_score,0.0,0.997019504021749,-0.9748118518190456,-0.997019504021749
1767207675.4233856,6573,combined_score,0.9771225084689411,0.997019504021749,0.9771225084689411,-0.019896995552807883
1767207678.7707841,6575,combined_score,0.9571107706629203,0.997019504021749,-0.020011737806020835,-0.03990873335882872
1767207767.6783948,6577,combined_score,0.9188545323894315,0.997019504021749,-0.038256238273488785,-0.0781649716323175
1767207787.5397959,6576,combined_score,0.9756961484367054,0.997019504021749,0.05684161604727389,-0.021323355585043613
1767207866.1371074,6578,combined_score,0.9846446629822381,0.997019504021749,0.008948514545532693,-0.01237484103951092
1767207906.9915767,6580,combined_score,0.0,0.997019504021749,-0.9846446629822381,-0.997019504021749
1767207957.757887,6583,combined_score,0.0,0.997019504021749,0.0,-0.997019504021749
1767207984.8002346,6581,combined_score,0.0,0.997019504021749,0.0,-0.997019504021749
1767208038.2207334,6584,combined_score,0.8262191081495165,0.997019504021749,0.8262191081495165,-0.1708003958722325
1767208090.1258485,6586,combined_score,0.0,0.997019504021749,-0.8262191081495165,-0.997019504021749
1767208104.7945833,6579,combined_score,0.0,0.997019504021749,0.0,-0.997019504021749
1767208115.222673,6582,combined_score,0.9678155307777685,0.997019504021749,0.9678155307777685,-0.029203973243980497
1767208191.752828,6585,combined_score,0.9785523635629353,0.997019504021749,0.010736832785166794,-0.018467140458813702
1767208248.6847632,6590,combined_score,0.0,0.997019504021749,-0.9785523635629353,-0.997019504021749
1767208262.2542496,6589,combined_score,0.9745633525626525,0.997019504021749,0.9745633525626525,-0.02245615145909652
1767208303.7814124,6588,combined_score,0.0,0.997019504021749,-0.9745633525626525,-0.997019504021749
1767208304.9371858,6591,combined_score,0.0,0.997019504021749,0.0,-0.997019504021749
1767208465.5567005,6593,combined_score,0.987390525522972,0.997019504021749,0.987390525522972,-0.009628978498776974
1767208472.6736617,6592,combined_score,0.9834791246923174,0.997019504021749,-0.0039114008306546655,-0.01354037932943164
1767208487.3225951,6594,combined_score,0.9872264590350299,0.997019504021749,0.0037473343427125716,-0.009793044986719068
1767208510.4410036,6596,combined_score,0.0,0.997019504021749,-0.9872264590350299,-0.997019504021749
1767208517.3472455,6587,combined_score,0.0,0.997019504021749,0.0,-0.997019504021749
1767208613.1553261,6595,combined_score,0.0,0.997019504021749,0.0,-0.997019504021749
1767208657.4383974,6599,combined_score,0.0,0.997019504021749,0.0,-0.997019504021749
1767208719.6682143,6602,combined_score,0.0,0.997019504021749,0.0,-0.997019504021749
1767208755.1653922,6597,combined_score,0.0,0.997019504021749,0.0,-0.997019504021749
1767208918.1264703,6604,combined_score,0.0,0.997019504021749,0.0,-0.997019504021749
1767208922.3383698,6603,combined_score,0.0,0.997019504021749,0.0,-0.997019504021749
1767208942.1208098,6598,combined_score,0.0,0.997019504021749,0.0,-0.997019504021749
1767209075.0117643,6605,combined_score,0.0,0.997019504021749,0.0,-0.997019504021749
1767209083.55608,6601,combined_score,0.0,0.997019504021749,0.0,-0.997019504021749
1767209133.6532807,6608,combined_score,0.0,0.997019504021749,0.0,-0.997019504021749
1767209134.4403987,6607,combined_score,0.0,0.997019504021749,0.0,-0.997019504021749
1767209311.8000207,6609,combined_score,0.0,0.997019504021749,0.0,-0.997019504021749
1767209345.3769815,6611,combined_score,0.9917413544816196,0.997019504021749,0.9917413544816196,-0.005278149540129395
1767209360.28475,6610,combined_score,0.997019504021749,0.997019504021749,0.005278149540129395,0.0
1767209399.4407792,6606,combined_score,0.0,0.997019504021749,-0.997019504021749,-0.997019504021749
1767209407.424287,6613,combined_score,0.0,0.997019504021749,0.0,-0.997019504021749
1767209454.691448,6616,combined_score,0.0,0.997019504021749,0.0,-0.997019504021749
1767209546.05991,6615,combined_score,0.9453562768809383,0.997019504021749,0.9453562768809383,-0.05166322714081073
1767209566.1099665,6614,combined_score,0.0,0.997019504021749,-0.9453562768809383,-0.997019504021749
1767209567.6791275,6612,combined_score,0.987632267973531,0.997019504021749,0.987632267973531,-0.009387236048218006
1767209593.0232437,6618,combined_score,0.0,0.997019504021749,-0.987632267973531,-0.997019504021749
1767209692.4977984,6621,combined_score,0.9343379601134914,0.997019504021749,0.9343379601134914,-0.06268154390825764
1767209766.2375107,6620,combined_score,0.0,0.997019504021749,-0.9343379601134914,-0.997019504021749
1767209822.6164951,6619,combined_score,0.9859053428399109,0.997019504021749,0.9859053428399109,-0.011114161181838056
1767209887.9849231,6623,combined_score,0.8132045262914087,0.997019504021749,-0.17270081654850222,-0.18381497773034028
1767209900.035628,6617,combined_score,0.0,0.997019504021749,-0.8132045262914087,-0.997019504021749
1767210014.4773476,6626,combined_score,0.9762688398754003,0.997019504021749,0.9762688398754003,-0.02075066414634874
1767210016.4217894,6625,combined_score,0.9779169331119637,0.997019504021749,0.0016480932365634526,-0.019102570909785288
1767210055.930093,6624,combined_score,0.0,0.997019504021749,-0.9779169331119637,-0.997019504021749
1767210089.2168102,6622,combined_score,0.0,0.997019504021749,0.0,-0.997019504021749
1767210165.0507474,6628,combined_score,0.9676087880576363,0.997019504021749,0.9676087880576363,-0.02941071596411271
1767210227.955419,6630,combined_score,0.0,0.997019504021749,-0.9676087880576363,-0.997019504021749
1767210247.1451943,6629,combined_score,0.0,0.997019504021749,0.0,-0.997019504021749
1767210377.9452627,6631,combined_score,0.0,0.997019504021749,0.0,-0.997019504021749
1767210445.3676379,6627,combined_score,0.0,0.997019504021749,0.0,-0.997019504021749
1767210447.728496,6632,combined_score,0.9778018011414407,0.997019504021749,0.9778018011414407,-0.01921770288030833
1767210451.5904582,6633,combined_score,0.9869331257445362,0.997019504021749,0.009131324603095514,-0.010086378277212815
1767210483.0585709,6637,combined_score,0.0,0.997019504021749,-0.9869331257445362,-0.997019504021749
1767210580.0868256,6634,combined_score,0.9820016840010535,0.997019504021749,0.9820016840010535,-0.015017820020695516
1767210641.0057607,6635,combined_score,0.9640687273344446,0.997019504021749,-0.01793295666660888,-0.032950776687304395
1767210708.0301461,6638,combined_score,0.0,0.997019504021749,-0.9640687273344446,-0.997019504021749
1767210789.1565967,6639,combined_score,0.0,0.997019504021749,0.0,-0.997019504021749
1767210861.0603766,6640,combined_score,0.9858892477608234,0.997019504021749,0.9858892477608234,-0.011130256260925564
1767210878.4573805,6636,combined_score,0.0,0.997019504021749,-0.9858892477608234,-0.997019504021749
1767210921.66639,6643,combined_score,0.0,0.997019504021749,0.0,-0.997019504021749
1767210988.878142,6642,combined_score,0.9947177363825264,0.997019504021749,0.9947177363825264,-0.0023017676392226294
1767211054.4589195,6644,combined_score,0.9773732100561049,0.997019504021749,-0.017344526326421472,-0.0196462939656441
1767211081.7577224,6645,combined_score,0.975752815769563,0.997019504021749,-0.0016203942865419263,-0.021266688252186028
1767211132.792737,6641,combined_score,0.0,0.997019504021749,-0.975752815769563,-0.997019504021749
1767211155.8559682,6646,combined_score,0.0,0.997019504021749,0.0,-0.997019504021749
1767211250.5086343,6647,combined_score,0.0,0.997019504021749,0.0,-0.997019504021749
1767211332.0141487,6649,combined_score,0.0,0.997019504021749,0.0,-0.997019504021749
1767211366.9687414,6650,combined_score,0.0,0.997019504021749,0.0,-0.997019504021749
1767211535.5607185,6652,combined_score,0.9705402433194308,0.997019504021749,0.9705402433194308,-0.026479260702318208
1767211553.42041,6653,combined_score,0.9778211351903621,0.997019504021749,0.007280891870931283,-0.019198368831386925
1767211583.093088,6651,combined_score,0.0,0.997019504021749,-0.9778211351903621,-0.997019504021749
1767211585.8628535,6654,combined_score,0.0,0.997019504021749,0.0,-0.997019504021749
1767211618.8965085,6656,combined_score,0.8999189354676197,0.997019504021749,0.8999189354676197,-0.0971005685541293
1767211643.6557574,6658,combined_score,0.0,0.997019504021749,-0.8999189354676197,-0.997019504021749
1767211674.7927794,6659,combined_score,0.0,0.997019504021749,0.0,-0.997019504021749
1767211698.6154752,6660,combined_score,0.0,0.997019504021749,0.0,-0.997019504021749
1767211731.4459774,6657,combined_score,0.9349826065957673,0.997019504021749,0.9349826065957673,-0.06203689742598173
1767211733.351167,6661,combined_score,0.0,0.997019504021749,-0.9349826065957673,-0.997019504021749
1767211746.684582,6655,combined_score,0.9250811907363798,0.997019504021749,0.9250811907363798,-0.07193831328536915
1767211884.513057,6662,combined_score,0.0,0.997019504021749,-0.9250811907363798,-0.997019504021749
1767211913.9927742,6666,combined_score,0.0,0.997019504021749,0.0,-0.997019504021749
1767211928.208818,6665,combined_score,0.9707814072837818,0.997019504021749,0.9707814072837818,-0.026238096737967176
1767211949.2733355,6664,combined_score,0.0,0.997019504021749,-0.9707814072837818,-0.997019504021749
1767211986.7908103,6663,combined_score,0.0,0.997019504021749,0.0,-0.997019504021749
1767212083.5645678,6667,combined_score,0.9551946863028346,0.997019504021749,0.9551946863028346,-0.04182481771891444
1767212085.7017913,6669,combined_score,0.0,0.997019504021749,-0.9551946863028346,-0.997019504021749
1767212160.548294,6671,combined_score,0.8843694007871372,0.997019504021749,0.8843694007871372,-0.11265010323461178
1767212209.888701,6673,combined_score,0.0,0.997019504021749,-0.8843694007871372,-0.997019504021749
1767212266.8351388,6672,combined_score,0.0,0.997019504021749,0.0,-0.997019504021749
1767212273.3068275,6674,combined_score,0.0,0.997019504021749,0.0,-0.997019504021749
1767212305.6901543,6675,combined_score,0.0,0.997019504021749,0.0,-0.997019504021749
1767212328.841488,6676,combined_score,0.0,0.997019504021749,0.0,-0.997019504021749
1767212333.096597,6677,combined_score,0.0,0.997019504021749,0.0,-0.997019504021749
1767212355.92184,6668,combined_score,0.0,0.997019504021749,0.0,-0.997019504021749
1767212403.8127265,6670,combined_score,0.0,0.997019504021749,0.0,-0.997019504021749
1767212494.924894,6680,combined_score,0.9704958469168055,0.997019504021749,0.9704958469168055,-0.026523657104943532
1767212596.2183945,6678,combined_score,0.9841616041565442,0.997019504021749,0.01366575723973873,-0.012857899865204803
1767212639.8570395,6681,combined_score,0.0,0.997019504021749,-0.9841616041565442,-0.997019504021749
1767212639.8987346,6682,combined_score,0.0,0.997019504021749,0.0,-0.997019504021749
1767212768.7943754,6679,combined_score,0.0,0.997019504021749,0.0,-0.997019504021749
1767212814.852849,6685,combined_score,0.9769863006989308,0.997019504021749,0.9769863006989308,-0.020033203322818216
1767212848.636048,6683,combined_score,0.0,0.997019504021749,-0.9769863006989308,-0.997019504021749
1767212858.1908317,6684,combined_score,0.9885569422041232,0.997019504021749,0.9885569422041232,-0.008462561817625835
1767212861.900244,6686,combined_score,0.8748061439398577,0.997019504021749,-0.11375079826426548,-0.12221336008189132
1767212910.5316434,6689,combined_score,0.0,0.997019504021749,-0.8748061439398577,-0.997019504021749
1767212919.3853812,6690,combined_score,0.0,0.997019504021749,0.0,-0.997019504021749
1767213075.8589013,6691,combined_score,0.9730011500531162,0.997019504021749,0.9730011500531162,-0.024018353968632833
1767213208.8374217,6687,combined_score,0.0,0.997019504021749,-0.9730011500531162,-0.997019504021749
1767213342.2623386,6692,combined_score,0.0,0.997019504021749,0.0,-0.997019504021749
1767213353.0935287,6693,combined_score,0.0,0.997019504021749,0.0,-0.997019504021749
1767213358.3392215,6688,combined_score,0.0,0.997019504021749,0.0,-0.997019504021749
1767213380.2234185,6694,combined_score,0.9791360299465309,0.997019504021749,0.9791360299465309,-0.017883474075218064
1767213395.2356284,6695,combined_score,0.0,0.997019504021749,-0.9791360299465309,-0.997019504021749
1767213400.0594547,6696,combined_score,0.0,0.997019504021749,0.0,-0.997019504021749
1767213448.9449525,6700,combined_score,0.0,0.997019504021749,0.0,-0.997019504021749
1767213598.6663306,6699,combined_score,0.0,0.997019504021749,0.0,-0.997019504021749
1767213623.948033,6697,combined_score,0.0,0.997019504021749,0.0,-0.997019504021749
1767213652.234767,6702,combined_score,0.0,0.997019504021749,0.0,-0.997019504021749
1767213654.7037067,6701,combined_score,0.98412335349586,0.997019504021749,0.98412335349586,-0.012896150525888994
1767213688.736639,6698,combined_score,0.0,0.997019504021749,-0.98412335349586,-0.997019504021749
1767213699.4893792,6704,combined_score,0.0,0.997019504021749,0.0,-0.997019504021749
1767213790.5107746,6703,combined_score,0.9890210333432412,0.997019504021749,0.9890210333432412,-0.007998470678507785
1767213813.3118675,6706,combined_score,0.0,0.997019504021749,-0.9890210333432412,-0.997019504021749
1767213850.0730526,6707,combined_score,0.9760019656060385,0.997019504021749,0.9760019656060385,-0.021017538415710524
1767213856.2407203,6709,combined_score,0.0,0.997019504021749,-0.9760019656060385,-0.997019504021749
1767213874.4301991,6705,combined_score,0.9812609770285806,0.997019504021749,0.9812609770285806,-0.015758526993168376
1767213931.6956835,6708,combined_score,0.0,0.997019504021749,-0.9812609770285806,-0.997019504021749
1767214038.4775534,6712,combined_score,0.9754165892734759,0.997019504021749,0.9754165892734759,-0.02160291474827314
1767214086.74878,6714,combined_score,0.0,0.997019504021749,-0.9754165892734759,-0.997019504021749
1767214163.7830167,6710,combined_score,0.0,0.997019504021749,0.0,-0.997019504021749
1767214182.0139928,6711,combined_score,0.0,0.997019504021749,0.0,-0.997019504021749
1767214188.3107488,6713,combined_score,0.9695281421998773,0.997019504021749,0.9695281421998773,-0.02749136182187173
1767214302.7577462,6715,combined_score,0.9798295201006293,0.997019504021749,0.010301377900752029,-0.0171899839211197
1767214337.9574106,6716,combined_score,0.9752182163294224,0.997019504021749,-0.004611303771206887,-0.021801287692326587
1767214389.4084926,6718,combined_score,0.9892984373083994,0.997019504021749,0.014080220978976987,-0.0077210667133496
1767214536.085187,6720,combined_score,0.9729050508376073,0.997019504021749,-0.016393386470792137,-0.024114453184141738
1767214576.5270197,6722,combined_score,0.8115817965294314,0.997019504021749,-0.16132325430817585,-0.18543770749231758
1767214623.6813524,6717,combined_score,0.0,0.997019504021749,-0.8115817965294314,-0.997019504021749
1767214657.8191218,6719,combined_score,0.0,0.997019504021749,0.0,-0.997019504021749
1767214659.507724,6721,combined_score,0.997019504021749,0.997019504021749,0.997019504021749,0.0
1767214740.2327838,6724,combined_score,0.89419747797526,0.997019504021749,-0.10282202604648905,-0.10282202604648905
1767214865.344403,6725,combined_score,0.9824560527736923,0.997019504021749,0.08825857479843235,-0.014563451248056691
1767214895.8344107,6728,combined_score,0.8854030853013064,0.997019504021749,-0.0970529674723859,-0.11161641872044259
1767214903.4607587,6726,combined_score,0.0,0.997019504021749,-0.8854030853013064,-0.997019504021749
1767214948.0349135,6730,combined_score,0.0,0.997019504021749,0.0,-0.997019504021749
1767214952.693076,6729,combined_score,0.0,0.997019504021749,0.0,-0.997019504021749
1767214956.8648055,6727,combined_score,0.9939597401062837,0.997019504021749,0.9939597401062837,-0.0030597639154652523
1767214997.5147166,6733,combined_score,0.0,0.997019504021749,-0.9939597401062837,-0.997019504021749
1767215004.7948716,6723,combined_score,0.0,0.997019504021749,0.0,-0.997019504021749
1767215051.7761402,6735,combined_score,0.0,0.997019504021749,0.0,-0.997019504021749
1767215083.7684455,6732,combined_score,0.0,0.997019504021749,0.0,-0.997019504021749
1767215100.8292542,6731,combined_score,0.9773860482614068,0.997019504021749,0.9773860482614068,-0.019633455760342144
1767215100.955625,6736,combined_score,0.0,0.997019504021749,-0.9773860482614068,-0.997019504021749
1767215172.3119762,6734,combined_score,0.9762044206974435,0.997019504021749,0.9762044206974435,-0.020815083324305483
1767215225.9451084,6737,combined_score,0.0,0.997019504021749,-0.9762044206974435,-0.997019504021749
1767215273.7392573,6738,combined_score,0.9812034882516726,0.997019504021749,0.9812034882516726,-0.015816015770076408
1767215307.2674875,6739,combined_score,0.0,0.997019504021749,-0.9812034882516726,-0.997019504021749
1767215312.7042782,6740,combined_score,0.9869247459554726,0.997019504021749,0.9869247459554726,-0.010094758066276355
1767215342.1022627,6743,combined_score,0.0,0.997019504021749,-0.9869247459554726,-0.997019504021749
1767215451.323457,6741,combined_score,0.9745760249596448,0.997019504021749,0.9745760249596448,-0.0224434790621042
1767215467.5999365,6744,combined_score,0.9709751361008213,0.997019504021749,-0.003600888858823481,-0.02604436792092768
1767215507.026682,6746,combined_score,0.0,0.997019504021749,-0.9709751361008213,-0.997019504021749
1767215549.082447,6748,combined_score,0.0,0.997019504021749,0.0,-0.997019504021749
1767215554.576008,6742,combined_score,0.0,0.997019504021749,0.0,-0.997019504021749
1767215581.0425193,6745,combined_score,0.0,0.997019504021749,0.0,-0.997019504021749
1767215673.205512,6749,combined_score,0.9540049864021063,0.997019504021749,0.9540049864021063,-0.0430145176196427
1767215718.3086529,6750,combined_score,0.9654226402512802,0.997019504021749,0.011417653849173925,-0.031596863770468775
1767215793.0369492,6751,combined_score,0.0,0.997019504021749,-0.9654226402512802,-0.997019504021749
1767215855.0580847,6754,combined_score,0.0,0.997019504021749,0.0,-0.997019504021749
1767215855.4154322,6747,combined_score,0.9685104726092141,0.997019504021749,0.9685104726092141,-0.028509031412534913
1767215873.07836,6752,combined_score,0.0,0.997019504021749,-0.9685104726092141,-0.997019504021749
1767215894.7957704,6756,combined_score,0.0,0.997019504021749,0.0,-0.997019504021749
1767215912.640204,6753,combined_score,0.0,0.997019504021749,0.0,-0.997019504021749
1767215920.0880935,6757,combined_score,0.0,0.997019504021749,0.0,-0.997019504021749
1767216048.0896978,6755,combined_score,0.9448150828359401,0.997019504021749,0.9448150828359401,-0.052204421185808925
1767216069.0680182,6758,combined_score,0.9674300030292494,0.997019504021749,0.02261492019330935,-0.029589500992499573
1767216109.310608,6759,combined_score,0.9671219880648101,0.997019504021749,-0.0003080149644393293,-0.029897515956938903
1767216110.8343203,6762,combined_score,0.0,0.997019504021749,-0.9671219880648101,-0.997019504021749
1767216147.619802,6761,combined_score,0.0,0.997019504021749,0.0,-0.997019504021749
1767216204.9258025,6765,combined_score,0.0,0.997019504021749,0.0,-0.997019504021749
1767216215.2341468,6763,combined_score,0.9061394759330518,0.997019504021749,0.9061394759330518,-0.09088002808869722
1767216220.774279,6760,combined_score,0.0,0.997019504021749,-0.9061394759330518,-0.997019504021749
1767216283.7380977,6767,combined_score,0.9025758338346392,0.997019504021749,0.9025758338346392,-0.09444367018710975
1767216305.4971583,6768,combined_score,0.7271939182046534,0.997019504021749,-0.17538191562998584,-0.2698255858170956
1767216349.4408922,6766,combined_score,0.0,0.997019504021749,-0.7271939182046534,-0.997019504021749
1767216369.2366905,6764,combined_score,0.0,0.997019504021749,0.0,-0.997019504021749
1767216418.7270882,6772,combined_score,0.0,0.997019504021749,0.0,-0.997019504021749
1767216481.122084,6773,combined_score,0.9728470193970669,0.997019504021749,0.9728470193970669,-0.024172484624682133
1767216482.1785223,6770,combined_score,0.9874456051692437,0.997019504021749,0.014598585772176875,-0.009573898852505258
1767216483.8801904,6771,combined_score,0.0,0.997019504021749,-0.9874456051692437,-0.997019504021749
1767216558.4318442,6776,combined_score,0.9165629958207812,0.997019504021749,0.9165629958207812,-0.08045650820096784
1767216666.0234237,6769,combined_score,0.9713598154397727,0.997019504021749,0.05479681961899152,-0.025659688581976314
1767216691.7082963,6774,combined_score,0.939416946616644,0.997019504021749,-0.03194286882312869,-0.057602557405105004
1767216696.503433,6775,combined_score,0.9911012780067394,0.997019504021749,0.05168433139009543,-0.005918226015009576
1767216770.6121256,6777,combined_score,0.9612566016040361,0.997019504021749,-0.029844676402703274,-0.03576290241771285
1767216818.2637906,6778,combined_score,0.9228372497348571,0.997019504021749,-0.038419351869179,-0.07418225428689185
1767216887.9520218,6780,combined_score,0.9865471234588824,0.997019504021749,0.06370987372402526,-0.01047238056286659
1767216907.402298,6779,combined_score,0.0,0.997019504021749,-0.9865471234588824,-0.997019504021749
1767216982.7273142,6783,combined_score,0.8834585061680413,0.997019504021749,0.8834585061680413,-0.11356099785370766
1767217021.6152701,6782,combined_score,0.0,0.997019504021749,-0.8834585061680413,-0.997019504021749
1767217027.0068994,6781,combined_score,0.9652454397761318,0.997019504021749,0.9652454397761318,-0.03177406424561724
1767217034.3130987,6784,combined_score,0.9484716543079664,0.997019504021749,-0.016773785468165325,-0.048547849713782565
1767217053.6610937,6785,combined_score,0.0,0.997019504021749,-0.9484716543079664,-0.997019504021749
1767217069.0968797,6786,combined_score,0.0,0.997019504021749,0.0,-0.997019504021749
1767217081.8327653,6787,combined_score,0.0,0.997019504021749,0.0,-0.997019504021749
1767217137.9899354,6791,combined_score,0.0,0.997019504021749,0.0,-0.997019504021749
1767217167.060681,6789,combined_score,0.0,0.997019504021749,0.0,-0.997019504021749
1767217173.7548106,6788,combined_score,0.0,0.997019504021749,0.0,-0.997019504021749
1767217182.8790271,6792,combined_score,0.0,0.997019504021749,0.0,-0.997019504021749
1767217295.6062644,6793,combined_score,0.0,0.997019504021749,0.0,-0.997019504021749
1767217306.0959766,6790,combined_score,0.0,0.997019504021749,0.0,-0.997019504021749
1767217370.1990294,6794,combined_score,0.0,0.997019504021749,0.0,-0.997019504021749
1767217404.3475022,6795,combined_score,0.9803124276050723,0.997019504021749,0.9803124276050723,-0.01670707641667668
1767217470.0229704,6796,combined_score,0.9775852944091987,0.997019504021749,-0.002727133195873588,-0.01943420961255027
1767217498.9485145,6797,combined_score,0.980615611644001,0.997019504021749,0.0030303172348022933,-0.016403892377747975
1767217525.5867822,6800,combined_score,0.8427829136175959,0.997019504021749,-0.13783269802640508,-0.15423659040415305
1767217592.3786542,6799,combined_score,0.9843786818217442,0.997019504021749,0.1415957682041482,-0.012640822200004842
1767217607.3001127,6798,combined_score,0.0,0.997019504021749,-0.9843786818217442,-0.997019504021749
1767217642.802826,6801,combined_score,0.0,0.997019504021749,0.0,-0.997019504021749
1767217729.5822847,6802,combined_score,0.9917582232194869,0.997019504021749,0.9917582232194869,-0.005261280802262069
1767217760.7001708,6806,combined_score,0.0,0.997019504021749,-0.9917582232194869,-0.997019504021749
1767217806.753736,6803,combined_score,0.9813572012788584,0.997019504021749,0.9813572012788584,-0.0156623027428906
1767217843.3114088,6805,combined_score,0.8996544170701055,0.997019504021749,-0.08170278420875288,-0.09736508695164348
1767217876.0978806,6807,combined_score,0.9704958469168055,0.997019504021749,0.07084142984669994,-0.026523657104943532
1767217950.073241,6808,combined_score,0.0,0.997019504021749,-0.9704958469168055,-0.997019504021749
1767218000.3412626,6811,combined_score,0.7973420440591515,0.997019504021749,0.7973420440591515,-0.19967745996259745
1767218031.2662475,6809,combined_score,0.0,0.997019504021749,-0.7973420440591515,-0.997019504021749
1767218036.870945,6804,combined_score,0.0,0.997019504021749,0.0,-0.997019504021749
1767218134.1490407,6813,combined_score,0.9310735465270367,0.997019504021749,0.9310735465270367,-0.06594595749471233
1767218146.1304245,6810,combined_score,0.0,0.997019504021749,-0.9310735465270367,-0.997019504021749
1767218181.1177702,6814,combined_score,0.0,0.997019504021749,0.0,-0.997019504021749
1767218219.2425206,6812,combined_score,0.9750189131787163,0.997019504021749,0.9750189131787163,-0.02200059084303274
1767218297.0951378,6816,combined_score,0.9635684201728414,0.997019504021749,-0.011450493005874862,-0.0334510838489076
1767218313.6576772,6817,combined_score,0.0,0.997019504021749,-0.9635684201728414,-0.997019504021749
1767218445.3505619,6818,combined_score,0.9491765691906002,0.997019504021749,0.9491765691906002,-0.047842934831148765
1767218481.6089215,6815,combined_score,0.0,0.997019504021749,-0.9491765691906002,-0.997019504021749
1767218516.1150749,6820,combined_score,0.97942214474399,0.997019504021749,0.97942214474399,-0.01759735927775896
1767218543.0220103,6822,combined_score,0.9681490863244255,0.997019504021749,-0.011273058419564497,-0.02887041769732346
1767218560.9727757,6819,combined_score,0.9796290480358114,0.997019504021749,0.011479961711385878,-0.01739045598593758
1767218618.5705147,6821,combined_score,0.0,0.997019504021749,-0.9796290480358114,-0.997019504021749
1767218662.7066493,6826,combined_score,0.0,0.997019504021749,0.0,-0.997019504021749
1767218677.8216252,6824,combined_score,0.9696406038298317,0.997019504021749,0.9696406038298317,-0.027378900191917244
1767218733.3528512,6823,combined_score,0.0,0.997019504021749,-0.9696406038298317,-0.997019504021749
1767218801.5201466,6825,combined_score,0.0,0.997019504021749,0.0,-0.997019504021749
1767218814.8907537,6828,combined_score,0.0,0.997019504021749,0.0,-0.997019504021749
1767218910.3183424,6829,combined_score,0.9749915625835411,0.997019504021749,0.9749915625835411,-0.022027941438207854
1767219017.0615547,6831,combined_score,0.9765840563662844,0.997019504021749,0.0015924937827432872,-0.020435447655464567
1767219053.6096303,6832,combined_score,0.0,0.997019504021749,-0.9765840563662844,-0.997019504021749
1767219086.083929,6827,combined_score,0.0,0.997019504021749,0.0,-0.997019504021749
1767219091.6264324,6830,combined_score,0.9810407986211571,0.997019504021749,0.9810407986211571,-0.015978705400591875
1767219145.4630394,6836,combined_score,0.0,0.997019504021749,-0.9810407986211571,-0.997019504021749
1767219267.504388,6834,combined_score,0.0,0.997019504021749,0.0,-0.997019504021749
1767219286.0244858,6835,combined_score,0.9792017755816281,0.997019504021749,0.9792017755816281,-0.01781772844012086
1767219352.913032,6837,combined_score,0.9918696304195008,0.997019504021749,0.012667854837872694,-0.005149873602248167
1767219452.2096784,6833,combined_score,0.0,0.997019504021749,-0.9918696304195008,-0.997019504021749
1767219473.3253002,6839,combined_score,0.9711448497200289,0.997019504021749,0.9711448497200289,-0.02587465430172009
1767219486.0237815,6838,combined_score,0.9809817337668114,0.997019504021749,0.009836884046782512,-0.016037770254937578
1767219682.3784173,6843,combined_score,0.0,0.997019504021749,-0.9809817337668114,-0.997019504021749
1767219697.716738,6842,combined_score,0.991749093185658,0.997019504021749,0.991749093185658,-0.005270410836091033
1767219768.8508325,6844,combined_score,0.0,0.997019504021749,-0.991749093185658,-0.997019504021749
1767219771.6177058,6840,combined_score,0.0,0.997019504021749,0.0,-0.997019504021749
1767219773.9930143,6845,combined_score,0.0,0.997019504021749,0.0,-0.997019504021749
1767219815.9645731,6846,combined_score,0.0,0.997019504021749,0.0,-0.997019504021749
1767219826.4382975,6847,combined_score,0.0,0.997019504021749,0.0,-0.997019504021749
1767219878.397044,6841,combined_score,0.0,0.997019504021749,0.0,-0.997019504021749
1767219956.7011356,6848,combined_score,0.9752905539554505,0.997019504021749,0.9752905539554505,-0.02172895006629849
1767219977.5511906,6850,combined_score,0.9760521374030597,0.997019504021749,0.0007615834476092376,-0.020967366618689254
1767220015.4314115,6849,combined_score,0.9795263179526014,0.997019504021749,0.003474180549541628,-0.017493186069147626
1767220163.8263724,6851,combined_score,0.9696825729772546,0.997019504021749,-0.009843744975346791,-0.027336931044494417
1767220181.2266681,6852,combined_score,0.0,0.997019504021749,-0.9696825729772546,-0.997019504021749
1767220246.9920409,6853,combined_score,0.0,0.997019504021749,0.0,-0.997019504021749
1767220255.7878406,6854,combined_score,0.0,0.997019504021749,0.0,-0.997019504021749
1767220286.3941963,6857,combined_score,0.0,0.997019504021749,0.0,-0.997019504021749
1767220286.6579993,6858,combined_score,0.0,0.997019504021749,0.0,-0.997019504021749
1767220350.3108132,6855,combined_score,0.9452684396174454,0.997019504021749,0.9452684396174454,-0.05175106440430355
1767220352.8112319,6859,combined_score,0.8921199032459934,0.997019504021749,-0.053148536371452004,-0.10489960077575555
1767220445.592652,6863,combined_score,0.0,0.997019504021749,-0.8921199032459934,-0.997019504021749
1767220489.9863083,6861,combined_score,0.9880403584074973,0.997019504021749,0.9880403584074973,-0.008979145614251727
1767220533.9130275,6860,combined_score,0.988007415014286,0.997019504021749,-3.294339321124884e-05,-0.009012089007462976
1767220595.9124095,6864,combined_score,0.0,0.997019504021749,-0.988007415014286,-0.997019504021749
1767220692.9843314,6865,combined_score,0.9850694197984033,0.997019504021749,0.9850694197984033,-0.011950084223345647
1767220763.6202104,6862,combined_score,0.0,0.997019504021749,-0.9850694197984033,-0.997019504021749
1767220765.588737,6866,combined_score,0.9869813997252442,0.997019504021749,0.9869813997252442,-0.010038104296504757
1767220792.6837888,6867,combined_score,0.0,0.997019504021749,-0.9869813997252442,-0.997019504021749
1767220837.8427167,6868,combined_score,0.0,0.997019504021749,0.0,-0.997019504021749
1767220901.933451,6869,combined_score,0.0,0.997019504021749,0.0,-0.997019504021749
1767220978.2803192,6871,combined_score,0.0,0.997019504021749,0.0,-0.997019504021749
1767221043.3231926,6872,combined_score,0.0,0.997019504021749,0.0,-0.997019504021749
1767221122.7698593,6873,combined_score,0.0,0.997019504021749,0.0,-0.997019504021749
1767221128.5693066,6874,combined_score,0.0,0.997019504021749,0.0,-0.997019504021749
1767221208.974248,6870,combined_score,0.0,0.997019504021749,0.0,-0.997019504021749
1767221272.830512,6875,combined_score,0.9789056736963817,0.997019504021749,0.9789056736963817,-0.018113830325367286
1767221279.0564358,6877,combined_score,0.0,0.997019504021749,-0.9789056736963817,-0.997019504021749
1767221290.1723483,6876,combined_score,0.9670790912441298,0.997019504021749,0.9670790912441298,-0.029940412777619163
1767221348.0988474,6878,combined_score,0.0,0.997019504021749,-0.9670790912441298,-0.997019504021749
1767221422.6758223,6881,combined_score,0.0,0.997019504021749,0.0,-0.997019504021749
1767221455.5067534,6882,combined_score,0.9351945932311831,0.997019504021749,0.9351945932311831,-0.061824910790565846
1767221462.7364116,6883,combined_score,0.0,0.997019504021749,-0.9351945932311831,-0.997019504021749
1767221478.2782183,6880,combined_score,0.9831772586742753,0.997019504021749,0.9831772586742753,-0.013842245347473692
1767221527.1690361,6885,combined_score,0.0,0.997019504021749,-0.9831772586742753,-0.997019504021749
1767221577.4848897,6886,combined_score,0.9330134942836749,0.997019504021749,0.9330134942836749,-0.06400600973807413
1767221696.8754785,6879,combined_score,0.0,0.997019504021749,-0.9330134942836749,-0.997019504021749
1767221729.3061385,6884,combined_score,0.0,0.997019504021749,0.0,-0.997019504021749
1767221755.735521,6889,combined_score,0.8923760019480744,0.997019504021749,0.8923760019480744,-0.10464350207367457
1767221765.651361,6888,combined_score,0.9897417537601608,0.997019504021749,0.0973657518120864,-0.007277750261588167
1767221805.2546647,6887,combined_score,0.9779252476738083,0.997019504021749,-0.01181650608635254,-0.019094256347940708
1767221905.2379515,6891,combined_score,0.0,0.997019504021749,-0.9779252476738083,-0.997019504021749
1767221911.9725385,6890,combined_score,0.0,0.997019504021749,0.0,-0.997019504021749
1767221951.6132078,6894,combined_score,0.0,0.997019504021749,0.0,-0.997019504021749
1767221953.6311636,6893,combined_score,0.8608654421081807,0.997019504021749,0.8608654421081807,-0.13615406191356827
1767221964.5631907,6895,combined_score,0.0,0.997019504021749,-0.8608654421081807,-0.997019504021749
1767222012.234285,6896,combined_score,0.0,0.997019504021749,0.0,-0.997019504021749
1767222046.9881847,6898,combined_score,0.9301415842476722,0.997019504021749,0.9301415842476722,-0.06687791977407676
1767222099.7991457,6900,combined_score,0.0,0.997019504021749,-0.9301415842476722,-0.997019504021749
1767222129.580072,6901,combined_score,0.0,0.997019504021749,0.0,-0.997019504021749
1767222175.9826248,6902,combined_score,0.0,0.997019504021749,0.0,-0.997019504021749
1767222213.68961,6892,combined_score,0.0,0.997019504021749,0.0,-0.997019504021749
1767222267.448741,6904,combined_score,0.0,0.997019504021749,0.0,-0.997019504021749
1767222385.9222233,6897,combined_score,0.0,0.997019504021749,0.0,-0.997019504021749
1767222396.0192611,6903,combined_score,0.0,0.997019504021749,0.0,-0.997019504021749
1767222432.4528675,6899,combined_score,0.0,0.997019504021749,0.0,-0.997019504021749
1767222517.0114622,6905,combined_score,0.0,0.997019504021749,0.0,-0.997019504021749
1767222551.0392082,6907,combined_score,0.0,0.997019504021749,0.0,-0.997019504021749
1767222638.4352617,6908,combined_score,0.0,0.997019504021749,0.0,-0.997019504021749
1767222652.504302,6909,combined_score,0.0,0.997019504021749,0.0,-0.997019504021749
1767222683.6774018,6911,combined_score,0.0,0.997019504021749,0.0,-0.997019504021749
1767222689.7398603,6912,combined_score,0.0,0.997019504021749,0.0,-0.997019504021749
1767222700.5339787,6910,combined_score,0.0,0.997019504021749,0.0,-0.997019504021749
1767222735.5895975,6914,combined_score,0.0,0.997019504021749,0.0,-0.997019504021749
1767222737.0758722,6913,combined_score,0.0,0.997019504021749,0.0,-0.997019504021749
1767222785.230379,6917,combined_score,0.0,0.997019504021749,0.0,-0.997019504021749
1767222793.7940605,6916,combined_score,0.0,0.997019504021749,0.0,-0.997019504021749
1767222811.4666448,6906,combined_score,0.0,0.997019504021749,0.0,-0.997019504021749
1767222954.747754,6915,combined_score,0.0,0.997019504021749,0.0,-0.997019504021749
1767222969.5726988,6920,combined_score,0.9719351927495091,0.997019504021749,0.9719351927495091,-0.025084311272239868
1767222979.0078738,6919,combined_score,0.9779770305714274,0.997019504021749,0.00604183782191825,-0.019042473450321618
1767222989.841265,6918,combined_score,0.0,0.997019504021749,-0.9779770305714274,-0.997019504021749
1767223129.686754,6921,combined_score,0.9718809626393565,0.997019504021749,0.9718809626393565,-0.025138541382392465
1767223136.8809793,6922,combined_score,0.9714221945569972,0.997019504021749,-0.00045876808235933986,-0.025597309464751805
1767223182.7083836,6926,combined_score,0.0,0.997019504021749,-0.9714221945569972,-0.997019504021749
1767223185.3595648,6923,combined_score,0.9638618283702498,0.997019504021749,0.9638618283702498,-0.033157675651499185
1767223186.2083182,6924,combined_score,0.9720802180572574,0.997019504021749,0.00821838968700761,-0.024939285964491575
1767223222.6147425,6929,combined_score,0.7861905635043535,0.997019504021749,-0.18588965455290396,-0.21082894051739554
1767223234.8655715,6925,combined_score,0.0,0.997019504021749,-0.7861905635043535,-0.997019504021749
1767223328.2918942,6927,combined_score,0.0,0.997019504021749,0.0,-0.997019504021749
1767223397.926484,6931,combined_score,0.0,0.997019504021749,0.0,-0.997019504021749
1767223447.8517828,6930,combined_score,0.9204867294373513,0.997019504021749,0.9204867294373513,-0.07653277458439767
1767223524.5369189,6932,combined_score,0.9876880002832257,0.997019504021749,0.06720127084587435,-0.009331503738523317
1767223615.700633,6928,combined_score,0.0,0.997019504021749,-0.9876880002832257,-0.997019504021749
1767223643.484327,6934,combined_score,0.9788934376140546,0.997019504021749,0.9788934376140546,-0.01812606640769443
1767223668.6014051,6935,combined_score,0.0,0.997019504021749,-0.9788934376140546,-0.997019504021749
1767223672.2901967,6933,combined_score,0.997019504021749,0.997019504021749,0.997019504021749,0.0
1767223808.132353,6937,combined_score,0.9777783365673209,0.997019504021749,-0.019241167454428054,-0.019241167454428054
1767223871.019384,6938,combined_score,0.0,0.997019504021749,-0.9777783365673209,-0.997019504021749
1767223953.8571475,6940,combined_score,0.0,0.997019504021749,0.0,-0.997019504021749
1767223971.3254504,6936,combined_score,0.0,0.997019504021749,0.0,-0.997019504021749
1767224092.7103887,6939,combined_score,0.0,0.997019504021749,0.0,-0.997019504021749
1767224117.405632,6941,combined_score,0.0,0.997019504021749,0.0,-0.997019504021749
1767224170.4213235,6942,combined_score,0.0,0.997019504021749,0.0,-0.997019504021749
1767224181.1130295,6943,combined_score,0.9774938815594528,0.997019504021749,0.9774938815594528,-0.019525622462296166
1767224330.7337708,6945,combined_score,0.9793664303212567,0.997019504021749,0.0018725487618038716,-0.017653073700492294
1767224354.853902,6947,combined_score,0.9582627931352887,0.997019504021749,-0.02110363718596797,-0.038756710886460266
1767224366.0488522,6946,combined_score,0.9828124232084865,0.997019504021749,0.02454963007319777,-0.014207080813262496
1767224407.9798846,6950,combined_score,0.0,0.997019504021749,-0.9828124232084865,-0.997019504021749
1767224481.3155627,6948,combined_score,0.9214856638422405,0.997019504021749,0.9214856638422405,-0.07553384017950848
1767224493.577552,6949,combined_score,0.0,0.997019504021749,-0.9214856638422405,-0.997019504021749
1767224507.994264,6952,combined_score,0.0,0.997019504021749,0.0,-0.997019504021749
1767224515.6304648,6944,combined_score,0.0,0.997019504021749,0.0,-0.997019504021749
1767224528.7980378,6953,combined_score,0.0,0.997019504021749,0.0,-0.997019504021749
1767224568.5343072,6955,combined_score,0.0,0.997019504021749,0.0,-0.997019504021749
1767224575.2806156,6954,combined_score,0.0,0.997019504021749,0.0,-0.997019504021749
1767224607.4125187,6951,combined_score,0.9853129240447794,0.997019504021749,0.9853129240447794,-0.011706579976969556
1767224621.842324,6957,combined_score,0.0,0.997019504021749,-0.9853129240447794,-0.997019504021749
1767224656.5046725,6959,combined_score,0.0,0.997019504021749,0.0,-0.997019504021749
1767224704.7360287,6961,combined_score,0.0,0.997019504021749,0.0,-0.997019504021749
1767224723.6957264,6958,combined_score,0.9691445829681353,0.997019504021749,0.9691445829681353,-0.027874921053613666
1767224798.761156,6960,combined_score,0.9831772586742753,0.997019504021749,0.014032675706139974,-0.013842245347473692
1767224886.0917695,6962,combined_score,0.9823378778351757,0.997019504021749,-0.0008393808390996238,-0.014681626186573316
1767224956.6279895,6956,combined_score,0.0,0.997019504021749,-0.9823378778351757,-0.997019504021749
1767225006.6757321,6966,combined_score,0.0,0.997019504021749,0.0,-0.997019504021749
1767225151.4295938,6963,combined_score,0.0,0.997019504021749,0.0,-0.997019504021749
1767225167.3733633,6967,combined_score,0.0,0.997019504021749,0.0,-0.997019504021749
1767225215.6929567,6969,combined_score,0.0,0.997019504021749,0.0,-0.997019504021749
1767225224.6924634,6964,combined_score,0.0,0.997019504021749,0.0,-0.997019504021749
1767225248.2511363,6970,combined_score,0.0,0.997019504021749,0.0,-0.997019504021749
1767225258.9178271,6971,combined_score,0.0,0.997019504021749,0.0,-0.997019504021749
1767225285.062609,6968,combined_score,0.9381604204726562,0.997019504021749,0.9381604204726562,-0.05885908354909275
1767225300.9730577,6965,combined_score,0.0,0.997019504021749,-0.9381604204726562,-0.997019504021749
1767225333.0330317,6974,combined_score,0.0,0.997019504021749,0.0,-0.997019504021749
1767225345.572288,6975,combined_score,0.0,0.997019504021749,0.0,-0.997019504021749
1767225453.5293653,6973,combined_score,0.0,0.997019504021749,0.0,-0.997019504021749
1767225471.4901588,6972,combined_score,0.0,0.997019504021749,0.0,-0.997019504021749
1767225588.3298593,6977,combined_score,0.9776379520799121,0.997019504021749,0.9776379520799121,-0.019381551941836883
1767225647.2220304,6976,combined_score,0.0,0.997019504021749,-0.9776379520799121,-0.997019504021749
1767225658.2488122,6978,combined_score,0.0,0.997019504021749,0.0,-0.997019504021749
1767225711.060892,6979,combined_score,0.0,0.997019504021749,0.0,-0.997019504021749
1767225741.5337927,6980,combined_score,0.9601414380768405,0.997019504021749,0.9601414380768405,-0.0368780659449085
1767225794.2018154,6981,combined_score,0.9636867201173579,0.997019504021749,0.0035452820405174057,-0.033332783904391095
1767225859.4067075,6982,combined_score,0.968802457813398,0.997019504021749,0.0051157376960401235,-0.02821704620835097
1767225883.074729,6983,combined_score,0.0,0.997019504021749,-0.968802457813398,-0.997019504021749
1767225887.265048,6984,combined_score,0.940404986902708,0.997019504021749,0.940404986902708,-0.056614517119040975
1767225930.379544,6985,combined_score,0.0,0.997019504021749,-0.940404986902708,-0.997019504021749
1767225931.433468,6987,combined_score,0.0,0.997019504021749,0.0,-0.997019504021749
1767226040.9649289,6986,combined_score,0.98032668444683,0.997019504021749,0.98032668444683,-0.01669281957491897
1767226052.4054174,6988,combined_score,0.0,0.997019504021749,-0.98032668444683,-0.997019504021749
1767226074.5990314,6990,combined_score,0.0,0.997019504021749,0.0,-0.997019504021749
1767226099.251245,6991,combined_score,0.0,0.997019504021749,0.0,-0.997019504021749
1767226100.3444343,6989,combined_score,0.0,0.997019504021749,0.0,-0.997019504021749
1767226133.2108178,6993,combined_score,0.0,0.997019504021749,0.0,-0.997019504021749
1767226149.3101377,6995,combined_score,0.0,0.997019504021749,0.0,-0.997019504021749
1767226151.0852325,6994,combined_score,0.0,0.997019504021749,0.0,-0.997019504021749
1767226206.6911173,6998,combined_score,0.0,0.997019504021749,0.0,-0.997019504021749
1767226262.5904346,6992,combined_score,0.9708408548754086,0.997019504021749,0.9708408548754086,-0.026178649146340383
1767226316.4278564,7000,combined_score,0.0,0.997019504021749,-0.9708408548754086,-0.997019504021749
1767226344.6957574,6996,combined_score,0.0,0.997019504021749,0.0,-0.997019504021749
1767226347.8714745,6997,combined_score,0.981197877063915,0.997019504021749,0.981197877063915,-0.015821626957833956
1767226376.0454524,6999,combined_score,0.0,0.997019504021749,-0.981197877063915,-0.997019504021749
1767226403.721449,7003,combined_score,0.0,0.997019504021749,0.0,-0.997019504021749
1767226591.6076474,7001,combined_score,0.9740491628135176,0.997019504021749,0.9740491628135176,-0.022970341208231382
1767226595.9286976,7004,combined_score,0.0,0.997019504021749,-0.9740491628135176,-0.997019504021749
1767226622.383833,7005,combined_score,0.9852484394412064,0.997019504021749,0.9852484394412064,-0.011771064580542556
1767226757.7609072,7008,combined_score,0.0,0.997019504021749,-0.9852484394412064,-0.997019504021749
1767226776.3789558,7006,combined_score,0.0,0.997019504021749,0.0,-0.997019504021749
1767226776.398215,7007,combined_score,0.0,0.997019504021749,0.0,-0.997019504021749
1767226777.200087,7002,combined_score,0.0,0.997019504021749,0.0,-0.997019504021749
1767226943.9574869,7009,combined_score,0.9823305363958652,0.997019504021749,0.9823305363958652,-0.014688967625883786
1767227000.7863345,7011,combined_score,0.9804027685003792,0.997019504021749,-0.0019277678954859878,-0.016616735521369774
1767227004.9436896,7012,combined_score,0.0,0.997019504021749,-0.9804027685003792,-0.997019504021749
1767227040.512769,7010,combined_score,0.9805363243429707,0.997019504021749,0.9805363243429707,-0.016483179678778326
1767227092.626207,7016,combined_score,0.0,0.997019504021749,-0.9805363243429707,-0.997019504021749
1767227115.4809818,7013,combined_score,0.9414642609504351,0.997019504021749,0.9414642609504351,-0.055555243071313876
1767227118.153183,7014,combined_score,0.8203748241660248,0.997019504021749,-0.12108943678441031,-0.17664467985572418
1767227234.7301884,7017,combined_score,0.8473040627086007,0.997019504021749,0.026929238542575895,-0.1497154413131483
1767227236.5797768,7015,combined_score,0.0,0.997019504021749,-0.8473040627086007,-0.997019504021749
1767227345.5110123,7019,combined_score,0.0,0.997019504021749,0.0,-0.997019504021749
1767227362.7413177,7020,combined_score,0.8394183659437152,0.997019504021749,0.8394183659437152,-0.15760113807803378
1767227382.516967,7018,combined_score,0.9791792709979719,0.997019504021749,0.13976090505425665,-0.01784023302377713
1767227437.4320168,7024,combined_score,0.0,0.997019504021749,-0.9791792709979719,-0.997019504021749
1767227438.211121,7021,combined_score,0.9864345533522612,0.997019504021749,0.9864345533522612,-0.010584950669487836
1767227589.1221988,7025,combined_score,0.9770217539860553,0.997019504021749,-0.00941279936620587,-0.019997750035693707
1767227619.1566334,7026,combined_score,0.9791876757900335,0.997019504021749,0.0021659218039782324,-0.017831828231715474
1767227631.4511044,7027,combined_score,0.0,0.997019504021749,-0.9791876757900335,-0.997019504021749
1767227699.9934897,7023,combined_score,0.0,0.997019504021749,0.0,-0.997019504021749
1767227781.7772887,7022,combined_score,0.0,0.997019504021749,0.0,-0.997019504021749
1767227819.8676374,7028,combined_score,0.9427565326668311,0.997019504021749,0.9427565326668311,-0.054262971354917866
1767227840.9224458,7029,combined_score,0.0,0.997019504021749,-0.9427565326668311,-0.997019504021749
1767227924.2362413,7030,combined_score,0.9776075108628377,0.997019504021749,0.9776075108628377,-0.01941199315891129
1767227964.564315,7032,combined_score,0.0,0.997019504021749,-0.9776075108628377,-0.997019504021749
1767227965.6684628,7031,combined_score,0.9829725314036896,0.997019504021749,0.9829725314036896,-0.014046972618059428
1767228035.9258375,7033,combined_score,0.9838045903918565,0.997019504021749,0.0008320589881669616,-0.013214913629892466
1767228084.7297518,7037,combined_score,0.0,0.997019504021749,-0.9838045903918565,-0.997019504021749
1767228181.0946949,7035,combined_score,0.0,0.997019504021749,0.0,-0.997019504021749
1767228207.7830932,7036,combined_score,0.0,0.997019504021749,0.0,-0.997019504021749
1767228220.7801678,7039,combined_score,0.0,0.997019504021749,0.0,-0.997019504021749
1767228306.2196004,7038,combined_score,0.0,0.997019504021749,0.0,-0.997019504021749
1767228351.7038267,7040,combined_score,0.0,0.997019504021749,0.0,-0.997019504021749
1767228355.449448,7042,combined_score,0.0,0.997019504021749,0.0,-0.997019504021749
1767228361.9879856,7034,combined_score,0.0,0.997019504021749,0.0,-0.997019504021749
1767228408.8795056,7045,combined_score,0.0,0.997019504021749,0.0,-0.997019504021749
1767228420.801852,7044,combined_score,0.8897756481625093,0.997019504021749,0.8897756481625093,-0.10724385585923968
1767228550.5736172,7046,combined_score,0.0,0.997019504021749,-0.8897756481625093,-0.997019504021749
1767228572.3129938,7043,combined_score,0.9831243699583568,0.997019504021749,0.9831243699583568,-0.013895134063392156
1767228583.8495555,7041,combined_score,0.0,0.997019504021749,-0.9831243699583568,-0.997019504021749
1767228615.5687718,7047,combined_score,0.0,0.997019504021749,0.0,-0.997019504021749
1767228701.6536815,7048,combined_score,0.0,0.997019504021749,0.0,-0.997019504021749
1767228704.44093,7049,combined_score,0.0,0.997019504021749,0.0,-0.997019504021749
1767228756.2295198,7052,combined_score,0.0,0.997019504021749,0.0,-0.997019504021749
1767228866.879364,7053,combined_score,0.9838661297538682,0.997019504021749,0.9838661297538682,-0.013153374267880769
1767228905.1272397,7054,combined_score,0.9685039597607945,0.997019504021749,-0.015362169993073715,-0.028515544260954484
1767228920.8490784,7051,combined_score,0.0,0.997019504021749,-0.9685039597607945,-0.997019504021749
1767229005.4522102,7050,combined_score,0.0,0.997019504021749,0.0,-0.997019504021749
1767229075.256746,7055,combined_score,0.991796290740924,0.997019504021749,0.991796290740924,-0.005223213280824979
1767229089.430933,7057,combined_score,0.9608025747740251,0.997019504021749,-0.030993715966898927,-0.036216929247723906
1767229115.5896528,7058,combined_score,0.0,0.997019504021749,-0.9608025747740251,-0.997019504021749
1767229156.0670102,7059,combined_score,0.9094892903895262,0.997019504021749,0.9094892903895262,-0.0875302136322228
1767229267.3636017,7061,combined_score,0.0,0.997019504021749,-0.9094892903895262,-0.997019504021749
1767229280.2654083,7060,combined_score,0.9782815579443275,0.997019504021749,0.9782815579443275,-0.01873794607742152
1767229314.3864577,7063,combined_score,0.0,0.997019504021749,-0.9782815579443275,-0.997019504021749
1767229332.9719334,7064,combined_score,0.0,0.997019504021749,0.0,-0.997019504021749
1767229337.8401122,7056,combined_score,0.0,0.997019504021749,0.0,-0.997019504021749
1767229371.508067,7066,combined_score,0.0,0.997019504021749,0.0,-0.997019504021749
1767229417.703117,7068,combined_score,0.0,0.997019504021749,0.0,-0.997019504021749
1767229484.242662,7067,combined_score,0.9922631167301514,0.997019504021749,0.9922631167301514,-0.0047563872915975525
1767229522.985319,7065,combined_score,0.9677226070499377,0.997019504021749,-0.024540509680213707,-0.02929689697181126
1767229529.847096,7070,combined_score,0.0,0.997019504021749,-0.9677226070499377,-0.997019504021749
1767229559.293814,7069,combined_score,0.979282726710133,0.997019504021749,0.979282726710133,-0.017736777311616048
1767229572.284054,7072,combined_score,0.0,0.997019504021749,-0.979282726710133,-0.997019504021749
1767229580.3669202,7062,combined_score,0.0,0.997019504021749,0.0,-0.997019504021749
1767229680.9475849,7071,combined_score,0.9656723551574121,0.997019504021749,0.9656723551574121,-0.03134714886433687
1767229721.9893885,7073,combined_score,0.9713450405420111,0.997019504021749,0.005672685384598974,-0.025674463479737897
1767229740.9023712,7074,combined_score,0.9881531595839573,0.997019504021749,0.016808119041946235,-0.008866344437791662
1767229919.448171,7076,combined_score,0.0,0.997019504021749,-0.9881531595839573,-0.997019504021749
1767229938.657063,7077,combined_score,0.997019504021749,0.997019504021749,0.997019504021749,0.0
1767229959.9445117,7078,combined_score,0.9790652207902206,0.997019504021749,-0.017954283231528367,-0.017954283231528367
1767230001.8426807,7075,combined_score,0.0,0.997019504021749,-0.9790652207902206,-0.997019504021749
1767230099.1601408,7079,combined_score,0.9820175518132103,0.997019504021749,0.9820175518132103,-0.015001952208538727
1767230105.0530608,7081,combined_score,0.0,0.997019504021749,-0.9820175518132103,-0.997019504021749
1767230140.2790241,7080,combined_score,0.0,0.997019504021749,0.0,-0.997019504021749
1767230180.4476411,7082,combined_score,0.9692019394552797,0.997019504021749,0.9692019394552797,-0.027817564566469333
1767230180.9291153,7083,combined_score,0.9068420880137311,0.997019504021749,-0.06235985144154854,-0.09017741600801787
1767230209.4150052,7084,combined_score,0.9025453888805254,0.997019504021749,-0.004296699133205739,-0.09447411514122361
1767230311.0279655,7087,combined_score,0.899060724651678,0.997019504021749,-0.0034846642288474117,-0.09795877937007103
1767230354.4984162,7086,combined_score,0.0,0.997019504021749,-0.899060724651678,-0.997019504021749
1767230373.1430025,7088,combined_score,0.9819295302970431,0.997019504021749,0.9819295302970431,-0.015089973724705885
1767230509.9614313,7091,combined_score,0.0,0.997019504021749,-0.9819295302970431,-0.997019504021749
1767230538.6697428,7090,combined_score,0.98318945431144,0.997019504021749,0.98318945431144,-0.01383004971030899
1767230564.5481777,7085,combined_score,0.0,0.997019504021749,-0.98318945431144,-0.997019504021749
1767230668.3382876,7093,combined_score,0.9695076934318964,0.997019504021749,0.9695076934318964,-0.027511810589852637
1767230671.9659116,7094,combined_score,0.0,0.997019504021749,-0.9695076934318964,-0.997019504021749
1767230714.884777,7092,combined_score,0.0,0.997019504021749,0.0,-0.997019504021749
1767230831.101905,7097,combined_score,0.9731186399584144,0.997019504021749,0.9731186399584144,-0.02390086406333458
1767230848.1528687,7098,combined_score,0.9295505831250331,0.997019504021749,-0.043568056833381275,-0.06746892089671586
1767230862.4467006,7096,combined_score,0.9671465422636772,0.997019504021749,0.03759595913864411,-0.029872961758071748
1767230893.132639,7100,combined_score,0.8572650269891186,0.997019504021749,-0.1098815152745587,-0.13975447703263044
1767230997.8137472,7095,combined_score,0.0,0.997019504021749,-0.8572650269891186,-0.997019504021749
1767231038.1395464,7103,combined_score,0.0,0.997019504021749,0.0,-0.997019504021749
1767231049.0519116,7101,combined_score,0.7872237253901829,0.997019504021749,0.7872237253901829,-0.20979577863156607
1767231057.7275827,7099,combined_score,0.9841610492392296,0.997019504021749,0.19693732384904672,-0.012858454782519346
1767231075.0703561,7102,combined_score,0.0,0.997019504021749,-0.9841610492392296,-0.997019504021749
1767231103.481879,7106,combined_score,0.0,0.997019504021749,0.0,-0.997019504021749
1767231123.8456569,7107,combined_score,0.0,0.997019504021749,0.0,-0.997019504021749
1767231219.8447957,7105,combined_score,0.922993663317433,0.997019504021749,0.922993663317433,-0.07402584070431595
1767231277.7870915,7108,combined_score,0.9876156330679092,0.997019504021749,0.06462196975047618,-0.009403870953839766
1767231278.5156136,7109,combined_score,0.0,0.997019504021749,-0.9876156330679092,-0.997019504021749
1767231413.4267635,7111,combined_score,0.0,0.997019504021749,0.0,-0.997019504021749
1767231439.2829762,7110,combined_score,0.997019504021749,0.997019504021749,0.997019504021749,0.0
1767231454.097636,7112,combined_score,0.9717820146814847,0.997019504021749,-0.025237489340264263,-0.025237489340264263
1767231480.3067873,7104,combined_score,0.0,0.997019504021749,-0.9717820146814847,-0.997019504021749
1767231490.0170462,7115,combined_score,0.0,0.997019504021749,0.0,-0.997019504021749
1767231548.5531998,7116,combined_score,0.0,0.997019504021749,0.0,-0.997019504021749
1767231700.6725514,7117,combined_score,0.0,0.997019504021749,0.0,-0.997019504021749
1767231729.0037277,7118,combined_score,0.0,0.997019504021749,0.0,-0.997019504021749
1767231803.749564,7113,combined_score,0.0,0.997019504021749,0.0,-0.997019504021749
1767231840.7006714,7114,combined_score,0.0,0.997019504021749,0.0,-0.997019504021749
1767231918.07657,7120,combined_score,0.9554622554558864,0.997019504021749,0.9554622554558864,-0.041557248565862626
1767231920.9098897,7119,combined_score,0.0,0.997019504021749,-0.9554622554558864,-0.997019504021749
1767231950.5515447,7124,combined_score,0.0,0.997019504021749,0.0,-0.997019504021749
1767232026.2029593,7122,combined_score,0.9788198953330355,0.997019504021749,0.9788198953330355,-0.01819960868871351
1767232054.6481206,7123,combined_score,0.891464500114253,0.997019504021749,-0.08735539521878244,-0.10555500390749595
1767232094.1799924,7125,combined_score,0.0,0.997019504021749,-0.891464500114253,-0.997019504021749
1767232142.0756836,7128,combined_score,0.0,0.997019504021749,0.0,-0.997019504021749
1767232189.6858275,7129,combined_score,0.9441353887109655,0.997019504021749,0.9441353887109655,-0.05288411531078352
1767232204.891745,7127,combined_score,0.0,0.997019504021749,-0.9441353887109655,-0.997019504021749
1767232233.5514328,7121,combined_score,0.0,0.997019504021749,0.0,-0.997019504021749
1767232255.2375224,7126,combined_score,0.9853362741359446,0.997019504021749,0.9853362741359446,-0.011683229885804391
1767232384.5964932,7132,combined_score,0.0,0.997019504021749,-0.9853362741359446,-0.997019504021749
1767232409.7125783,7130,combined_score,0.0,0.997019504021749,0.0,-0.997019504021749
1767232468.9147248,7133,combined_score,0.0,0.997019504021749,0.0,-0.997019504021749
1767232486.5994864,7131,combined_score,0.9627974312462965,0.997019504021749,0.9627974312462965,-0.03422207277545253
1767232574.3447447,7134,combined_score,0.9938458511204995,0.997019504021749,0.031048419874203037,-0.0031736529012494907
1767232668.6612842,7136,combined_score,0.0,0.997019504021749,-0.9938458511204995,-0.997019504021749
1767232672.4089153,7138,combined_score,0.8719349824034061,0.997019504021749,0.8719349824034061,-0.12508452161834294
1767232690.0421197,7137,combined_score,0.0,0.997019504021749,-0.8719349824034061,-0.997019504021749
1767232845.0155551,7135,combined_score,0.0,0.997019504021749,0.0,-0.997019504021749
1767232850.7502398,7141,combined_score,0.9707117827126927,0.997019504021749,0.9707117827126927,-0.026307721309056342
1767232867.9911196,7140,combined_score,0.0,0.997019504021749,-0.9707117827126927,-0.997019504021749
1767232902.3136153,7139,combined_score,0.0,0.997019504021749,0.0,-0.997019504021749
1767233079.779895,7144,combined_score,0.0,0.997019504021749,0.0,-0.997019504021749
1767233109.6216066,7142,combined_score,0.0,0.997019504021749,0.0,-0.997019504021749
1767233124.1585228,7145,combined_score,0.989605132965501,0.997019504021749,0.989605132965501,-0.007414371056247981
1767233128.0521908,7146,combined_score,0.0,0.997019504021749,-0.989605132965501,-0.997019504021749
1767233243.5547059,7148,combined_score,0.9353868997886803,0.997019504021749,0.9353868997886803,-0.06163260423306871
1767233269.0437138,7147,combined_score,0.9819833221691268,0.997019504021749,0.04659642238044648,-0.015036181852622232
1767233281.582869,7143,combined_score,0.0,0.997019504021749,-0.9819833221691268,-0.997019504021749
1767233299.69923,7149,combined_score,0.0,0.997019504021749,0.0,-0.997019504021749
1767233437.5006151,7151,combined_score,0.0,0.997019504021749,0.0,-0.997019504021749
1767233445.5305495,7150,combined_score,0.0,0.997019504021749,0.0,-0.997019504021749
1767233458.9844449,7152,combined_score,0.9763166656401033,0.997019504021749,0.9763166656401033,-0.02070283838164566
1767233585.2313387,7156,combined_score,0.8870430028884033,0.997019504021749,-0.08927366275170001,-0.10997650113334567
1767233640.7657886,7154,combined_score,0.9481459022235023,0.997019504021749,0.06110289933509894,-0.048873601798246735
1767233718.7063162,7157,combined_score,0.0,0.997019504021749,-0.9481459022235023,-0.997019504021749
1767233729.0400271,7153,combined_score,0.0,0.997019504021749,0.0,-0.997019504021749
1767233772.3553653,7160,combined_score,0.0,0.997019504021749,0.0,-0.997019504021749
1767233847.2306018,7158,combined_score,0.0,0.997019504021749,0.0,-0.997019504021749
1767233880.4472468,7155,combined_score,0.0,0.997019504021749,0.0,-0.997019504021749
1767233885.3404572,7161,combined_score,0.0,0.997019504021749,0.0,-0.997019504021749
1767233916.319024,7159,combined_score,0.9626635293866073,0.997019504021749,0.9626635293866073,-0.03435597463514173
1767233983.1941144,7162,combined_score,0.0,0.997019504021749,-0.9626635293866073,-0.997019504021749
1767234035.562866,7163,combined_score,0.9745119747668882,0.997019504021749,0.9745119747668882,-0.02250752925486077
1767234062.655922,7164,combined_score,0.9786745225863783,0.997019504021749,0.004162547819490103,-0.018344981435370666
1767234067.8971663,7166,combined_score,0.0,0.997019504021749,-0.9786745225863783,-0.997019504021749
1767234069.3312097,7165,combined_score,0.9306887477207332,0.997019504021749,0.9306887477207332,-0.06633075630101581
1767234100.8052692,7167,combined_score,0.0,0.997019504021749,-0.9306887477207332,-0.997019504021749
1767234109.6581893,7168,combined_score,0.0,0.997019504021749,0.0,-0.997019504021749
1767234145.314476,7169,combined_score,0.8977178794750809,0.997019504021749,0.8977178794750809,-0.09930162454666813
1767234217.6678746,7170,combined_score,0.0,0.997019504021749,-0.8977178794750809,-0.997019504021749
1767234219.059888,7173,combined_score,0.9296390515912031,0.997019504021749,0.9296390515912031,-0.06738045243054591
1767234270.9506385,7175,combined_score,0.0,0.997019504021749,-0.9296390515912031,-0.997019504021749
1767234305.4377086,7171,combined_score,0.0,0.997019504021749,0.0,-0.997019504021749
1767234342.7841501,7177,combined_score,0.0,0.997019504021749,0.0,-0.997019504021749
1767234369.1243398,7172,combined_score,0.0,0.997019504021749,0.0,-0.997019504021749
1767234383.2878087,7174,combined_score,0.9751427959040706,0.997019504021749,0.9751427959040706,-0.02187670811767839
1767234392.6183877,7178,combined_score,0.0,0.997019504021749,-0.9751427959040706,-0.997019504021749
1767234422.2883377,7180,combined_score,0.0,0.997019504021749,0.0,-0.997019504021749
1767234446.3716154,7181,combined_score,0.0,0.997019504021749,0.0,-0.997019504021749
1767234456.0025835,7176,combined_score,0.9838180721268172,0.997019504021749,0.9838180721268172,-0.013201431894931837
1767234476.5748463,7182,combined_score,0.0,0.997019504021749,-0.9838180721268172,-0.997019504021749
1767234547.0803473,7179,combined_score,0.9814692698434381,0.997019504021749,0.9814692698434381,-0.015550234178310918
1767234619.629214,7186,combined_score,0.0,0.997019504021749,-0.9814692698434381,-0.997019504021749
1767234685.0753925,7184,combined_score,0.9842015794352893,0.997019504021749,0.9842015794352893,-0.012817924586459695
1767234688.8266518,7185,combined_score,0.9833732381636086,0.997019504021749,-0.0008283412716807437,-0.013646265858140438
1767234736.5125918,7188,combined_score,0.0,0.997019504021749,-0.9833732381636086,-0.997019504021749
1767234822.2596989,7187,combined_score,0.0,0.997019504021749,0.0,-0.997019504021749
1767234842.8796089,7189,combined_score,0.0,0.997019504021749,0.0,-0.997019504021749
1767234889.0014486,7192,combined_score,0.0,0.997019504021749,0.0,-0.997019504021749
1767234918.4836063,7183,combined_score,0.0,0.997019504021749,0.0,-0.997019504021749
1767234953.1224155,7190,combined_score,0.9692612283081868,0.997019504021749,0.9692612283081868,-0.027758275713562153
1767234970.5401301,7194,combined_score,0.0,0.997019504021749,-0.9692612283081868,-0.997019504021749
1767234974.376764,7191,combined_score,0.0,0.997019504021749,0.0,-0.997019504021749
1767235010.490423,7193,combined_score,0.9376793206113889,0.997019504021749,0.9376793206113889,-0.05934018341036007
1767235121.2499151,7195,combined_score,0.0,0.997019504021749,-0.9376793206113889,-0.997019504021749
1767235167.6629136,7198,combined_score,0.9854021633202301,0.997019504021749,0.9854021633202301,-0.011617340701518875
1767235184.0281987,7197,combined_score,0.0,0.997019504021749,-0.9854021633202301,-0.997019504021749
1767235188.089202,7196,combined_score,0.975608855785513,0.997019504021749,0.975608855785513,-0.021410648236235952
1767235203.658903,7200,combined_score,0.0,0.997019504021749,-0.975608855785513,-0.997019504021749
1767235221.646007,7199,combined_score,0.8970293293371013,0.997019504021749,0.8970293293371013,-0.09999017468464766
1767235230.0369112,7202,combined_score,0.0,0.997019504021749,-0.8970293293371013,-0.997019504021749
1767235364.7629209,7201,combined_score,0.0,0.997019504021749,0.0,-0.997019504021749
1767235368.7122736,7204,combined_score,0.0,0.997019504021749,0.0,-0.997019504021749
1767235395.4837534,7203,combined_score,0.9764732742970923,0.997019504021749,0.9764732742970923,-0.020546229724656695
1767235398.4389172,7207,combined_score,0.0,0.997019504021749,-0.9764732742970923,-0.997019504021749
1767235418.3048935,7205,combined_score,0.9839454847649429,0.997019504021749,0.9839454847649429,-0.013074019256806069
1767235429.5949454,7208,combined_score,0.0,0.997019504021749,-0.9839454847649429,-0.997019504021749
1767235460.6278465,7211,combined_score,0.0,0.997019504021749,0.0,-0.997019504021749
1767235568.0997355,7206,combined_score,0.9823224666710312,0.997019504021749,0.9823224666710312,-0.014697037350717812
1767235585.8996778,7209,combined_score,0.9653421855068672,0.997019504021749,-0.016980281164163946,-0.03167731851488176
1767235603.259436,7212,combined_score,0.978724143991084,0.997019504021749,0.01338195848421675,-0.01829536003066501
1767235702.2937303,7210,combined_score,0.0,0.997019504021749,-0.978724143991084,-0.997019504021749
1767235740.8351822,7213,combined_score,0.987510495407118,0.997019504021749,0.987510495407118,-0.009509008614630998
1767235749.930968,7214,combined_score,0.976097755223857,0.997019504021749,-0.011412740183260994,-0.020921748797891992
1767235793.1581576,7217,combined_score,0.0,0.997019504021749,-0.976097755223857,-0.997019504021749
1767235809.2931232,7215,combined_score,0.9536074117289497,0.997019504021749,0.9536074117289497,-0.0434120922927993
1767235861.8556075,7216,combined_score,0.9687531061076899,0.997019504021749,0.015145694378740249,-0.02826639791405905
1767235904.9241056,7221,combined_score,0.0,0.997019504021749,-0.9687531061076899,-0.997019504021749
1767235970.1190734,7218,combined_score,0.9685598114656204,0.997019504021749,0.9685598114656204,-0.02845969255612857
1767235975.0616806,7222,combined_score,0.9010833382516406,0.997019504021749,-0.06747647321397987,-0.09593616577010844
1767235998.2184703,7220,combined_score,0.9760686740307463,0.997019504021749,0.07498533577910571,-0.02095082999100273
1767236089.5751345,7225,combined_score,0.9376721359336246,0.997019504021749,-0.038396538097121624,-0.05934736808812435
1767236170.8480175,7223,combined_score,0.9828128640457479,0.997019504021749,0.04514072811212322,-0.014206639976001134
1767236201.3379903,7224,combined_score,0.9491144191447257,0.997019504021749,-0.03369844490102214,-0.047905084877023274
1767236229.1170914,7219,combined_score,0.0,0.997019504021749,-0.9491144191447257,-0.997019504021749
1767236352.7395053,7227,combined_score,0.9772247619796703,0.997019504021749,0.9772247619796703,-0.01979474204207865
1767236418.965809,7229,combined_score,0.9788939511199672,0.997019504021749,0.0016691891402969006,-0.01812555290178175
1767236420.9670305,7228,combined_score,0.0,0.997019504021749,-0.9788939511199672,-0.997019504021749
1767236516.9870028,7226,combined_score,0.0,0.997019504021749,0.0,-0.997019504021749
1767236571.3200932,7231,combined_score,0.9864586307582228,0.997019504021749,0.9864586307582228,-0.010560873263526172
1767236616.2616477,7230,combined_score,0.975172610305862,0.997019504021749,-0.011286020452360823,-0.021846893715886995
1767236650.5965574,7235,combined_score,0.0,0.997019504021749,-0.975172610305862,-0.997019504021749
1767236657.5572517,7233,combined_score,0.0,0.997019504021749,0.0,-0.997019504021749
1767236775.8317783,7237,combined_score,0.9330119053859741,0.997019504021749,0.9330119053859741,-0.06400759863577488
1767236815.8213072,7236,combined_score,0.9798339937742871,0.997019504021749,0.04682208838831303,-0.017185510247461844
1767236818.8625813,7238,combined_score,0.0,0.997019504021749,-0.9798339937742871,-0.997019504021749
1767236855.7229257,7232,combined_score,0.0,0.997019504021749,0.0,-0.997019504021749
1767236868.5233443,7240,combined_score,0.0,0.997019504021749,0.0,-0.997019504021749
1767237018.8901803,7234,combined_score,0.0,0.997019504021749,0.0,-0.997019504021749
1767237029.9294834,7239,combined_score,0.0,0.997019504021749,0.0,-0.997019504021749
1767237060.2740242,7241,combined_score,0.9801064335417581,0.997019504021749,0.9801064335417581,-0.01691307047999091
1767237066.1461296,7243,combined_score,0.0,0.997019504021749,-0.9801064335417581,-0.997019504021749
1767237067.8672912,7244,combined_score,0.0,0.997019504021749,0.0,-0.997019504021749
1767237109.753339,7245,combined_score,0.0,0.997019504021749,0.0,-0.997019504021749
1767237113.8663945,7246,combined_score,0.0,0.997019504021749,0.0,-0.997019504021749
1767237160.1333566,7249,combined_score,0.0,0.997019504021749,0.0,-0.997019504021749
1767237233.7729855,7250,combined_score,0.9429896670971022,0.997019504021749,0.9429896670971022,-0.0540298369246468
1767237245.7031307,7247,combined_score,0.0,0.997019504021749,-0.9429896670971022,-0.997019504021749
1767237289.7544816,7248,combined_score,0.9842609663982662,0.997019504021749,0.9842609663982662,-0.01275853762348278
1767237299.4267626,7242,combined_score,0.0,0.997019504021749,-0.9842609663982662,-0.997019504021749
1767237357.9360216,7251,combined_score,0.926813203352835,0.997019504021749,0.926813203352835,-0.07020630066891398
1767237423.452307,7252,combined_score,0.0,0.997019504021749,-0.926813203352835,-0.997019504021749
1767237502.4478369,7255,combined_score,0.9539132947244454,0.997019504021749,0.9539132947244454,-0.04310620929730358
1767237671.6713603,7257,combined_score,0.9829830189278929,0.997019504021749,0.029069724203447445,-0.014036485093856133
1767237685.451855,7256,combined_score,0.9615045229631101,0.997019504021749,-0.021478495964782796,-0.03551498105863893
1767237714.9931033,7253,combined_score,0.0,0.997019504021749,-0.9615045229631101,-0.997019504021749
1767237729.654131,7254,combined_score,0.0,0.997019504021749,0.0,-0.997019504021749
1767237737.5711522,7259,combined_score,0.0,0.997019504021749,0.0,-0.997019504021749
1767237805.2490652,7260,combined_score,0.8871371214832382,0.997019504021749,0.8871371214832382,-0.10988238253851079
1767237855.5256202,7261,combined_score,0.825552831273348,0.997019504021749,-0.0615842902098902,-0.171466672748401
1767237881.7657528,7258,combined_score,0.0,0.997019504021749,-0.825552831273348,-0.997019504021749
1767237892.4906023,7264,combined_score,0.0,0.997019504021749,0.0,-0.997019504021749
1767237896.4556181,7263,combined_score,0.9108410239419373,0.997019504021749,0.9108410239419373,-0.08617848007981166
1767238017.4783447,7262,combined_score,0.0,0.997019504021749,-0.9108410239419373,-0.997019504021749
1767238077.8741739,7265,combined_score,0.0,0.997019504021749,0.0,-0.997019504021749
1767238105.3089938,7266,combined_score,0.93223811245023,0.997019504021749,0.93223811245023,-0.06478139157151896
1767238157.9781904,7270,combined_score,0.0,0.997019504021749,-0.93223811245023,-0.997019504021749
1767238219.5745485,7269,combined_score,0.0,0.997019504021749,0.0,-0.997019504021749
1767238238.9668183,7268,combined_score,0.0,0.997019504021749,0.0,-0.997019504021749
1767238333.8672636,7267,combined_score,0.0,0.997019504021749,0.0,-0.997019504021749
1767238403.3383913,7272,combined_score,0.9745676279168315,0.997019504021749,0.9745676279168315,-0.0224518761049175
1767238490.2367947,7274,combined_score,0.0,0.997019504021749,-0.9745676279168315,-0.997019504021749
1767238505.586308,7271,combined_score,0.0,0.997019504021749,0.0,-0.997019504021749
1767238538.3890424,7276,combined_score,0.0,0.997019504021749,0.0,-0.997019504021749
1767238592.3503733,7273,combined_score,0.0,0.997019504021749,0.0,-0.997019504021749
1767238634.868691,7275,combined_score,0.0,0.997019504021749,0.0,-0.997019504021749
1767238720.038843,7277,combined_score,0.0,0.997019504021749,0.0,-0.997019504021749
1767238727.5693822,7279,combined_score,0.0,0.997019504021749,0.0,-0.997019504021749
1767238755.810584,7278,combined_score,0.9605275388580349,0.997019504021749,0.9605275388580349,-0.03649196516371411
1767238849.8986788,7280,combined_score,0.9792240703419537,0.997019504021749,0.01869653148391881,-0.017795433679795303
1767238862.0068967,7283,combined_score,0.933919182661469,0.997019504021749,-0.045304887680484685,-0.06310032136027999
1767238894.8699028,7282,combined_score,0.0,0.997019504021749,-0.933919182661469,-0.997019504021749
1767238932.0724337,7286,combined_score,0.0,0.997019504021749,0.0,-0.997019504021749
1767238988.4326534,7281,combined_score,0.997019504021749,0.997019504021749,0.997019504021749,0.0
1767238997.6721797,7287,combined_score,0.8084866388821047,0.997019504021749,-0.1885328651396443,-0.1885328651396443
1767239043.2030141,7288,combined_score,0.0,0.997019504021749,-0.8084866388821047,-0.997019504021749
1767239052.7290194,7284,combined_score,0.9838045903918565,0.997019504021749,0.9838045903918565,-0.013214913629892466
1767239290.8367229,7285,combined_score,0.0,0.997019504021749,-0.9838045903918565,-0.997019504021749
1767239311.8386495,7290,combined_score,0.0,0.997019504021749,0.0,-0.997019504021749
1767239347.3047028,7289,combined_score,0.0,0.997019504021749,0.0,-0.997019504021749
1767239449.9033227,7292,combined_score,0.976748928422704,0.997019504021749,0.976748928422704,-0.020270575599044993
1767239480.0087688,7291,combined_score,0.0,0.997019504021749,-0.976748928422704,-0.997019504021749
1767239500.6239626,7294,combined_score,0.0,0.997019504021749,0.0,-0.997019504021749
1767239505.8193016,7295,combined_score,0.7906632998920562,0.997019504021749,0.7906632998920562,-0.2063562041296928
1767239514.0591354,7293,combined_score,0.9757350655884627,0.997019504021749,0.1850717656964065,-0.021284438433286312
1767239581.7948437,7296,combined_score,0.8097719313266638,0.997019504021749,-0.16596313426179887,-0.18724757269508518
1767239637.6255462,7297,combined_score,0.0,0.997019504021749,-0.8097719313266638,-0.997019504021749
1767239638.2173991,7299,combined_score,0.9230027021833569,0.997019504021749,0.9230027021833569,-0.0740168018383921
1767239680.1284304,7302,combined_score,0.0,0.997019504021749,-0.9230027021833569,-0.997019504021749
1767239714.13164,7303,combined_score,0.0,0.997019504021749,0.0,-0.997019504021749
1767239757.0069659,7300,combined_score,0.9882161553500194,0.997019504021749,0.9882161553500194,-0.008803348671729605
1767239764.297834,7298,combined_score,0.0,0.997019504021749,-0.9882161553500194,-0.997019504021749
1767239808.3244743,7301,combined_score,0.0,0.997019504021749,0.0,-0.997019504021749
1767239817.8181949,7305,combined_score,0.0,0.997019504021749,0.0,-0.997019504021749
1767239923.99545,7308,combined_score,0.7949212205628214,0.997019504021749,0.7949212205628214,-0.20209828345892755
1767239926.0955484,7306,combined_score,0.9021830752996578,0.997019504021749,0.10726185473683636,-0.09483642872209119
1767239978.9117749,7307,combined_score,0.0,0.997019504021749,-0.9021830752996578,-0.997019504021749
1767240000.353201,7304,combined_score,0.0,0.997019504021749,0.0,-0.997019504021749
1767240112.1084046,7310,combined_score,0.0,0.997019504021749,0.0,-0.997019504021749
1767240163.040683,7312,combined_score,0.9727979748331569,0.997019504021749,0.9727979748331569,-0.024221529188592106
1767240163.5242121,7309,combined_score,0.0,0.997019504021749,-0.9727979748331569,-0.997019504021749
1767240201.718781,7313,combined_score,0.40495253648806573,0.997019504021749,0.40495253648806573,-0.5920669675336833
1767240201.9422793,7311,combined_score,0.983131943416703,0.997019504021749,0.5781794069286372,-0.013887560605046034
1767240244.720106,7317,combined_score,0.0,0.997019504021749,-0.983131943416703,-0.997019504021749
1767240313.4359045,7314,combined_score,0.9787707344124079,0.997019504021749,0.9787707344124079,-0.018248769609341076
1767240357.9582982,7316,combined_score,0.9821783057504837,0.997019504021749,0.0034075713380757877,-0.014841198271265288
1767240364.0853727,7319,combined_score,0.0,0.997019504021749,-0.9821783057504837,-0.997019504021749
1767240365.3556023,7315,combined_score,0.9731874169345274,0.997019504021749,0.9731874169345274,-0.02383208708722162
1767240427.78638,7322,combined_score,0.0,0.997019504021749,-0.9731874169345274,-0.997019504021749
1767240556.0404286,7323,combined_score,0.969919017970527,0.997019504021749,0.969919017970527,-0.02710048605122195
1767240559.2023678,7321,combined_score,0.9871770084767678,0.997019504021749,0.017257990506240772,-0.009842495544981178
1767240575.6273992,7320,combined_score,0.9720679459956308,0.997019504021749,-0.01510906248113697,-0.024951558026118148
1767240700.981876,7318,combined_score,0.0,0.997019504021749,-0.9720679459956308,-0.997019504021749
1767240726.958347,7325,combined_score,0.9785481159521906,0.997019504021749,0.9785481159521906,-0.018471388069558392
1767240736.972025,7326,combined_score,0.0,0.997019504021749,-0.9785481159521906,-0.997019504021749
1767240754.9481692,7327,combined_score,0.0,0.997019504021749,0.0,-0.997019504021749
1767240795.2164102,7324,combined_score,0.0,0.997019504021749,0.0,-0.997019504021749
1767240882.5945303,7328,combined_score,0.9697198841152874,0.997019504021749,0.9697198841152874,-0.02729961990646157
1767240913.9409134,7330,combined_score,0.0,0.997019504021749,-0.9697198841152874,-0.997019504021749
1767240938.2423668,7329,combined_score,0.0,0.997019504021749,0.0,-0.997019504021749
1767241018.6569319,7332,combined_score,0.0,0.997019504021749,0.0,-0.997019504021749
1767241020.8614852,7331,combined_score,0.9847009856505157,0.997019504021749,0.9847009856505157,-0.012318518371233322
1767241061.0958385,7335,combined_score,0.0,0.997019504021749,-0.9847009856505157,-0.997019504021749
1767241091.4972968,7334,combined_score,0.0,0.997019504021749,0.0,-0.997019504021749
1767241108.5459285,7337,combined_score,0.0,0.997019504021749,0.0,-0.997019504021749
1767241190.7321427,7336,combined_score,0.9346506737359371,0.997019504021749,0.9346506737359371,-0.06236883028581186
1767241273.7800803,7338,combined_score,0.0,0.997019504021749,-0.9346506737359371,-0.997019504021749
1767241325.8975632,7340,combined_score,0.9672251409865371,0.997019504021749,0.9672251409865371,-0.02979436303521188
1767241357.1068635,7333,combined_score,0.0,0.997019504021749,-0.9672251409865371,-0.997019504021749
1767241388.886846,7341,combined_score,0.9163569122429475,0.997019504021749,0.9163569122429475,-0.08066259177880153
1767241404.4555244,7343,combined_score,0.0,0.997019504021749,-0.9163569122429475,-0.997019504021749
1767241507.274709,7344,combined_score,0.9667240461181172,0.997019504021749,0.9667240461181172,-0.03029545790363175
1767241523.2217038,7345,combined_score,0.0,0.997019504021749,-0.9667240461181172,-0.997019504021749
1767241538.5325012,7339,combined_score,0.0,0.997019504021749,0.0,-0.997019504021749
1767241553.1685247,7342,combined_score,0.9772242508545244,0.997019504021749,0.9772242508545244,-0.019795253167224636
1767241587.075418,7346,combined_score,0.0,0.997019504021749,-0.9772242508545244,-0.997019504021749
1767241596.7733278,7348,combined_score,0.0,0.997019504021749,0.0,-0.997019504021749
1767241663.4229712,7347,combined_score,0.8977419919094067,0.997019504021749,0.8977419919094067,-0.09927751211234226
1767241777.5950212,7350,combined_score,0.9579586235855349,0.997019504021749,0.06021663167612812,-0.03906088043621414
1767241850.4354465,7352,combined_score,0.9799770649425611,0.997019504021749,0.02201844135702624,-0.0170424390791879
1767241886.490585,7354,combined_score,0.0,0.997019504021749,-0.9799770649425611,-0.997019504021749
1767241937.8685782,7355,combined_score,0.0,0.997019504021749,0.0,-0.997019504021749
1767241952.9797592,7351,combined_score,0.0,0.997019504021749,0.0,-0.997019504021749
1767241986.5842376,7349,combined_score,0.0,0.997019504021749,0.0,-0.997019504021749
1767242022.9776602,7353,combined_score,0.9791566814787391,0.997019504021749,0.9791566814787391,-0.01786282254300986
1767242085.944903,7356,combined_score,0.0,0.997019504021749,-0.9791566814787391,-0.997019504021749
1767242188.418353,7357,combined_score,0.0,0.997019504021749,0.0,-0.997019504021749
1767242292.7746375,7360,combined_score,0.9665591697663521,0.997019504021749,0.9665591697663521,-0.030460334255396848
1767242373.9503782,7361,combined_score,0.0,0.997019504021749,-0.9665591697663521,-0.997019504021749
1767242409.8065379,7358,combined_score,0.0,0.997019504021749,0.0,-0.997019504021749
1767242449.6529102,7359,combined_score,0.0,0.997019504021749,0.0,-0.997019504021749
1767242482.276413,7362,combined_score,0.977810745082514,0.997019504021749,0.977810745082514,-0.019208758939235016
1767242502.5269063,7365,combined_score,0.0,0.997019504021749,-0.977810745082514,-0.997019504021749
1767242556.1449168,7367,combined_score,0.0,0.997019504021749,0.0,-0.997019504021749
1767242568.1907141,7363,combined_score,0.0,0.997019504021749,0.0,-0.997019504021749
1767242590.9135096,7364,combined_score,0.9683245863116691,0.997019504021749,0.9683245863116691,-0.028694917710079926
1767242610.8056955,7369,combined_score,0.0,0.997019504021749,-0.9683245863116691,-0.997019504021749
1767242665.0675154,7371,combined_score,0.0,0.997019504021749,0.0,-0.997019504021749
1767242701.6354094,7368,combined_score,0.0,0.997019504021749,0.0,-0.997019504021749
1767242723.6834998,7372,combined_score,0.0,0.997019504021749,0.0,-0.997019504021749
1767242743.8428173,7373,combined_score,0.0,0.997019504021749,0.0,-0.997019504021749
1767242747.0287883,7366,combined_score,0.0,0.997019504021749,0.0,-0.997019504021749
1767242799.7914846,7370,combined_score,0.98271073183997,0.997019504021749,0.98271073183997,-0.01430877218177895
1767242904.3684895,7374,combined_score,0.9482020778080648,0.997019504021749,-0.034508654031905284,-0.048817426213684234
1767242929.2511268,7376,combined_score,0.9790429679075033,0.997019504021749,0.030840890099438578,-0.017976536114245656
1767242956.743454,7377,combined_score,0.0,0.997019504021749,-0.9790429679075033,-0.997019504021749
1767242988.4531038,7379,combined_score,0.0,0.997019504021749,0.0,-0.997019504021749
1767242998.717991,7380,combined_score,0.0,0.997019504021749,0.0,-0.997019504021749
1767243036.446309,7382,combined_score,0.0,0.997019504021749,0.0,-0.997019504021749
1767243085.8778849,7378,combined_score,0.973104567562084,0.997019504021749,0.973104567562084,-0.023914936459665026
1767243099.637811,7381,combined_score,0.8872652759202757,0.997019504021749,-0.08583929164180826,-0.10975422810147328
1767243175.6301165,7375,combined_score,0.0,0.997019504021749,-0.8872652759202757,-0.997019504021749
1767243225.1115944,7386,combined_score,0.0,0.997019504021749,0.0,-0.997019504021749
1767243233.8987432,7384,combined_score,0.0,0.997019504021749,0.0,-0.997019504021749
1767243246.7378783,7383,combined_score,0.9695725464790038,0.997019504021749,0.9695725464790038,-0.027446957542745176
1767243271.1541317,7387,combined_score,0.0,0.997019504021749,-0.9695725464790038,-0.997019504021749
1767243276.2898312,7385,combined_score,0.9831772586742753,0.997019504021749,0.9831772586742753,-0.013842245347473692
1767243296.935105,7389,combined_score,0.0,0.997019504021749,-0.9831772586742753,-0.997019504021749
1767243320.2424197,7390,combined_score,0.0,0.997019504021749,0.0,-0.997019504021749
1767243367.9176273,7393,combined_score,0.0,0.997019504021749,0.0,-0.997019504021749
1767243499.4314919,7392,combined_score,0.0,0.997019504021749,0.0,-0.997019504021749
1767243506.8884368,7394,combined_score,0.0,0.997019504021749,0.0,-0.997019504021749
1767243553.5313241,7391,combined_score,0.0,0.997019504021749,0.0,-0.997019504021749
1767243582.2205427,7396,combined_score,0.0,0.997019504021749,0.0,-0.997019504021749
1767243606.2066212,7388,combined_score,0.0,0.997019504021749,0.0,-0.997019504021749
1767243634.3102565,7398,combined_score,0.0,0.997019504021749,0.0,-0.997019504021749
1767243646.4479766,7395,combined_score,0.0,0.997019504021749,0.0,-0.997019504021749
1767243775.603493,7397,combined_score,0.9823525582283924,0.997019504021749,0.9823525582283924,-0.01466694579335659
1767243781.511558,7400,combined_score,0.969133109726816,0.997019504021749,-0.013219448501576414,-0.027886394294933003
1767243797.439924,7401,combined_score,0.9808798730859468,0.997019504021749,0.01174676335913083,-0.016139630935802174
1767243811.89217,7399,combined_score,0.0,0.997019504021749,-0.9808798730859468,-0.997019504021749
1767243829.3281715,7402,combined_score,0.0,0.997019504021749,0.0,-0.997019504021749
1767243950.150675,7403,combined_score,0.9715102828853914,0.997019504021749,0.9715102828853914,-0.025509221136357563
1767243950.211877,7405,combined_score,0.9703362635889727,0.997019504021749,-0.0011740192964186935,-0.026683240432776256
1767244008.4361782,7408,combined_score,0.0,0.997019504021749,-0.9703362635889727,-0.997019504021749
1767244033.968839,7406,combined_score,0.8573863783326844,0.997019504021749,0.8573863783326844,-0.1396331256890646
1767244049.8303227,7409,combined_score,0.0,0.997019504021749,-0.8573863783326844,-0.997019504021749
1767244145.1534374,7407,combined_score,0.9850616705142768,0.997019504021749,0.9850616705142768,-0.011957833507472149
1767244202.9513113,7410,combined_score,0.0,0.997019504021749,-0.9850616705142768,-0.997019504021749
1767244224.146653,7404,combined_score,0.0,0.997019504021749,0.0,-0.997019504021749
1767244274.186086,7411,combined_score,0.0,0.997019504021749,0.0,-0.997019504021749
1767244391.8006349,7413,combined_score,0.9819395149090997,0.997019504021749,0.9819395149090997,-0.015079989112649295
1767244402.423463,7412,combined_score,0.0,0.997019504021749,-0.9819395149090997,-0.997019504021749
1767244574.4229698,7414,combined_score,0.0,0.997019504021749,0.0,-0.997019504021749
1767244618.9502375,7418,combined_score,0.0,0.997019504021749,0.0,-0.997019504021749
1767244666.3374388,7416,combined_score,0.0,0.997019504021749,0.0,-0.997019504021749
1767244697.8675408,7415,combined_score,0.0,0.997019504021749,0.0,-0.997019504021749
1767244750.2225108,7421,combined_score,0.0,0.997019504021749,0.0,-0.997019504021749
1767244826.1226459,7419,combined_score,0.9920687140674724,0.997019504021749,0.9920687140674724,-0.004950789954276558
1767244840.9774883,7417,combined_score,0.0,0.997019504021749,-0.9920687140674724,-0.997019504021749
1767244941.2735982,7420,combined_score,0.9787355298145786,0.997019504021749,0.9787355298145786,-0.018283974207170428
1767245065.5171926,7423,combined_score,0.0,0.997019504021749,-0.9787355298145786,-0.997019504021749
1767245095.8068602,7424,combined_score,0.9639340206662372,0.997019504021749,0.9639340206662372,-0.03308548335551176
1767245169.2725153,7422,combined_score,0.0,0.997019504021749,-0.9639340206662372,-0.997019504021749
1767245262.8990085,7426,combined_score,0.9735627143005658,0.997019504021749,0.9735627143005658,-0.023456789721183147
1767245310.0930173,7427,combined_score,0.9851519318021602,0.997019504021749,0.011589217501594362,-0.011867572219588784
1767245369.849984,7425,combined_score,0.0,0.997019504021749,-0.9851519318021602,-0.997019504021749
1767245418.260586,7429,combined_score,0.0,0.997019504021749,0.0,-0.997019504021749
1767245420.3740335,7428,combined_score,0.0,0.997019504021749,0.0,-0.997019504021749
1767245473.1862926,7432,combined_score,0.0,0.997019504021749,0.0,-0.997019504021749
1767245512.9543414,7433,combined_score,0.9275655307449885,0.997019504021749,0.9275655307449885,-0.0694539732767605
1767245513.5585365,7430,combined_score,0.0,0.997019504021749,-0.9275655307449885,-0.997019504021749
1767245587.6504347,7431,combined_score,0.0,0.997019504021749,0.0,-0.997019504021749
1767245634.0665655,7435,combined_score,0.9333774150812292,0.997019504021749,0.9333774150812292,-0.06364208894051981
1767245682.0228813,7434,combined_score,0.9777884173744629,0.997019504021749,0.04441100229323369,-0.019231086647286122
1767245731.7938056,7437,combined_score,0.0,0.997019504021749,-0.9777884173744629,-0.997019504021749
1767245834.375661,7439,combined_score,0.9765104620953625,0.997019504021749,0.9765104620953625,-0.020509041926386473
1767245874.9101512,7440,combined_score,0.0,0.997019504021749,-0.9765104620953625,-0.997019504021749
1767245886.3874009,7441,combined_score,0.0,0.997019504021749,0.0,-0.997019504021749
1767245946.0369885,7436,combined_score,0.0,0.997019504021749,0.0,-0.997019504021749
1767246003.8580294,7442,combined_score,0.0,0.997019504021749,0.0,-0.997019504021749
1767246063.4740458,7438,combined_score,0.0,0.997019504021749,0.0,-0.997019504021749
1767246108.4527202,7444,combined_score,0.0,0.997019504021749,0.0,-0.997019504021749
1767246143.7844806,7443,combined_score,0.0,0.997019504021749,0.0,-0.997019504021749
1767246191.5328908,7448,combined_score,0.0,0.997019504021749,0.0,-0.997019504021749
1767246214.6774664,7445,combined_score,0.0,0.997019504021749,0.0,-0.997019504021749
1767246248.6461136,7450,combined_score,0.0,0.997019504021749,0.0,-0.997019504021749
1767246267.3387434,7447,combined_score,0.0,0.997019504021749,0.0,-0.997019504021749
1767246348.2414856,7449,combined_score,0.9324403545574141,0.997019504021749,0.9324403545574141,-0.06457914946433485
1767246422.84186,7451,combined_score,0.9452943953505083,0.997019504021749,0.012854040793094157,-0.051725108671240694
1767246489.065407,7453,combined_score,0.0,0.997019504021749,-0.9452943953505083,-0.997019504021749
1767246508.116825,7446,combined_score,0.0,0.997019504021749,0.0,-0.997019504021749
1767246559.1053953,7456,combined_score,0.0,0.997019504021749,0.0,-0.997019504021749
1767246642.270122,7454,combined_score,0.9810564414482601,0.997019504021749,0.9810564414482601,-0.015963062573488895
1767246672.1420672,7457,combined_score,0.9389890441167648,0.997019504021749,-0.04206739733149534,-0.05803045990498423
1767246688.0222518,7452,combined_score,0.0,0.997019504021749,-0.9389890441167648,-0.997019504021749
1767246719.3807094,7459,combined_score,0.0,0.997019504021749,0.0,-0.997019504021749
1767246727.8103676,7455,combined_score,0.0,0.997019504021749,0.0,-0.997019504021749
1767246754.4844077,7460,combined_score,0.8859624703158308,0.997019504021749,0.8859624703158308,-0.11105703370591824
1767246786.4855747,7461,combined_score,0.0,0.997019504021749,-0.8859624703158308,-0.997019504021749
1767246792.5396519,7458,combined_score,0.0,0.997019504021749,0.0,-0.997019504021749
1767246913.4694512,7463,combined_score,0.0,0.997019504021749,0.0,-0.997019504021749
1767246934.1775315,7462,combined_score,0.0,0.997019504021749,0.0,-0.997019504021749
1767246974.4517238,7467,combined_score,0.0,0.997019504021749,0.0,-0.997019504021749
1767247006.7467973,7464,combined_score,0.0,0.997019504021749,0.0,-0.997019504021749
1767247010.3551006,7465,combined_score,0.0,0.997019504021749,0.0,-0.997019504021749
1767247060.1414535,7470,combined_score,0.0,0.997019504021749,0.0,-0.997019504021749
1767247104.6538181,7471,combined_score,0.0,0.997019504021749,0.0,-0.997019504021749
1767247125.7357922,7466,combined_score,0.0,0.997019504021749,0.0,-0.997019504021749
1767247134.5559778,7472,combined_score,0.0,0.997019504021749,0.0,-0.997019504021749
1767247177.1800454,7473,combined_score,0.0,0.997019504021749,0.0,-0.997019504021749
1767247203.4029605,7468,combined_score,0.0,0.997019504021749,0.0,-0.997019504021749
1767247219.6829565,7475,combined_score,0.0,0.997019504021749,0.0,-0.997019504021749
1767247238.6866488,7474,combined_score,0.9408324947180366,0.997019504021749,0.9408324947180366,-0.05618700930371234
1767247257.4464967,7469,combined_score,0.9694536001995144,0.997019504021749,0.028621105481477782,-0.02756590382223456
1767247299.5086532,7478,combined_score,0.0,0.997019504021749,-0.9694536001995144,-0.997019504021749
1767247357.4269266,7479,combined_score,0.9408324947180366,0.997019504021749,0.9408324947180366,-0.05618700930371234
1767247439.1405683,7477,combined_score,0.0,0.997019504021749,-0.9408324947180366,-0.997019504021749
1767247447.7865264,7480,combined_score,0.0,0.997019504021749,0.0,-0.997019504021749
1767247563.827439,7483,combined_score,0.0,0.997019504021749,0.0,-0.997019504021749
1767247591.5480437,7482,combined_score,0.0,0.997019504021749,0.0,-0.997019504021749
1767247626.9348352,7481,combined_score,0.0,0.997019504021749,0.0,-0.997019504021749
1767247630.3435054,7485,combined_score,0.7871575696994374,0.997019504021749,0.7871575696994374,-0.2098619343223116
1767247633.7652721,7476,combined_score,0.0,0.997019504021749,-0.7871575696994374,-0.997019504021749
1767247749.8536606,7484,combined_score,0.0,0.997019504021749,0.0,-0.997019504021749
1767247818.3589637,7487,combined_score,0.9771931631271252,0.997019504021749,0.9771931631271252,-0.019826340894623762
1767247820.173034,7486,combined_score,0.0,0.997019504021749,-0.9771931631271252,-0.997019504021749
1767247825.101499,7488,combined_score,0.9742162169641457,0.997019504021749,0.9742162169641457,-0.02280328705760326
1767247899.4567192,7489,combined_score,0.981675590277524,0.997019504021749,0.007459373313378315,-0.015343913744224946
1767247977.0418553,7492,combined_score,0.0,0.997019504021749,-0.981675590277524,-0.997019504021749
1767247991.4039197,7490,combined_score,0.0,0.997019504021749,0.0,-0.997019504021749
1767248036.4566054,7491,combined_score,0.981809112271695,0.997019504021749,0.981809112271695,-0.015210391750054009
1767248051.8875513,7495,combined_score,0.9092858640055743,0.997019504021749,-0.07252324826612067,-0.08773364001617467
1767248077.1141872,7496,combined_score,0.0,0.997019504021749,-0.9092858640055743,-0.997019504021749
1767248094.8427556,7493,combined_score,0.97539724808263,0.997019504021749,0.97539724808263,-0.02162225593911904
1767248135.959216,7498,combined_score,0.0,0.997019504021749,-0.97539724808263,-0.997019504021749
1767248191.8393843,7494,combined_score,0.0,0.997019504021749,0.0,-0.997019504021749
1767248288.9324636,7499,combined_score,0.9809341183468056,0.997019504021749,0.9809341183468056,-0.016085385674943442
1767248311.2542229,7497,combined_score,0.9569805626829121,0.997019504021749,-0.023953555663893455,-0.0400389413388369
1767248338.2093604,7501,combined_score,0.0,0.997019504021749,-0.9569805626829121,-0.997019504021749
1767248338.8663752,7500,combined_score,0.0,0.997019504021749,0.0,-0.997019504021749
1767248464.9420645,7504,combined_score,0.0,0.997019504021749,0.0,-0.997019504021749
1767248482.3166988,7505,combined_score,0.0,0.997019504021749,0.0,-0.997019504021749
1767248507.6781368,7506,combined_score,0.0,0.997019504021749,0.0,-0.997019504021749
1767248507.7289941,7502,combined_score,0.9794636950497158,0.997019504021749,0.9794636950497158,-0.017555808972033238
1767248529.6723254,7503,combined_score,0.9814765652899905,0.997019504021749,0.0020128702402747445,-0.015542938731758493
1767248585.5980706,7510,combined_score,0.9141246856226631,0.997019504021749,-0.06735187966732736,-0.08289481839908586
1767248691.321702,7508,combined_score,0.9730708296181442,0.997019504021749,0.05894614399548104,-0.02394867440360482
1767248697.3863437,7509,combined_score,0.9883305981748752,0.997019504021749,0.015259768556731057,-0.008688905846873762
1767248708.5215883,7507,combined_score,0.0,0.997019504021749,-0.9883305981748752,-0.997019504021749
1767248801.783252,7511,combined_score,0.972428398663633,0.997019504021749,0.972428398663633,-0.02459110535811604
1767248823.5913057,7515,combined_score,0.7390645147139742,0.997019504021749,-0.2333638839496588,-0.25795498930777483
1767248833.7763133,7513,combined_score,0.0,0.997019504021749,-0.7390645147139742,-0.997019504021749
1767248870.772671,7516,combined_score,0.0,0.997019504021749,0.0,-0.997019504021749
1767248994.477414,7512,combined_score,0.0,0.997019504021749,0.0,-0.997019504021749
1767248997.3878622,7514,combined_score,0.0,0.997019504021749,0.0,-0.997019504021749
1767249016.2455714,7518,combined_score,0.0,0.997019504021749,0.0,-0.997019504021749
1767249030.5110571,7517,combined_score,0.945029941148512,0.997019504021749,0.945029941148512,-0.05198956287323697
1767249034.1750565,7519,combined_score,0.0,0.997019504021749,-0.945029941148512,-0.997019504021749
1767249041.4068642,7520,combined_score,0.0,0.997019504021749,0.0,-0.997019504021749
1767249103.0209744,7523,combined_score,0.9289822554628275,0.997019504021749,0.9289822554628275,-0.06803724855892146
1767249157.3112895,7524,combined_score,0.8835875309795379,0.997019504021749,-0.04539472448328963,-0.11343197304221109
1767249224.0713253,7521,combined_score,0.9686086842863384,0.997019504021749,0.08502115330680049,-0.028410819735410597
1767249241.4662392,7522,combined_score,0.9874113770570906,0.997019504021749,0.018802692770752194,-0.009608126964658403
1767249304.8570957,7526,combined_score,0.0,0.997019504021749,-0.9874113770570906,-0.997019504021749
1767249319.686142,7525,combined_score,0.9824412204545081,0.997019504021749,0.9824412204545081,-0.01457828356724089
1767249345.363414,7529,combined_score,0.0,0.997019504021749,-0.9824412204545081,-0.997019504021749
1767249392.1124682,7527,combined_score,0.9712544932844389,0.997019504021749,0.9712544932844389,-0.02576501073731008
1767249392.7031124,7531,combined_score,0.0,0.997019504021749,-0.9712544932844389,-0.997019504021749
1767249500.6783223,7530,combined_score,0.9777725536461839,0.997019504021749,0.9777725536461839,-0.01924695037556512
1767249506.1151419,7528,combined_score,0.9814420455872953,0.997019504021749,0.0036694919411114357,-0.015577458434453684
1767249527.3024237,7532,combined_score,0.9731022480267599,0.997019504021749,-0.008339797560535378,-0.023917255994989062
1767249540.0576425,7533,combined_score,0.9049110508255815,0.997019504021749,-0.06819119720117839,-0.09210845319616745
1767249560.3703172,7535,combined_score,0.0,0.997019504021749,-0.9049110508255815,-0.997019504021749
1767249654.8997953,7538,combined_score,0.8684151154215172,0.997019504021749,0.8684151154215172,-0.12860438860023182
1767249661.905992,7537,combined_score,0.0,0.997019504021749,-0.8684151154215172,-0.997019504021749
1767249701.4305642,7539,combined_score,0.0,0.997019504021749,0.0,-0.997019504021749
1767249732.131151,7536,combined_score,0.9810739380246526,0.997019504021749,0.9810739380246526,-0.0159455659970964
1767249759.2180395,7540,combined_score,0.879391894736697,0.997019504021749,-0.1016820432879556,-0.117627609285052
1767249777.6358204,7542,combined_score,0.0,0.997019504021749,-0.879391894736697,-0.997019504021749
1767249840.1706388,7543,combined_score,0.0,0.997019504021749,0.0,-0.997019504021749
1767249909.580276,7545,combined_score,0.0,0.997019504021749,0.0,-0.997019504021749
1767249933.188251,7534,combined_score,0.0,0.997019504021749,0.0,-0.997019504021749
1767249965.4924114,7541,combined_score,0.9831720694461306,0.997019504021749,0.9831720694461306,-0.013847434575618434
1767249983.1084423,7544,combined_score,0.0,0.997019504021749,-0.9831720694461306,-0.997019504021749
1767249997.3321147,7547,combined_score,0.0,0.997019504021749,0.0,-0.997019504021749
1767250023.6610358,7548,combined_score,0.0,0.997019504021749,0.0,-0.997019504021749
1767250146.3596807,7546,combined_score,0.9338968649589732,0.997019504021749,0.9338968649589732,-0.06312263906277582
1767250157.1772377,7550,combined_score,0.0,0.997019504021749,-0.9338968649589732,-0.997019504021749
1767250197.0181568,7552,combined_score,0.0,0.997019504021749,0.0,-0.997019504021749
1767250215.2993565,7549,combined_score,0.9692291933270739,0.997019504021749,0.9692291933270739,-0.02779031069467508
1767250287.8061683,7551,combined_score,0.997019504021749,0.997019504021749,0.02779031069467508,0.0
1767250324.9176862,7553,combined_score,0.9691832503844549,0.997019504021749,-0.02783625363729414,-0.02783625363729414
1767250352.8499668,7556,combined_score,0.0,0.997019504021749,-0.9691832503844549,-0.997019504021749
1767250385.600009,7554,combined_score,0.0,0.997019504021749,0.0,-0.997019504021749
1767250410.2975826,7558,combined_score,0.0,0.997019504021749,0.0,-0.997019504021749
1767250435.7008762,7555,combined_score,0.9618387637631874,0.997019504021749,0.9618387637631874,-0.03518074025856155
1767250456.8185692,7560,combined_score,0.0,0.997019504021749,-0.9618387637631874,-0.997019504021749
1767250496.001722,7561,combined_score,0.0,0.997019504021749,0.0,-0.997019504021749
1767250592.7165313,7559,combined_score,0.0,0.997019504021749,0.0,-0.997019504021749
1767250618.2626572,7557,combined_score,0.0,0.997019504021749,0.0,-0.997019504021749
1767250779.811167,7563,combined_score,0.9807309913316565,0.997019504021749,0.9807309913316565,-0.01628851269009246
1767250788.5692265,7564,combined_score,0.0,0.997019504021749,-0.9807309913316565,-0.997019504021749
1767250885.3016696,7562,combined_score,0.0,0.997019504021749,0.0,-0.997019504021749
1767250996.7265708,7566,combined_score,0.9847750631542563,0.997019504021749,0.9847750631542563,-0.012244440867492656
1767251043.1845067,7565,combined_score,0.0,0.997019504021749,-0.9847750631542563,-0.997019504021749
1767251071.3244276,7568,combined_score,0.9293338041822219,0.997019504021749,0.9293338041822219,-0.0676856998395271
1767251159.0289073,7570,combined_score,0.9297333896469478,0.997019504021749,0.00039958546472596,-0.06728611437480114
1767251159.1505756,7567,combined_score,0.0,0.997019504021749,-0.9297333896469478,-0.997019504021749
1767251205.6503143,7569,combined_score,0.0,0.997019504021749,0.0,-0.997019504021749
1767251216.7288263,7573,combined_score,0.0,0.997019504021749,0.0,-0.997019504021749
1767251254.3151531,7571,combined_score,0.0,0.997019504021749,0.0,-0.997019504021749
1767251267.1836917,7575,combined_score,0.0,0.997019504021749,0.0,-0.997019504021749
1767251300.5339515,7572,combined_score,0.0,0.997019504021749,0.0,-0.997019504021749
1767251311.7035704,7576,combined_score,0.0,0.997019504021749,0.0,-0.997019504021749
1767251325.6014488,7574,combined_score,0.9652221171388758,0.997019504021749,0.9652221171388758,-0.031797386882873147
1767251326.36052,7577,combined_score,0.0,0.997019504021749,-0.9652221171388758,-0.997019504021749
1767251480.9326692,7578,combined_score,0.9379486887293298,0.997019504021749,0.9379486887293298,-0.0590708152924192
1767251542.9623275,7582,combined_score,0.0,0.997019504021749,-0.9379486887293298,-0.997019504021749
1767251555.5711455,7580,combined_score,0.0,0.997019504021749,0.0,-0.997019504021749
1767251643.0976784,7581,combined_score,0.0,0.997019504021749,0.0,-0.997019504021749
1767251692.9068851,7585,combined_score,0.9719988913910016,0.997019504021749,0.9719988913910016,-0.025020612630747396
1767251693.98185,7583,combined_score,0.0,0.997019504021749,-0.9719988913910016,-0.997019504021749
1767251728.8076138,7586,combined_score,0.0,0.997019504021749,0.0,-0.997019504021749
1767251738.1037233,7579,combined_score,0.0,0.997019504021749,0.0,-0.997019504021749
1767251834.1651711,7584,combined_score,0.9722575179628908,0.997019504021749,0.9722575179628908,-0.024761986058858154
1767251923.144067,7590,combined_score,0.0,0.997019504021749,-0.9722575179628908,-0.997019504021749
1767251926.1614451,7587,combined_score,0.9686669666008576,0.997019504021749,0.9686669666008576,-0.02835253742089139
1767251938.333948,7588,combined_score,0.9767715415290322,0.997019504021749,0.008104574928174624,-0.020247962492716765
1767251949.7828841,7589,combined_score,0.9719390194485725,0.997019504021749,-0.0048325220804597,-0.025080484573176465
1767251974.975623,7591,combined_score,0.0,0.997019504021749,-0.9719390194485725,-0.997019504021749
1767252130.4761808,7593,combined_score,0.9814613626034636,0.997019504021749,0.9814613626034636,-0.015558141418285376
1767252140.9737341,7592,combined_score,0.9508680002102918,0.997019504021749,-0.030593362393171786,-0.04615150381145716
1767252156.9184427,7594,combined_score,0.9658825393865265,0.997019504021749,0.015014539176234631,-0.03113696463522253
1767252168.0058327,7596,combined_score,0.0,0.997019504021749,-0.9658825393865265,-0.997019504021749
1767252174.278183,7595,combined_score,0.0,0.997019504021749,0.0,-0.997019504021749
1767252174.5308623,7598,combined_score,0.0,0.997019504021749,0.0,-0.997019504021749
1767252185.8056505,7597,combined_score,0.0,0.997019504021749,0.0,-0.997019504021749
1767252462.43024,7602,combined_score,0.997019504021749,0.997019504021749,0.997019504021749,0.0
1767252510.6989326,7601,combined_score,0.0,0.997019504021749,-0.997019504021749,-0.997019504021749
1767252556.5375633,7604,combined_score,0.0,0.997019504021749,0.0,-0.997019504021749
1767252591.7243028,7603,combined_score,0.0,0.997019504021749,0.0,-0.997019504021749
1767252600.8945138,7599,combined_score,0.0,0.997019504021749,0.0,-0.997019504021749
1767252605.8786101,7600,combined_score,0.0,0.997019504021749,0.0,-0.997019504021749
1767252652.413585,7607,combined_score,0.0,0.997019504021749,0.0,-0.997019504021749
1767252776.407736,7605,combined_score,0.9400360349637693,0.997019504021749,0.9400360349637693,-0.056983469057979685
1767252786.2499347,7606,combined_score,0.8607677822597454,0.997019504021749,-0.07926825270402393,-0.13625172176200362
1767252840.1892517,7608,combined_score,0.0,0.997019504021749,-0.8607677822597454,-0.997019504021749
1767252949.531342,7611,combined_score,0.0,0.997019504021749,0.0,-0.997019504021749
1767253058.465764,7612,combined_score,0.9753495223465536,0.997019504021749,0.9753495223465536,-0.021669981675195404
1767253073.3216505,7609,combined_score,0.0,0.997019504021749,-0.9753495223465536,-0.997019504021749
1767253183.3413656,7613,combined_score,0.9442191065104593,0.997019504021749,0.9442191065104593,-0.05280039751128973
1767253194.2867942,7614,combined_score,0.0,0.997019504021749,-0.9442191065104593,-0.997019504021749
1767253198.5007653,7610,combined_score,0.0,0.997019504021749,0.0,-0.997019504021749
1767253229.7901573,7616,combined_score,0.0,0.997019504021749,0.0,-0.997019504021749
1767253280.4935148,7615,combined_score,0.9772870618058987,0.997019504021749,0.9772870618058987,-0.019732442215850243
1767253414.8825736,7618,combined_score,0.9829437904603318,0.997019504021749,0.0056567286544330075,-0.014075713561417236
1767253458.2661288,7619,combined_score,0.9828697083951542,0.997019504021749,-7.408206517756089e-05,-0.014149795626594797
1767253471.3851092,7621,combined_score,0.0,0.997019504021749,-0.9828697083951542,-0.997019504021749
1767253500.2892213,7620,combined_score,0.0,0.997019504021749,0.0,-0.997019504021749
1767253553.6605482,7624,combined_score,0.0,0.997019504021749,0.0,-0.997019504021749
1767253596.8596442,7622,combined_score,0.0,0.997019504021749,0.0,-0.997019504021749
1767253616.980428,7617,combined_score,0.0,0.997019504021749,0.0,-0.997019504021749
1767253683.0024974,7623,combined_score,0.989749882908431,0.997019504021749,0.989749882908431,-0.00726962111331797
1767253748.076132,7625,combined_score,0.0,0.997019504021749,-0.989749882908431,-0.997019504021749
1767253767.919373,7627,combined_score,0.0,0.997019504021749,0.0,-0.997019504021749
1767253773.8742607,7626,combined_score,0.9782397918998145,0.997019504021749,0.9782397918998145,-0.018779712121934522
1767253881.7567563,7628,combined_score,0.9751818488706493,0.997019504021749,-0.0030579430291651777,-0.0218376551510997
1767253933.446806,7632,combined_score,0.0,0.997019504021749,-0.9751818488706493,-0.997019504021749
1767253955.6671693,7629,combined_score,0.0,0.997019504021749,0.0,-0.997019504021749
1767253970.5447445,7631,combined_score,0.0,0.997019504021749,0.0,-0.997019504021749
1767253992.342706,7630,combined_score,0.9759472826194601,0.997019504021749,0.9759472826194601,-0.021072221402288926
1767254099.2813427,7634,combined_score,0.0,0.997019504021749,-0.9759472826194601,-0.997019504021749
1767254135.8583307,7635,combined_score,0.9772612253631263,0.997019504021749,0.9772612253631263,-0.019758278658622674
1767254242.4356806,7636,combined_score,0.0,0.997019504021749,-0.9772612253631263,-0.997019504021749
1767254298.0025456,7638,combined_score,0.0,0.997019504021749,0.0,-0.997019504021749
1767254307.4341948,7639,combined_score,0.0,0.997019504021749,0.0,-0.997019504021749
1767254330.1159782,7637,combined_score,0.0,0.997019504021749,0.0,-0.997019504021749
1767254357.2422805,7633,combined_score,0.0,0.997019504021749,0.0,-0.997019504021749
1767254445.6358776,7642,combined_score,0.9798963708971818,0.997019504021749,0.9798963708971818,-0.017123133124567147
1767254450.717274,7641,combined_score,0.0,0.997019504021749,-0.9798963708971818,-0.997019504021749
1767254481.951637,7640,combined_score,0.0,0.997019504021749,0.0,-0.997019504021749
1767254492.0882194,7643,combined_score,0.9698883129445941,0.997019504021749,0.9698883129445941,-0.027131191077154893
1767254536.6480973,7646,combined_score,0.0,0.997019504021749,-0.9698883129445941,-0.997019504021749
1767254581.727386,7648,combined_score,0.0,0.997019504021749,0.0,-0.997019504021749
1767254622.9617188,7645,combined_score,0.0,0.997019504021749,0.0,-0.997019504021749
1767254633.4988556,7649,combined_score,0.0,0.997019504021749,0.0,-0.997019504021749
1767254645.6704955,7647,combined_score,0.9744141818607354,0.997019504021749,0.9744141818607354,-0.02260532216101363
1767254683.63555,7644,combined_score,0.0,0.997019504021749,-0.9744141818607354,-0.997019504021749
1767254689.3271432,7651,combined_score,0.0,0.997019504021749,0.0,-0.997019504021749
1767254714.9677045,7652,combined_score,0.0,0.997019504021749,0.0,-0.997019504021749
1767254869.4448783,7654,combined_score,0.9843067301907276,0.997019504021749,0.9843067301907276,-0.012712773831021429
1767254896.7910805,7653,combined_score,0.9800014490705248,0.997019504021749,-0.004305281120202786,-0.017018054951224215
1767254978.7397592,7655,combined_score,0.0,0.997019504021749,-0.9800014490705248,-0.997019504021749
1767255005.4512446,7657,combined_score,0.8425662974738307,0.997019504021749,0.8425662974738307,-0.15445320654791828
1767255056.330033,7650,combined_score,0.0,0.997019504021749,-0.8425662974738307,-0.997019504021749
1767255151.8729553,7656,combined_score,0.997019504021749,0.997019504021749,0.997019504021749,0.0
1767255162.064869,7659,combined_score,0.9807614637795425,0.997019504021749,-0.01625804024220645,-0.01625804024220645
1767255286.7931333,7658,combined_score,0.0,0.997019504021749,-0.9807614637795425,-0.997019504021749
1767255311.2017922,7661,combined_score,0.0,0.997019504021749,0.0,-0.997019504021749
1767255419.5742028,7660,combined_score,0.0,0.997019504021749,0.0,-0.997019504021749
1767255459.416957,7664,combined_score,0.0,0.997019504021749,0.0,-0.997019504021749
1767255558.232986,7663,combined_score,0.0,0.997019504021749,0.0,-0.997019504021749
1767255600.394012,7667,combined_score,0.0,0.997019504021749,0.0,-0.997019504021749
1767255627.8309782,7662,combined_score,0.0,0.997019504021749,0.0,-0.997019504021749
1767255679.1541433,7666,combined_score,0.9736428754035801,0.997019504021749,0.9736428754035801,-0.023376628618168915
1767255771.5304372,7668,combined_score,0.9807293309215278,0.997019504021749,0.007086455517947732,-0.016290173100221184
1767255784.450206,7669,combined_score,0.0,0.997019504021749,-0.9807293309215278,-0.997019504021749
1767255829.9672117,7670,combined_score,0.9241277958022907,0.997019504021749,0.9241277958022907,-0.07289170821945834
1767255864.1237924,7665,combined_score,0.0,0.997019504021749,-0.9241277958022907,-0.997019504021749
1767255969.2781558,7673,combined_score,0.0,0.997019504021749,0.0,-0.997019504021749
1767255986.4459577,7671,combined_score,0.0,0.997019504021749,0.0,-0.997019504021749
1767256000.7949626,7672,combined_score,0.0,0.997019504021749,0.0,-0.997019504021749
1767256037.0133953,7675,combined_score,0.0,0.997019504021749,0.0,-0.997019504021749
1767256075.2859926,7677,combined_score,0.8738767785809191,0.997019504021749,0.8738767785809191,-0.12314272544082994
1767256092.467965,7674,combined_score,0.9788580406152514,0.997019504021749,0.10498126203433233,-0.018161463406497602
1767256171.77718,7678,combined_score,0.0,0.997019504021749,-0.9788580406152514,-0.997019504021749
1767256179.5223885,7676,combined_score,0.9824412204545081,0.997019504021749,0.9824412204545081,-0.01457828356724089
1767256245.9214754,7679,combined_score,0.9796863716041114,0.997019504021749,-0.002754848850396674,-0.017333132417637565
1767256425.088276,7682,combined_score,0.0,0.997019504021749,-0.9796863716041114,-0.997019504021749
1767256429.1749659,7683,combined_score,0.9885807292932784,0.997019504021749,0.9885807292932784,-0.008438774728470544
1767256480.6730137,7685,combined_score,0.0,0.997019504021749,-0.9885807292932784,-0.997019504021749
1767256518.1299722,7680,combined_score,0.0,0.997019504021749,0.0,-0.997019504021749
1767256574.7042177,7684,combined_score,0.0,0.997019504021749,0.0,-0.997019504021749
1767256608.6191792,7681,combined_score,0.0,0.997019504021749,0.0,-0.997019504021749
1767256664.2421806,7689,combined_score,0.0,0.997019504021749,0.0,-0.997019504021749
1767256747.422111,7686,combined_score,0.0,0.997019504021749,0.0,-0.997019504021749
1767256761.4032779,7687,combined_score,0.9782317023041226,0.997019504021749,0.9782317023041226,-0.018787801717626396
1767256812.1201298,7692,combined_score,0.0,0.997019504021749,-0.9782317023041226,-0.997019504021749
1767256999.0920916,7693,combined_score,0.0,0.997019504021749,0.0,-0.997019504021749
1767257023.8615782,7688,combined_score,0.0,0.997019504021749,0.0,-0.997019504021749
1767257122.1242507,7690,combined_score,0.0,0.997019504021749,0.0,-0.997019504021749
1767257189.3869796,7691,combined_score,0.0,0.997019504021749,0.0,-0.997019504021749
1767257278.3133137,7695,combined_score,0.9770185098080645,0.997019504021749,0.9770185098080645,-0.02000099421368451
1767257315.6506965,7694,combined_score,0.0,0.997019504021749,-0.9770185098080645,-0.997019504021749
1767257373.691329,7697,combined_score,0.9797145147901423,0.997019504021749,0.9797145147901423,-0.017304989231606727
1767257525.0338562,7698,combined_score,0.0,0.997019504021749,-0.9797145147901423,-0.997019504021749
1767257561.8221412,7696,combined_score,0.0,0.997019504021749,0.0,-0.997019504021749
1767257689.5692568,7701,combined_score,0.9815962702041464,0.997019504021749,0.9815962702041464,-0.015423233817602577
1767257757.0741515,7699,combined_score,0.0,0.997019504021749,-0.9815962702041464,-0.997019504021749
1767257806.2889714,7704,combined_score,0.0,0.997019504021749,0.0,-0.997019504021749
1767257818.9248848,7700,combined_score,0.0,0.997019504021749,0.0,-0.997019504021749
1767257835.2789764,7702,combined_score,0.0,0.997019504021749,0.0,-0.997019504021749
1767257912.4558594,7705,combined_score,0.8589506976879396,0.997019504021749,0.8589506976879396,-0.13806880633380936
1767257985.0457766,7703,combined_score,0.0,0.997019504021749,-0.8589506976879396,-0.997019504021749
1767258011.6774762,7707,combined_score,0.9804332177645573,0.997019504021749,0.9804332177645573,-0.016586286257191718
1767258054.0270584,7708,combined_score,0.0,0.997019504021749,-0.9804332177645573,-0.997019504021749
1767258184.140182,7711,combined_score,0.9744195497698948,0.997019504021749,0.9744195497698948,-0.022599954251854237
1767258225.3038192,7710,combined_score,0.0,0.997019504021749,-0.9744195497698948,-0.997019504021749
1767258256.0161588,7706,combined_score,0.0,0.997019504021749,0.0,-0.997019504021749
1767258363.399586,7713,combined_score,0.9785581608701354,0.997019504021749,0.9785581608701354,-0.01846134315161363
1767258394.7142746,7712,combined_score,0.0,0.997019504021749,-0.9785581608701354,-0.997019504021749
1767258423.5762072,7709,combined_score,0.0,0.997019504021749,0.0,-0.997019504021749
1767258545.7798197,7716,combined_score,0.9729443881446594,0.997019504021749,0.9729443881446594,-0.024075115877089548
1767258575.6745813,7717,combined_score,0.0,0.997019504021749,-0.9729443881446594,-0.997019504021749
1767258591.1071522,7715,combined_score,0.0,0.997019504021749,0.0,-0.997019504021749
1767258648.7846725,7718,combined_score,0.9279184205899821,0.997019504021749,0.9279184205899821,-0.06910108343176691
1767258687.250469,7719,combined_score,0.9642048604686061,0.997019504021749,0.03628643987862401,-0.0328146435531429
1767258692.5891497,7714,combined_score,0.0,0.997019504021749,-0.9642048604686061,-0.997019504021749
1767258756.457676,7722,combined_score,0.0,0.997019504021749,0.0,-0.997019504021749
1767258774.341619,7720,combined_score,0.9754953231394987,0.997019504021749,0.9754953231394987,-0.021524180882250277
1767258891.4702384,7724,combined_score,0.0,0.997019504021749,-0.9754953231394987,-0.997019504021749
1767258893.1980004,7725,combined_score,0.9245901981970671,0.997019504021749,0.9245901981970671,-0.07242930582468188
1767259052.212697,7726,combined_score,0.0,0.997019504021749,-0.9245901981970671,-0.997019504021749
1767259091.0049171,7721,combined_score,0.0,0.997019504021749,0.0,-0.997019504021749
1767259134.041111,7723,combined_score,0.0,0.997019504021749,0.0,-0.997019504021749
1767259191.038839,7730,combined_score,0.0,0.997019504021749,0.0,-0.997019504021749
1767259220.7068002,7729,combined_score,0.9426934203446563,0.997019504021749,0.9426934203446563,-0.054326083677092685
1767259323.6560602,7728,combined_score,0.0,0.997019504021749,-0.9426934203446563,-0.997019504021749
1767259325.5829096,7727,combined_score,0.0,0.997019504021749,0.0,-0.997019504021749
1767259351.1439195,7732,combined_score,0.9738615951041466,0.997019504021749,0.9738615951041466,-0.023157908917602388
1767259376.645074,7734,combined_score,0.0,0.997019504021749,-0.9738615951041466,-0.997019504021749
1767259491.4794612,7735,combined_score,0.9366393960042686,0.997019504021749,0.9366393960042686,-0.060380108017480394
1767259621.3901513,7731,combined_score,0.0,0.997019504021749,-0.9366393960042686,-0.997019504021749
1767259624.3609726,7736,combined_score,0.0,0.997019504021749,0.0,-0.997019504021749
1767259751.8985374,7733,combined_score,0.0,0.997019504021749,0.0,-0.997019504021749
1767259752.2646322,7739,combined_score,0.0,0.997019504021749,0.0,-0.997019504021749
1767259771.8184347,7740,combined_score,0.6753437248771699,0.997019504021749,0.6753437248771699,-0.3216757791445791
1767259902.600065,7741,combined_score,0.8998103609271637,0.997019504021749,0.22446663604999384,-0.09720914309458528
1767259922.529408,7737,combined_score,0.0,0.997019504021749,-0.8998103609271637,-0.997019504021749
1767259984.7830715,7744,combined_score,0.7547581709235013,0.997019504021749,0.7547581709235013,-0.2422613330982477
1767260104.7869294,7738,combined_score,0.0,0.997019504021749,-0.7547581709235013,-0.997019504021749
1767260121.1683102,7742,combined_score,0.0,0.997019504021749,0.0,-0.997019504021749
1767260157.7098908,7745,combined_score,0.948745549663871,0.997019504021749,0.948745549663871,-0.04827395435787796
1767260176.1715572,7747,combined_score,0.0,0.997019504021749,-0.948745549663871,-0.997019504021749
1767260177.66833,7743,combined_score,0.9845866640696023,0.997019504021749,0.9845866640696023,-0.012432839952146724
1767260221.922789,7750,combined_score,0.0,0.997019504021749,-0.9845866640696023,-0.997019504021749
1767260267.8300412,7751,combined_score,0.0,0.997019504021749,0.0,-0.997019504021749
1767260326.1352818,7746,combined_score,0.9859523885274463,0.997019504021749,0.9859523885274463,-0.011067115494302726
1767260331.4737124,7749,combined_score,0.9813905285659607,0.997019504021749,-0.004561859961485615,-0.01562897545578834
1767260371.3970847,7748,combined_score,0.9890976623343055,0.997019504021749,0.007707133768344865,-0.007921841687443476
1767260464.7076895,7754,combined_score,0.9253716157898864,0.997019504021749,-0.06372604654441916,-0.07164788823186263
1767260477.689071,7753,combined_score,0.0,0.997019504021749,-0.9253716157898864,-0.997019504021749
1767260523.6180193,7757,combined_score,0.0,0.997019504021749,0.0,-0.997019504021749
1767260557.7690952,7755,combined_score,0.0,0.997019504021749,0.0,-0.997019504021749
1767260601.4188862,7756,combined_score,0.9619074073517897,0.997019504021749,0.9619074073517897,-0.03511209666995929
1767260695.0373752,7752,combined_score,0.0,0.997019504021749,-0.9619074073517897,-0.997019504021749
1767260778.9524915,7760,combined_score,0.9708783867341425,0.997019504021749,0.9708783867341425,-0.026141117287606486
1767260808.7068162,7759,combined_score,0.0,0.997019504021749,-0.9708783867341425,-0.997019504021749
1767260832.811213,7762,combined_score,0.0,0.997019504021749,0.0,-0.997019504021749
1767260866.449164,7763,combined_score,0.0,0.997019504021749,0.0,-0.997019504021749
1767260888.448172,7761,combined_score,0.0,0.997019504021749,0.0,-0.997019504021749
1767260954.2499692,7758,combined_score,0.0,0.997019504021749,0.0,-0.997019504021749
1767261079.8142025,7764,combined_score,0.0,0.997019504021749,0.0,-0.997019504021749
1767261111.759834,7766,combined_score,0.997019504021749,0.997019504021749,0.997019504021749,0.0
1767261140.7080462,7768,combined_score,0.0,0.997019504021749,-0.997019504021749,-0.997019504021749
1767261181.6365204,7770,combined_score,0.0,0.997019504021749,0.0,-0.997019504021749
1767261311.7335377,7765,combined_score,0.0,0.997019504021749,0.0,-0.997019504021749
1767261363.911049,7769,combined_score,0.0,0.997019504021749,0.0,-0.997019504021749
1767261381.2618806,7767,combined_score,0.0,0.997019504021749,0.0,-0.997019504021749
1767261414.690565,7771,combined_score,0.9598362950618042,0.997019504021749,0.9598362950618042,-0.03718320895994476
1767261517.3973312,7773,combined_score,0.9684555206723308,0.997019504021749,0.008619225610526526,-0.02856398334941823
1767261529.0206523,7774,combined_score,0.0,0.997019504021749,-0.9684555206723308,-0.997019504021749
1767261543.0133295,7775,combined_score,0.0,0.997019504021749,0.0,-0.997019504021749
1767261645.7634223,7776,combined_score,0.9682766818491008,0.997019504021749,0.9682766818491008,-0.02874282217264823
1767261697.8745093,7777,combined_score,0.0,0.997019504021749,-0.9682766818491008,-0.997019504021749
1767261739.208068,7772,combined_score,0.0,0.997019504021749,0.0,-0.997019504021749
1767261787.7660954,7779,combined_score,0.9777760160726102,0.997019504021749,0.9777760160726102,-0.01924348794913877
1767261847.4116921,7780,combined_score,0.9694606567822354,0.997019504021749,-0.008315359290374857,-0.02755884723951363
1767261888.5756226,7781,combined_score,0.0,0.997019504021749,-0.9694606567822354,-0.997019504021749
1767261972.7846057,7778,combined_score,0.0,0.997019504021749,0.0,-0.997019504021749
1767262004.1506598,7784,combined_score,0.9368933070722496,0.997019504021749,0.9368933070722496,-0.06012619694949939
1767262100.960675,7783,combined_score,0.0,0.997019504021749,-0.9368933070722496,-0.997019504021749
1767262128.8899293,7785,combined_score,0.9573521859000687,0.997019504021749,0.9573521859000687,-0.03966731812168034
1767262139.1285515,7786,combined_score,0.0,0.997019504021749,-0.9573521859000687,-0.997019504021749
1767262222.4624777,7789,combined_score,0.0,0.997019504021749,0.0,-0.997019504021749
1767262226.6103551,7782,combined_score,0.0,0.997019504021749,0.0,-0.997019504021749
1767262281.5481253,7788,combined_score,0.0,0.997019504021749,0.0,-0.997019504021749
1767262318.080642,7787,combined_score,0.9796988962436708,0.997019504021749,0.9796988962436708,-0.0173206077780782
1767262420.5727975,7791,combined_score,0.0,0.997019504021749,-0.9796988962436708,-0.997019504021749
1767262423.2260344,7792,combined_score,0.0,0.997019504021749,0.0,-0.997019504021749
1767262448.3643565,7790,combined_score,0.0,0.997019504021749,0.0,-0.997019504021749
1767262499.231252,7793,combined_score,0.9797395607162106,0.997019504021749,0.9797395607162106,-0.017279943305538392
1767262578.7567778,7796,combined_score,0.9624755137621206,0.997019504021749,-0.017264046954090007,-0.0345439902596284
1767262594.8120105,7794,combined_score,0.0,0.997019504021749,-0.9624755137621206,-0.997019504021749
1767262622.4637742,7795,combined_score,0.0,0.997019504021749,0.0,-0.997019504021749
1767262645.0241055,7799,combined_score,0.0,0.997019504021749,0.0,-0.997019504021749
1767262669.2642593,7800,combined_score,0.0,0.997019504021749,0.0,-0.997019504021749
1767262718.0717788,7802,combined_score,0.0,0.997019504021749,0.0,-0.997019504021749
1767262723.568543,7797,combined_score,0.0,0.997019504021749,0.0,-0.997019504021749
1767262799.505221,7798,combined_score,0.9721944626686225,0.997019504021749,0.9721944626686225,-0.024825041353126465
1767262856.9192255,7803,combined_score,0.9109559002639376,0.997019504021749,-0.06123856240468495,-0.08606360375781141
1767262902.0446818,7804,combined_score,0.984561877926426,0.997019504021749,0.07360597766248844,-0.012457626095322971
1767262953.5674133,7805,combined_score,0.9394009896864247,0.997019504021749,-0.04516088824000131,-0.05761851433532428
1767263086.3125432,7801,combined_score,0.0,0.997019504021749,-0.9394009896864247,-0.997019504021749
1767263104.4441128,7807,combined_score,0.9783745022916619,0.997019504021749,0.9783745022916619,-0.018645001730087096
1767263113.1310816,7806,combined_score,0.0,0.997019504021749,-0.9783745022916619,-0.997019504021749
1767263117.8934216,7808,combined_score,0.9716313194012814,0.997019504021749,0.9716313194012814,-0.025388184620467547
1767263140.980077,7810,combined_score,0.0,0.997019504021749,-0.9716313194012814,-0.997019504021749
1767263180.1900244,7811,combined_score,0.0,0.997019504021749,0.0,-0.997019504021749
1767263237.4205642,7814,combined_score,0.0,0.997019504021749,0.0,-0.997019504021749
1767263280.2073267,7812,combined_score,0.0,0.997019504021749,0.0,-0.997019504021749
1767263289.9895139,7809,combined_score,0.9823579172327433,0.997019504021749,0.9823579172327433,-0.014661586789005643
1767263294.560519,7813,combined_score,0.0,0.997019504021749,-0.9823579172327433,-0.997019504021749
1767263315.2991076,7816,combined_score,0.0,0.997019504021749,0.0,-0.997019504021749
1767263415.3528643,7818,combined_score,0.9329657062071507,0.997019504021749,0.9329657062071507,-0.0640537978145983
1767263425.7251475,7817,combined_score,0.9634344390178311,0.997019504021749,0.03046873281068041,-0.03358506500391789
1767263430.814083,7815,combined_score,0.9856702628000829,0.997019504021749,0.02223582378225175,-0.01134924122166614
1767263484.6697295,7819,combined_score,0.0,0.997019504021749,-0.9856702628000829,-0.997019504021749
1767263527.7373588,7820,combined_score,0.9183918747496015,0.997019504021749,0.9183918747496015,-0.0786276292721475
1767263542.2096164,7823,combined_score,0.0,0.997019504021749,-0.9183918747496015,-0.997019504021749
1767263603.643689,7825,combined_score,0.0,0.997019504021749,0.0,-0.997019504021749
1767263630.7195356,7821,combined_score,0.9505451543241589,0.997019504021749,0.9505451543241589,-0.04647434969759012
1767263676.6735022,7827,combined_score,0.0,0.997019504021749,-0.9505451543241589,-0.997019504021749
1767263691.0201995,7822,combined_score,0.0,0.997019504021749,0.0,-0.997019504021749
1767263737.7577975,7829,combined_score,0.0,0.997019504021749,0.0,-0.997019504021749
1767263775.5163817,7830,combined_score,0.0,0.997019504021749,0.0,-0.997019504021749
1767263811.6115174,7826,combined_score,0.982506241074589,0.997019504021749,0.982506241074589,-0.014513262947160044
1767263958.668081,7824,combined_score,0.0,0.997019504021749,-0.982506241074589,-0.997019504021749
1767264016.8341131,7833,combined_score,0.0,0.997019504021749,0.0,-0.997019504021749
1767264054.3178885,7831,combined_score,0.0,0.997019504021749,0.0,-0.997019504021749
1767264074.3621411,7832,combined_score,0.0,0.997019504021749,0.0,-0.997019504021749
1767264110.0919802,7828,combined_score,0.0,0.997019504021749,0.0,-0.997019504021749
1767264195.7467663,7836,combined_score,0.670447297556307,0.997019504021749,0.670447297556307,-0.32657220646544194
1767264204.7540555,7834,combined_score,0.0,0.997019504021749,-0.670447297556307,-0.997019504021749
1767264221.9076047,7837,combined_score,0.9293499156743369,0.997019504021749,0.9293499156743369,-0.0676695883474121
1767264308.0243385,7835,combined_score,0.0,0.997019504021749,-0.9293499156743369,-0.997019504021749
1767264311.5463254,7840,combined_score,0.9201915777771431,0.997019504021749,0.9201915777771431,-0.07682792624460588
1767264339.2617745,7839,combined_score,0.8644637200349127,0.997019504021749,-0.055727857742230436,-0.13255578398683632
1767264343.0263338,7841,combined_score,0.0,0.997019504021749,-0.8644637200349127,-0.997019504021749
1767264470.411496,7842,combined_score,0.0,0.997019504021749,0.0,-0.997019504021749
1767264549.3998578,7843,combined_score,0.9771129649387116,0.997019504021749,0.9771129649387116,-0.01990653908303741
1767264627.568591,7838,combined_score,0.0,0.997019504021749,-0.9771129649387116,-0.997019504021749
1767264648.4637222,7845,combined_score,0.9768233166273292,0.997019504021749,0.9768233166273292,-0.02019618739441975
1767264708.2405303,7844,combined_score,0.0,0.997019504021749,-0.9768233166273292,-0.997019504021749
1767264752.2173007,7849,combined_score,0.0,0.997019504021749,0.0,-0.997019504021749
1767264793.0632322,7846,combined_score,0.0,0.997019504021749,0.0,-0.997019504021749
1767264819.3920553,7850,combined_score,0.9199014364256285,0.997019504021749,0.9199014364256285,-0.0771180675961205
1767264837.5646498,7847,combined_score,0.0,0.997019504021749,-0.9199014364256285,-0.997019504021749
1767264890.3218977,7853,combined_score,0.0,0.997019504021749,0.0,-0.997019504021749
1767265058.2798657,7852,combined_score,0.0,0.997019504021749,0.0,-0.997019504021749
1767265087.867446,7848,combined_score,0.0,0.997019504021749,0.0,-0.997019504021749
1767265116.9546587,7851,combined_score,0.0,0.997019504021749,0.0,-0.997019504021749
1767265239.2758253,7856,combined_score,0.973424570660188,0.997019504021749,0.973424570660188,-0.023594933361561043
1767265255.1815627,7855,combined_score,0.0,0.997019504021749,-0.973424570660188,-0.997019504021749
1767265315.4223063,7859,combined_score,0.0,0.997019504021749,0.0,-0.997019504021749
1767265317.762444,7857,combined_score,0.978544900915343,0.997019504021749,0.978544900915343,-0.01847460310640603
1767265328.2106977,7854,combined_score,0.0,0.997019504021749,-0.978544900915343,-0.997019504021749
1767265362.0318387,7858,combined_score,0.8234649052626964,0.997019504021749,0.8234649052626964,-0.17355459875905255
1767265501.5986278,7861,combined_score,0.9764390038898152,0.997019504021749,0.15297409862711875,-0.0205805001319338
1767265521.5019143,7863,combined_score,0.9820562593135326,0.997019504021749,0.005617255423717382,-0.014963244708216417
1767265567.4945571,7860,combined_score,0.9710664184118474,0.997019504021749,-0.0109898409016852,-0.025953085609901616
1767265643.5943942,7866,combined_score,0.0,0.997019504021749,-0.9710664184118474,-0.997019504021749
1767265655.6919715,7864,combined_score,0.9900546357744383,0.997019504021749,0.9900546357744383,-0.006964868247310685
1767265695.6370995,7865,combined_score,0.0,0.997019504021749,-0.9900546357744383,-0.997019504021749
1767265757.2765567,7862,combined_score,0.0,0.997019504021749,0.0,-0.997019504021749
1767265811.4008455,7870,combined_score,0.0,0.997019504021749,0.0,-0.997019504021749
1767265830.6850991,7869,combined_score,0.0,0.997019504021749,0.0,-0.997019504021749
1767265852.3946035,7868,combined_score,0.9871689407761846,0.997019504021749,0.9871689407761846,-0.009850563245564437
1767265885.7082732,7872,combined_score,0.0,0.997019504021749,-0.9871689407761846,-0.997019504021749
1767265903.628638,7873,combined_score,0.0,0.997019504021749,0.0,-0.997019504021749
1767265947.6794083,7875,combined_score,0.0,0.997019504021749,0.0,-0.997019504021749
1767266011.5722222,7871,combined_score,0.9778628193242425,0.997019504021749,0.9778628193242425,-0.019156684697506532
1767266022.2049987,7874,combined_score,0.0,0.997019504021749,-0.9778628193242425,-0.997019504021749
1767266071.2807283,7867,combined_score,0.0,0.997019504021749,0.0,-0.997019504021749
1767266083.7757394,7878,combined_score,0.0,0.997019504021749,0.0,-0.997019504021749
1767266092.902228,7876,combined_score,0.0,0.997019504021749,0.0,-0.997019504021749
1767266138.5829935,7879,combined_score,0.0,0.997019504021749,0.0,-0.997019504021749
1767266220.2943907,7877,combined_score,0.0,0.997019504021749,0.0,-0.997019504021749
1767266224.1195345,7880,combined_score,0.0,0.997019504021749,0.0,-0.997019504021749
1767266303.8138425,7881,combined_score,0.9784021752146059,0.997019504021749,0.9784021752146059,-0.018617328807143063
1767266380.691619,7883,combined_score,0.9298681286058655,0.997019504021749,-0.04853404660874039,-0.06715137541588345
1767266430.7924511,7884,combined_score,0.0,0.997019504021749,-0.9298681286058655,-0.997019504021749
1767266480.5662446,7885,combined_score,0.0,0.997019504021749,0.0,-0.997019504021749
1767266480.6200633,7887,combined_score,0.0,0.997019504021749,0.0,-0.997019504021749
1767266529.408984,7888,combined_score,0.0,0.997019504021749,0.0,-0.997019504021749
1767266554.7582605,7882,combined_score,0.0,0.997019504021749,0.0,-0.997019504021749
1767266570.8286994,7886,combined_score,0.9802618150649728,0.997019504021749,0.9802618150649728,-0.016757688956776207
1767266618.267669,7890,combined_score,0.9582690786501606,0.997019504021749,-0.021992736414812142,-0.03875042537158835
1767266771.388208,7891,combined_score,0.9660508857562106,0.997019504021749,0.0077818071060499205,-0.030968618265538428
1767266774.5029793,7893,combined_score,0.0,0.997019504021749,-0.9660508857562106,-0.997019504021749
1767266906.9883308,7889,combined_score,0.0,0.997019504021749,0.0,-0.997019504021749
1767266937.3786027,7895,combined_score,0.9297572249631133,0.997019504021749,0.9297572249631133,-0.06726227905863569
1767266982.9036362,7892,combined_score,0.0,0.997019504021749,-0.9297572249631133,-0.997019504021749
1767267010.3319924,7898,combined_score,0.0,0.997019504021749,0.0,-0.997019504021749
1767267103.8341777,7896,combined_score,0.0,0.997019504021749,0.0,-0.997019504021749
1767267129.2614758,7897,combined_score,0.9831772586742753,0.997019504021749,0.9831772586742753,-0.013842245347473692
1767267187.0410967,7899,combined_score,0.9904210696778786,0.997019504021749,0.007243811003603273,-0.0065984343438704185
1767267197.452036,7894,combined_score,0.0,0.997019504021749,-0.9904210696778786,-0.997019504021749
1767267234.1504478,7903,combined_score,0.0,0.997019504021749,0.0,-0.997019504021749
1767267279.6963532,7901,combined_score,0.0,0.997019504021749,0.0,-0.997019504021749
1767267339.9519823,7900,combined_score,0.0,0.997019504021749,0.0,-0.997019504021749
1767267374.833733,7902,combined_score,0.9801411366561046,0.997019504021749,0.9801411366561046,-0.01687836736564441
1767267429.4354658,7904,combined_score,0.9689011782034839,0.997019504021749,-0.011239958452620713,-0.028118325818265122
1767267464.651053,7908,combined_score,0.0,0.997019504021749,-0.9689011782034839,-0.997019504021749
1767267501.300988,7905,combined_score,0.0,0.997019504021749,0.0,-0.997019504021749
1767267548.033423,7906,combined_score,0.9745418741211345,0.997019504021749,0.9745418741211345,-0.022477629900614526
1767267598.2383552,7911,combined_score,0.0,0.997019504021749,-0.9745418741211345,-0.997019504021749
1767267626.3454783,7907,combined_score,0.0,0.997019504021749,0.0,-0.997019504021749
1767267628.7944102,7909,combined_score,0.96860062937279,0.997019504021749,0.96860062937279,-0.02841887464895898
1767267684.14895,7910,combined_score,0.9811106474837292,0.997019504021749,0.012510018110939214,-0.015908856538019767
1767267720.62153,7914,combined_score,0.0,0.997019504021749,-0.9811106474837292,-0.997019504021749
1767267798.5886235,7912,combined_score,0.0,0.997019504021749,0.0,-0.997019504021749
1767267800.9022405,7916,combined_score,0.0,0.997019504021749,0.0,-0.997019504021749
1767267842.3997827,7917,combined_score,0.0,0.997019504021749,0.0,-0.997019504021749
1767267847.697929,7915,combined_score,0.9751349507940082,0.997019504021749,0.9751349507940082,-0.021884553227740744
1767267870.8393774,7913,combined_score,0.0,0.997019504021749,-0.9751349507940082,-0.997019504021749
1767267897.5913796,7920,combined_score,0.0,0.997019504021749,0.0,-0.997019504021749
1767267943.8446412,7922,combined_score,0.0,0.997019504021749,0.0,-0.997019504021749
1767267990.9635634,7918,combined_score,0.9779702999083302,0.997019504021749,0.9779702999083302,-0.019049204113418816
1767267992.5120664,7923,combined_score,0.0,0.997019504021749,-0.9779702999083302,-0.997019504021749
1767268036.0623658,7921,combined_score,0.0,0.997019504021749,0.0,-0.997019504021749
1767268123.7891984,7919,combined_score,0.9749956421973069,0.997019504021749,0.9749956421973069,-0.022023861824442048
1767268160.1250575,7925,combined_score,0.0,0.997019504021749,-0.9749956421973069,-0.997019504021749
1767268193.2500732,7924,combined_score,0.0,0.997019504021749,0.0,-0.997019504021749
1767268283.9003162,7926,combined_score,0.0,0.997019504021749,0.0,-0.997019504021749
1767268334.7632377,7928,combined_score,0.0,0.997019504021749,0.0,-0.997019504021749
1767268377.7453613,7930,combined_score,0.8413775550716684,0.997019504021749,0.8413775550716684,-0.15564194895008054
1767268396.1867752,7931,combined_score,0.0,0.997019504021749,-0.8413775550716684,-0.997019504021749
1767268495.147308,7933,combined_score,0.8903434854906204,0.997019504021749,0.8903434854906204,-0.10667601853112862
1767268528.5699065,7932,combined_score,0.0,0.997019504021749,-0.8903434854906204,-0.997019504021749
1767268550.0463858,7934,combined_score,0.0,0.997019504021749,0.0,-0.997019504021749
1767268578.100022,7927,combined_score,0.0,0.997019504021749,0.0,-0.997019504021749
1767268589.228284,7935,combined_score,0.0,0.997019504021749,0.0,-0.997019504021749
1767268637.1570292,7929,combined_score,0.0,0.997019504021749,0.0,-0.997019504021749
1767268711.8243163,7936,combined_score,0.9908920915871948,0.997019504021749,0.9908920915871948,-0.006127412434554169
1767268724.1471415,7937,combined_score,0.0,0.997019504021749,-0.9908920915871948,-0.997019504021749
1767268796.9928179,7939,combined_score,0.0,0.997019504021749,0.0,-0.997019504021749
1767268927.3856082,7940,combined_score,0.997019504021749,0.997019504021749,0.997019504021749,0.0
1767268949.554083,7938,combined_score,0.0,0.997019504021749,-0.997019504021749,-0.997019504021749
1767268974.9904933,7941,combined_score,0.9393341686990471,0.997019504021749,0.9393341686990471,-0.057685335322701925
1767268991.49448,7942,combined_score,0.9838045903918565,0.997019504021749,0.04447042169280946,-0.013214913629892466
1767269106.2293406,7943,combined_score,0.988059629254567,0.997019504021749,0.004255038862710503,-0.008959874767181963
1767269107.7031658,7945,combined_score,0.9195971564925837,0.997019504021749,-0.06846247276198336,-0.07742234752916533
1767269117.5391777,7944,combined_score,0.9228544284630095,0.997019504021749,0.0032572719704258013,-0.07416507555873952
1767269119.4784777,7946,combined_score,0.9213771080851506,0.997019504021749,-0.0014773203778588595,-0.07564239593659838
1767269287.1068969,7950,combined_score,0.0,0.997019504021749,-0.9213771080851506,-0.997019504021749
1767269313.8942673,7948,combined_score,0.9702248188889735,0.997019504021749,0.9702248188889735,-0.026794685132775498
1767269330.0990367,7949,combined_score,0.9852763019361778,0.997019504021749,0.015051483047204273,-0.011743202085571225
1767269335.1419005,7947,combined_score,0.9659544549688999,0.997019504021749,-0.0193218469672779,-0.031065049052849125
1767269378.7921128,7952,combined_score,0.0,0.997019504021749,-0.9659544549688999,-0.997019504021749
1767269507.6956258,7954,combined_score,0.9916408640049154,0.997019504021749,0.9916408640049154,-0.005378640016833636
1767269523.708227,7951,combined_score,0.9665963443593811,0.997019504021749,-0.025044519645534224,-0.03042315966236786
1767269527.4407065,7953,combined_score,0.9773111148774676,0.997019504021749,0.010714770518086447,-0.019708389144281413
1767269545.8618753,7955,combined_score,0.9668375231047166,0.997019504021749,-0.010473591772750979,-0.03018198091703239
1767269637.0904126,7959,combined_score,0.9080571129980008,0.997019504021749,-0.05878041010671575,-0.08896239102374814
1767269641.0490007,7958,combined_score,0.0,0.997019504021749,-0.9080571129980008,-0.997019504021749
1767269706.8581119,7956,combined_score,0.9580569461278508,0.997019504021749,0.9580569461278508,-0.03896255789389824
1767269733.9018996,7957,combined_score,0.0,0.997019504021749,-0.9580569461278508,-0.997019504021749
1767269785.435876,7963,combined_score,0.0,0.997019504021749,0.0,-0.997019504021749
1767269803.3396368,7960,combined_score,0.9803297915017812,0.997019504021749,0.9803297915017812,-0.01668971251996776
1767269853.6224427,7961,combined_score,0.9831640386314123,0.997019504021749,0.0028342471296310956,-0.013855465390336663
1767269930.8610218,7965,combined_score,0.0,0.997019504021749,-0.9831640386314123,-0.997019504021749
1767269943.2250276,7964,combined_score,0.9924968931830491,0.997019504021749,0.9924968931830491,-0.00452261083869987
1767269959.301725,7962,combined_score,0.0,0.997019504021749,-0.9924968931830491,-0.997019504021749
1767269995.4144979,7969,combined_score,0.0,0.997019504021749,0.0,-0.997019504021749
1767270038.1611128,7970,combined_score,0.0,0.997019504021749,0.0,-0.997019504021749
1767270134.844107,7967,combined_score,0.9769500541096713,0.997019504021749,0.9769500541096713,-0.020069449912077708
1767270138.986571,7968,combined_score,0.9892772985672267,0.997019504021749,0.012327244457555397,-0.007742205454522311
1767270189.3007362,7972,combined_score,0.0,0.997019504021749,-0.9892772985672267,-0.997019504021749
1767270226.221069,7971,combined_score,0.9584752187293052,0.997019504021749,0.9584752187293052,-0.0385442852924438
1767270260.3971639,7973,combined_score,0.9243349151720487,0.997019504021749,-0.0341403035572565,-0.0726845888497003
1767270292.7840807,7966,combined_score,0.0,0.997019504021749,-0.9243349151720487,-0.997019504021749
1767270373.5525587,7974,combined_score,0.9643777215624457,0.997019504021749,0.9643777215624457,-0.03264178245930327
1767270441.3643663,7975,combined_score,0.0,0.997019504021749,-0.9643777215624457,-0.997019504021749
1767270487.8762178,7977,combined_score,0.0,0.997019504021749,0.0,-0.997019504021749
1767270500.8716838,7979,combined_score,0.0,0.997019504021749,0.0,-0.997019504021749
1767270502.501296,7976,combined_score,0.0,0.997019504021749,0.0,-0.997019504021749
1767270535.1138816,7981,combined_score,0.0,0.997019504021749,0.0,-0.997019504021749
1767270583.912031,7978,combined_score,0.0,0.997019504021749,0.0,-0.997019504021749
1767270592.2442605,7983,combined_score,0.0,0.997019504021749,0.0,-0.997019504021749
1767270707.53214,7982,combined_score,0.0,0.997019504021749,0.0,-0.997019504021749
1767270711.2271845,7980,combined_score,0.0,0.997019504021749,0.0,-0.997019504021749
1767270776.3722732,7985,combined_score,0.9747275632736078,0.997019504021749,0.9747275632736078,-0.022291940748141226
1767270818.5891528,7984,combined_score,0.0,0.997019504021749,-0.9747275632736078,-0.997019504021749
1767270863.2549014,7989,combined_score,0.0,0.997019504021749,0.0,-0.997019504021749
1767270917.3115516,7986,combined_score,0.0,0.997019504021749,0.0,-0.997019504021749
1767270957.0361946,7987,combined_score,0.9760073547097805,0.997019504021749,0.9760073547097805,-0.021012149311968487
1767270988.6242206,7988,combined_score,0.0,0.997019504021749,-0.9760073547097805,-0.997019504021749
1767271007.4323864,7992,combined_score,0.0,0.997019504021749,0.0,-0.997019504021749
1767271019.0151558,7993,combined_score,0.0,0.997019504021749,0.0,-0.997019504021749
1767271056.9082782,7991,combined_score,0.9551649453128369,0.997019504021749,0.9551649453128369,-0.04185455870891208
1767271064.0573218,7995,combined_score,0.0,0.997019504021749,-0.9551649453128369,-0.997019504021749
1767271067.3106058,7994,combined_score,0.0,0.997019504021749,0.0,-0.997019504021749
1767271114.4144537,7998,combined_score,0.0,0.997019504021749,0.0,-0.997019504021749
1767271137.561225,7990,combined_score,0.0,0.997019504021749,0.0,-0.997019504021749
1767271203.034173,7997,combined_score,0.7994768417065518,0.997019504021749,0.7994768417065518,-0.19754266231519724
1767271278.2168434,7996,combined_score,0.9817949831912339,0.997019504021749,0.18231814148468217,-0.015224520830515065
1767271306.3409767,8000,combined_score,0.9837238952456949,0.997019504021749,0.0019289120544609961,-0.013295608776054069
1767271331.7130558,7999,combined_score,0.9833290094121895,0.997019504021749,-0.0003948858335054428,-0.013690494609559511
1767271334.7338107,8002,combined_score,0.0,0.997019504021749,-0.9833290094121895,-0.997019504021749
1767271356.3119326,8001,combined_score,0.9259708207826394,0.997019504021749,0.9259708207826394,-0.07104868323910962
1767271462.6161587,8003,combined_score,0.0,0.997019504021749,-0.9259708207826394,-0.997019504021749
1767271502.9713893,8007,combined_score,0.0,0.997019504021749,0.0,-0.997019504021749
1767271574.4924538,8006,combined_score,0.9913042905160909,0.997019504021749,0.9913042905160909,-0.005715213505658068
1767271598.7150948,8004,combined_score,0.9919752388007915,0.997019504021749,0.000670948284700601,-0.005044265220957467
1767271665.7414935,8009,combined_score,0.9260460718784844,0.997019504021749,-0.0659291669223071,-0.07097343214326457
1767271759.8161118,8005,combined_score,0.0,0.997019504021749,-0.9260460718784844,-0.997019504021749
1767271793.427236,8008,combined_score,0.0,0.997019504021749,0.0,-0.997019504021749
1767271812.5164948,8012,combined_score,0.0,0.997019504021749,0.0,-0.997019504021749
1767271812.772373,8011,combined_score,0.0,0.997019504021749,0.0,-0.997019504021749
1767271826.704488,8010,combined_score,0.9752190635819865,0.997019504021749,0.9752190635819865,-0.02180044043976248
1767271883.7730231,8015,combined_score,0.0,0.997019504021749,-0.9752190635819865,-0.997019504021749
1767271951.9278333,8017,combined_score,0.0,0.997019504021749,0.0,-0.997019504021749
1767272005.7387283,8016,combined_score,0.9813911746328035,0.997019504021749,0.9813911746328035,-0.01562832938894554
1767272034.0647137,8013,combined_score,0.9800282835790812,0.997019504021749,-0.001362891053722226,-0.016991220442667765
1767272051.4244943,8014,combined_score,0.0,0.997019504021749,-0.9800282835790812,-0.997019504021749
1767272082.0176423,8021,combined_score,0.0,0.997019504021749,0.0,-0.997019504021749
1767272099.1386075,8018,combined_score,0.0,0.997019504021749,0.0,-0.997019504021749
1767272167.9673011,8019,combined_score,0.0,0.997019504021749,0.0,-0.997019504021749
1767272274.1071844,8020,combined_score,0.0,0.997019504021749,0.0,-0.997019504021749
1767272286.119783,8022,combined_score,0.9683972985997329,0.997019504021749,0.9683972985997329,-0.0286222054220161
1767272450.4228659,8026,combined_score,0.9777309715406215,0.997019504021749,0.009333672940888604,-0.019288532481127496
1767272502.2597017,8025,combined_score,0.979673670895237,0.997019504021749,0.0019426993546155513,-0.017345833126511945
1767272529.7619748,8023,combined_score,0.0,0.997019504021749,-0.979673670895237,-0.997019504021749
1767272590.8804708,8024,combined_score,0.0,0.997019504021749,0.0,-0.997019504021749
1767272615.5804958,8028,combined_score,0.8791507600002275,0.997019504021749,0.8791507600002275,-0.11786874402152148
1767272631.4298162,8029,combined_score,0.9462288102971812,0.997019504021749,0.06707805029695368,-0.05079069372456779
1767272641.9878426,8030,combined_score,0.0,0.997019504021749,-0.9462288102971812,-0.997019504021749
1767272691.012712,8033,combined_score,0.9126576469982541,0.997019504021749,0.9126576469982541,-0.08436185702349486
1767272713.5549638,8027,combined_score,0.9784319294663132,0.997019504021749,0.06577428246805905,-0.018587574555435804
1767272818.153423,8031,combined_score,0.9647968350488442,0.997019504021749,-0.013635094417469018,-0.03222266897290482
1767272845.3484666,8032,combined_score,0.9652621292087089,0.997019504021749,0.00046529415986473754,-0.031757374813040085
1767272856.9248261,8036,combined_score,0.0,0.997019504021749,-0.9652621292087089,-0.997019504021749
1767272859.690317,8035,combined_score,0.0,0.997019504021749,0.0,-0.997019504021749
1767272877.0426772,8034,combined_score,0.9797623519136734,0.997019504021749,0.9797623519136734,-0.017257152108075546
1767273005.823692,8039,combined_score,0.0,0.997019504021749,-0.9797623519136734,-0.997019504021749
1767273029.124306,8038,combined_score,0.0,0.997019504021749,0.0,-0.997019504021749
1767273083.7053757,8042,combined_score,0.0,0.997019504021749,0.0,-0.997019504021749
1767273123.2854786,8037,combined_score,0.0,0.997019504021749,0.0,-0.997019504021749
1767273190.4875221,8040,combined_score,0.0,0.997019504021749,0.0,-0.997019504021749
1767273247.668303,8041,combined_score,0.8749038935180734,0.997019504021749,0.8749038935180734,-0.12211561050367559
1767273288.823343,8043,combined_score,0.0,0.997019504021749,-0.8749038935180734,-0.997019504021749
1767273298.4867465,8044,combined_score,0.9538418233453083,0.997019504021749,0.9538418233453083,-0.04317768067644068
1767273334.73757,8045,combined_score,0.0,0.997019504021749,-0.9538418233453083,-0.997019504021749
1767273373.4705207,8047,combined_score,0.0,0.997019504021749,0.0,-0.997019504021749
1767273499.416793,8048,combined_score,0.0,0.997019504021749,0.0,-0.997019504021749
1767273536.2423575,8049,combined_score,0.9043800559297059,0.997019504021749,0.9043800559297059,-0.09263944809204305
1767273541.109105,8050,combined_score,0.9518302893329715,0.997019504021749,0.047450233403265596,-0.04518921468877746
1767273642.6632671,8052,combined_score,0.9271369715555329,0.997019504021749,-0.02469331777743866,-0.06988253246621612
1767273706.2177215,8054,combined_score,0.0,0.997019504021749,-0.9271369715555329,-0.997019504021749
1767273715.5725164,8046,combined_score,0.0,0.997019504021749,0.0,-0.997019504021749
1767273732.1803157,8053,combined_score,0.0,0.997019504021749,0.0,-0.997019504021749
1767273758.0097659,8051,combined_score,0.0,0.997019504021749,0.0,-0.997019504021749
1767273772.8596728,8057,combined_score,0.0,0.997019504021749,0.0,-0.997019504021749
1767273782.783747,8055,combined_score,0.0,0.997019504021749,0.0,-0.997019504021749
1767273915.4625397,8060,combined_score,0.0,0.997019504021749,0.0,-0.997019504021749
1767273920.6509757,8058,combined_score,0.9839061372031093,0.997019504021749,0.9839061372031093,-0.013113366818639727
1767273937.9603384,8056,combined_score,0.0,0.997019504021749,-0.9839061372031093,-0.997019504021749
1767273956.965059,8061,combined_score,0.0,0.997019504021749,0.0,-0.997019504021749
1767274061.8754647,8062,combined_score,0.9652678396165756,0.997019504021749,0.9652678396165756,-0.03175166440517341
1767274083.6078296,8063,combined_score,0.0,0.997019504021749,-0.9652678396165756,-0.997019504021749
1767274148.4304273,8064,combined_score,0.9647439321283674,0.997019504021749,0.9647439321283674,-0.032275571893381594
1767274198.2858665,8065,combined_score,0.9557515023988884,0.997019504021749,-0.008992429729479001,-0.041268001622860595
1767274221.780419,8059,combined_score,0.0,0.997019504021749,-0.9557515023988884,-0.997019504021749
1767274242.5910742,8067,combined_score,0.0,0.997019504021749,0.0,-0.997019504021749
1767274249.219216,8068,combined_score,0.0,0.997019504021749,0.0,-0.997019504021749
1767274290.5632977,8066,combined_score,0.0,0.997019504021749,0.0,-0.997019504021749
1767274492.9652624,8071,combined_score,0.0,0.997019504021749,0.0,-0.997019504021749
1767274515.732102,8072,combined_score,0.9878753042578599,0.997019504021749,0.9878753042578599,-0.009144199763889138
1767274576.1878529,8073,combined_score,0.0,0.997019504021749,-0.9878753042578599,-0.997019504021749
1767274648.5855107,8069,combined_score,0.0,0.997019504021749,0.0,-0.997019504021749
1767274686.249078,8070,combined_score,0.0,0.997019504021749,0.0,-0.997019504021749
1767274716.7755105,8075,combined_score,0.9739891997563794,0.997019504021749,0.9739891997563794,-0.02303030426536956
1767274751.8507733,8074,combined_score,0.9850195031439315,0.997019504021749,0.011030303387552065,-0.012000000877817496
1767274812.7120194,8076,combined_score,0.0,0.997019504021749,-0.9850195031439315,-0.997019504021749
1767274826.913918,8078,combined_score,0.9343329121093075,0.997019504021749,0.9343329121093075,-0.06268659191244152
1767274848.835978,8077,combined_score,0.0,0.997019504021749,-0.9343329121093075,-0.997019504021749
1767274896.7308967,8082,combined_score,0.0,0.997019504021749,0.0,-0.997019504021749
1767274947.9224508,8079,combined_score,0.0,0.997019504021749,0.0,-0.997019504021749
1767274978.163397,8081,combined_score,0.9709144924923294,0.997019504021749,0.9709144924923294,-0.026105011529419575
1767275028.8059556,8080,combined_score,0.992799919637104,0.997019504021749,0.021885427144774594,-0.004219584384644981
1767275134.1083486,8085,combined_score,0.9767974238032024,0.997019504021749,-0.016002495833901564,-0.020222080218546545
1767275191.7922704,8086,combined_score,0.9340730458049736,0.997019504021749,-0.04272437799822881,-0.06294645821677536
1767275338.8568215,8088,combined_score,0.0,0.997019504021749,-0.9340730458049736,-0.997019504021749
1767275345.3302336,8083,combined_score,0.0,0.997019504021749,0.0,-0.997019504021749
1767275381.9603136,8084,combined_score,0.0,0.997019504021749,0.0,-0.997019504021749
1767275428.5857258,8091,combined_score,0.0,0.997019504021749,0.0,-0.997019504021749
1767275494.281286,8092,combined_score,0.0,0.997019504021749,0.0,-0.997019504021749
1767275497.4354491,8087,combined_score,0.0,0.997019504021749,0.0,-0.997019504021749
1767275563.1611464,8094,combined_score,0.0,0.997019504021749,0.0,-0.997019504021749
1767275570.475063,8090,combined_score,0.9866922257641023,0.997019504021749,0.9866922257641023,-0.010327278257646677
1767275614.8487773,8089,combined_score,0.9787373586070951,0.997019504021749,-0.007954867157007217,-0.018282145414653894
1767275625.9951246,8093,combined_score,0.7559040726947835,0.997019504021749,-0.22283328591231155,-0.24111543132696545
1767275665.3160894,8097,combined_score,0.0,0.997019504021749,-0.7559040726947835,-0.997019504021749
1767275744.8447065,8095,combined_score,0.911796419025284,0.997019504021749,0.911796419025284,-0.08522308499646503
1767275831.9182267,8096,combined_score,0.0,0.997019504021749,-0.911796419025284,-0.997019504021749
1767275890.4604428,8099,combined_score,0.9824431637972919,0.997019504021749,0.9824431637972919,-0.014576340224457085
1767275907.1033006,8100,combined_score,0.8957519813359917,0.997019504021749,-0.08669118246130025,-0.10126752268575734
1767275983.4062474,8101,combined_score,0.9415783149665145,0.997019504021749,0.0458263336305228,-0.05544118905523454
1767276059.3708026,8098,combined_score,0.0,0.997019504021749,-0.9415783149665145,-0.997019504021749
1767276116.5605166,8104,combined_score,0.0,0.997019504021749,0.0,-0.997019504021749
1767276127.0704389,8103,combined_score,0.9736971507782545,0.997019504021749,0.9736971507782545,-0.02332235324349452
1767276159.7194588,8102,combined_score,0.0,0.997019504021749,-0.9736971507782545,-0.997019504021749
1767276245.0670383,8105,combined_score,0.0,0.997019504021749,0.0,-0.997019504021749
1767276339.8326004,8107,combined_score,0.0,0.997019504021749,0.0,-0.997019504021749
1767276346.1923478,8106,combined_score,0.0,0.997019504021749,0.0,-0.997019504021749
1767276376.335263,8109,combined_score,0.9704958469168055,0.997019504021749,0.9704958469168055,-0.026523657104943532
1767276390.13101,8108,combined_score,0.8880810225705978,0.997019504021749,-0.08241482434620762,-0.10893848145115115
1767276527.5038369,8110,combined_score,0.9677211176552005,0.997019504021749,0.07964009508460268,-0.029298386366548468
1767276558.5522149,8112,combined_score,0.9704452321225934,0.997019504021749,0.0027241144673928464,-0.02657427189915562
1767276673.2548182,8111,combined_score,0.0,0.997019504021749,-0.9704452321225934,-0.997019504021749
1767276718.2475426,8113,combined_score,0.9686989798832608,0.997019504021749,0.9686989798832608,-0.02832052413848818
1767276726.1022422,8116,combined_score,0.0,0.997019504021749,-0.9686989798832608,-0.997019504021749
1767276731.7257493,8115,combined_score,0.9700277724767143,0.997019504021749,0.9700277724767143,-0.026991731545034647
1767276744.8622887,8114,combined_score,0.9839726961840278,0.997019504021749,0.013944923707313484,-0.013046807837721164
1767276894.806326,8120,combined_score,0.0,0.997019504021749,-0.9839726961840278,-0.997019504021749
1767276896.4285402,8118,combined_score,0.9741880547967742,0.997019504021749,0.9741880547967742,-0.02283144922497482
1767276907.9759312,8117,combined_score,0.0,0.997019504021749,-0.9741880547967742,-0.997019504021749
1767276945.991444,8119,combined_score,0.9220023624139351,0.997019504021749,0.9220023624139351,-0.07501714160781392
1767276953.633874,8121,combined_score,0.0,0.997019504021749,-0.9220023624139351,-0.997019504021749
1767276990.492328,8124,combined_score,0.0,0.997019504021749,0.0,-0.997019504021749
1767277002.8364966,8125,combined_score,0.0,0.997019504021749,0.0,-0.997019504021749
1767277041.47441,8126,combined_score,0.0,0.997019504021749,0.0,-0.997019504021749
1767277106.5607617,8122,combined_score,0.9847156261586363,0.997019504021749,0.9847156261586363,-0.012303877863112711
1767277131.0999665,8123,combined_score,0.0,0.997019504021749,-0.9847156261586363,-0.997019504021749
1767277180.669515,8128,combined_score,0.0,0.997019504021749,0.0,-0.997019504021749
1767277203.7546294,8127,combined_score,0.0,0.997019504021749,0.0,-0.997019504021749
1767277340.0415554,8130,combined_score,0.0,0.997019504021749,0.0,-0.997019504021749
1767277343.1693876,8131,combined_score,0.9556325356998957,0.997019504021749,0.9556325356998957,-0.04138696832185329
1767277367.234099,8129,combined_score,0.0,0.997019504021749,-0.9556325356998957,-0.997019504021749
1767277417.2631576,8133,combined_score,0.9288530534974001,0.997019504021749,0.9288530534974001,-0.06816645052434889
1767277419.8155825,8132,combined_score,0.9791685216917986,0.997019504021749,0.05031546819439847,-0.017850982329950416
1767277560.2956588,8134,combined_score,0.9843403555333999,0.997019504021749,0.005171833841601359,-0.012679148488349057
1767277613.3641293,8137,combined_score,0.9375495618528191,0.997019504021749,-0.04679079368058081,-0.05946994216892987
1767277634.9595985,8136,combined_score,0.9610498398714366,0.997019504021749,0.023500278018617426,-0.03596966415031244
1767277767.815598,8138,combined_score,0.9754645328676298,0.997019504021749,0.014414692996193246,-0.021554971154119196
1767277794.5355525,8135,combined_score,0.0,0.997019504021749,-0.9754645328676298,-0.997019504021749
1767277812.270501,8139,combined_score,0.983228047783293,0.997019504021749,0.983228047783293,-0.013791456238456012
1767277844.029448,8142,combined_score,0.7945011986232124,0.997019504021749,-0.18872684916008053,-0.20251830539853655
1767277858.2231684,8143,combined_score,0.0,0.997019504021749,-0.7945011986232124,-0.997019504021749
1767277906.574878,8144,combined_score,0.0,0.997019504021749,0.0,-0.997019504021749
1767277953.4551492,8146,combined_score,0.0,0.997019504021749,0.0,-0.997019504021749
1767277971.079104,8141,combined_score,0.0,0.997019504021749,0.0,-0.997019504021749
1767278009.8798769,8147,combined_score,0.0,0.997019504021749,0.0,-0.997019504021749
1767278024.4840093,8148,combined_score,0.0,0.997019504021749,0.0,-0.997019504021749
1767278055.7914414,8140,combined_score,0.0,0.997019504021749,0.0,-0.997019504021749
1767278105.7674594,8145,combined_score,0.0,0.997019504021749,0.0,-0.997019504021749
1767278184.8309968,8149,combined_score,0.9788472240052053,0.997019504021749,0.9788472240052053,-0.018172280016543696
1767278197.9320335,8152,combined_score,0.8532977620716546,0.997019504021749,-0.12554946193355065,-0.14372174195009435
1767278203.6223378,8151,combined_score,0.9395825591589837,0.997019504021749,0.08628479708732906,-0.05743694486276529
1767278223.015474,8150,combined_score,0.0,0.997019504021749,-0.9395825591589837,-0.997019504021749
1767278331.3696113,8155,combined_score,0.0,0.997019504021749,0.0,-0.997019504021749
1767278336.2050323,8154,combined_score,0.7768656290363118,0.997019504021749,0.7768656290363118,-0.22015387498543715
1767278385.6464317,8156,combined_score,0.0,0.997019504021749,-0.7768656290363118,-0.997019504021749
1767278408.0923173,8153,combined_score,0.9797926201963966,0.997019504021749,0.9797926201963966,-0.017226883825352424
1767278517.6912189,8157,combined_score,0.0,0.997019504021749,-0.9797926201963966,-0.997019504021749
1767278560.5988946,8158,combined_score,0.9737823272274004,0.997019504021749,0.9737823272274004,-0.023237176794348557
1767278588.1110556,8159,combined_score,0.9760961839207623,0.997019504021749,0.0023138566933618154,-0.020923320100986742
1767278639.7242844,8161,combined_score,0.0,0.997019504021749,-0.9760961839207623,-0.997019504021749
1767278644.4680407,8160,combined_score,0.0,0.997019504021749,0.0,-0.997019504021749
1767278753.0523748,8163,combined_score,0.9816604488686934,0.997019504021749,0.9816604488686934,-0.015359055153055579
1767278763.1990843,8162,combined_score,0.0,0.997019504021749,-0.9816604488686934,-0.997019504021749
1767278836.8797204,8164,combined_score,0.9732630693654403,0.997019504021749,0.9732630693654403,-0.023756434656308723
1767278928.6443293,8167,combined_score,0.0,0.997019504021749,-0.9732630693654403,-0.997019504021749
1767278966.8472917,8166,combined_score,0.0,0.997019504021749,0.0,-0.997019504021749
1767279067.3522003,8168,combined_score,0.9609886211557797,0.997019504021749,0.9609886211557797,-0.03603088286596934
1767279068.7955906,8165,combined_score,0.0,0.997019504021749,-0.9609886211557797,-0.997019504021749
1767279174.9305491,8170,combined_score,0.9687298092600861,0.997019504021749,0.9687298092600861,-0.028289694761662876
1767279222.5049217,8169,combined_score,0.0,0.997019504021749,-0.9687298092600861,-0.997019504021749
1767279251.829822,8173,combined_score,0.0,0.997019504021749,0.0,-0.997019504021749
1767279257.6591392,8172,combined_score,0.0,0.997019504021749,0.0,-0.997019504021749
1767279280.9848638,8171,combined_score,0.98049804962819,0.997019504021749,0.98049804962819,-0.01652145439355901
1767279387.1615162,8174,combined_score,0.0,0.997019504021749,-0.98049804962819,-0.997019504021749
1767279428.9143252,8175,combined_score,0.9255503637748939,0.997019504021749,0.9255503637748939,-0.07146914024685513
1767279450.697413,8178,combined_score,0.0,0.997019504021749,-0.9255503637748939,-0.997019504021749
1767279477.2028925,8176,combined_score,0.0,0.997019504021749,0.0,-0.997019504021749
1767279480.1042445,8179,combined_score,0.0,0.997019504021749,0.0,-0.997019504021749
1767279541.1531892,8182,combined_score,0.0,0.997019504021749,0.0,-0.997019504021749
1767279542.9559658,8177,combined_score,0.9830071838335546,0.997019504021749,0.9830071838335546,-0.014012320188194427
1767279603.8765132,8183,combined_score,0.0,0.997019504021749,-0.9830071838335546,-0.997019504021749
1767279606.7143316,8180,combined_score,0.0,0.997019504021749,0.0,-0.997019504021749
1767279740.410785,8184,combined_score,0.0,0.997019504021749,0.0,-0.997019504021749
1767279761.282174,8186,combined_score,0.0,0.997019504021749,0.0,-0.997019504021749
1767279769.910125,8185,combined_score,0.0,0.997019504021749,0.0,-0.997019504021749
1767279913.7931125,8181,combined_score,0.0,0.997019504021749,0.0,-0.997019504021749
1767279971.361248,8190,combined_score,0.0,0.997019504021749,0.0,-0.997019504021749
1767279973.4271424,8188,combined_score,0.0,0.997019504021749,0.0,-0.997019504021749
1767280021.7296085,8189,combined_score,0.0,0.997019504021749,0.0,-0.997019504021749
1767280022.017128,8187,combined_score,0.0,0.997019504021749,0.0,-0.997019504021749
1767280094.543449,8191,combined_score,0.9346506737359371,0.997019504021749,0.9346506737359371,-0.06236883028581186
1767280149.5170107,8195,combined_score,0.0,0.997019504021749,-0.9346506737359371,-0.997019504021749
1767280166.9083855,8192,combined_score,0.9745447780091627,0.997019504021749,0.9745447780091627,-0.022474726012586266
1767280190.1739697,8194,combined_score,0.0,0.997019504021749,-0.9745447780091627,-0.997019504021749
1767280345.1906042,8198,combined_score,0.0,0.997019504021749,0.0,-0.997019504021749
1767280352.296521,8196,combined_score,0.9761747262084824,0.997019504021749,0.9761747262084824,-0.020844777813266546
1767280406.4378517,8197,combined_score,0.9831772586742753,0.997019504021749,0.0070025324657928545,-0.013842245347473692
1767280416.2706406,8199,combined_score,0.0,0.997019504021749,-0.9831772586742753,-0.997019504021749
1767280446.5112722,8193,combined_score,0.0,0.997019504021749,0.0,-0.997019504021749
1767280514.9360182,8200,combined_score,0.0,0.997019504021749,0.0,-0.997019504021749
1767280564.4700437,8201,combined_score,0.9839618413625084,0.997019504021749,0.9839618413625084,-0.013057662659240576
1767280633.4687803,8202,combined_score,0.9730413711155803,0.997019504021749,-0.010920470246928105,-0.02397813290616868
1767280734.7282975,8204,combined_score,0.9782066337343456,0.997019504021749,0.005165262618765265,-0.018812870287403416
1767280874.6094189,8203,combined_score,0.0,0.997019504021749,-0.9782066337343456,-0.997019504021749
1767280890.8071854,8206,combined_score,0.0,0.997019504021749,0.0,-0.997019504021749
1767280949.9718776,8207,combined_score,0.9777092118257199,0.997019504021749,0.9777092118257199,-0.01931029219602909
1767280992.6616232,8205,combined_score,0.0,0.997019504021749,-0.9777092118257199,-0.997019504021749
1767281042.8312783,8208,combined_score,0.972485194960394,0.997019504021749,0.972485194960394,-0.02453430906135501
1767281054.4738336,8209,combined_score,0.8914026173273337,0.997019504021749,-0.08108257763306026,-0.10561688669441527
1767281104.9916363,8210,combined_score,0.0,0.997019504021749,-0.8914026173273337,-0.997019504021749
1767281106.3621545,8213,combined_score,0.0,0.997019504021749,0.0,-0.997019504021749
1767281172.7875783,8211,combined_score,0.9760883880266039,0.997019504021749,0.9760883880266039,-0.020931115995145078
1767281190.2973044,8212,combined_score,0.0,0.997019504021749,-0.9760883880266039,-0.997019504021749
1767281242.0445085,8217,combined_score,0.8511750419521835,0.997019504021749,0.8511750419521835,-0.14584446206956547
1767281261.2076335,8216,combined_score,0.0,0.997019504021749,-0.8511750419521835,-0.997019504021749
1767281322.8300254,8214,combined_score,0.0,0.997019504021749,0.0,-0.997019504021749
1767281328.1224408,8215,combined_score,0.0,0.997019504021749,0.0,-0.997019504021749
1767281409.7703803,8218,combined_score,0.9761126635058651,0.997019504021749,0.9761126635058651,-0.020906840515883873
1767281455.692527,8219,combined_score,0.974556593942828,0.997019504021749,-0.0015560695630371102,-0.022462910078920983
1767281597.3031037,8223,combined_score,0.0,0.997019504021749,-0.974556593942828,-0.997019504021749
1767281615.6143389,8222,combined_score,0.0,0.997019504021749,0.0,-0.997019504021749
1767281755.0302985,8220,combined_score,0.0,0.997019504021749,0.0,-0.997019504021749
1767281757.7297933,8221,combined_score,0.0,0.997019504021749,0.0,-0.997019504021749
1767281779.7370555,8225,combined_score,0.9632015265177919,0.997019504021749,0.9632015265177919,-0.0338179775039571
1767281923.2877157,8228,combined_score,0.0,0.997019504021749,-0.9632015265177919,-0.997019504021749
1767281932.2799802,8227,combined_score,0.9618279314437932,0.997019504021749,0.9618279314437932,-0.0351915725779558
1767281934.1432142,8226,combined_score,0.0,0.997019504021749,-0.9618279314437932,-0.997019504021749
1767282024.2811356,8224,combined_score,0.0,0.997019504021749,0.0,-0.997019504021749
1767282141.7271771,8230,combined_score,0.9736128709612898,0.997019504021749,0.9736128709612898,-0.023406633060459203
1767282182.3351448,8231,combined_score,0.9709995160869521,0.997019504021749,-0.00261335487433767,-0.026019987934796873
1767282196.1926663,8229,combined_score,0.0,0.997019504021749,-0.9709995160869521,-0.997019504021749
1767282237.5756588,8234,combined_score,0.0,0.997019504021749,0.0,-0.997019504021749
1767282364.4186811,8233,combined_score,0.0,0.997019504021749,0.0,-0.997019504021749
1767282409.5867832,8236,combined_score,0.0,0.997019504021749,0.0,-0.997019504021749
1767282451.6306767,8235,combined_score,0.9625541126866294,0.997019504021749,0.9625541126866294,-0.03446539133511961
1767282475.440336,8232,combined_score,0.0,0.997019504021749,-0.9625541126866294,-0.997019504021749
1767282573.511055,8237,combined_score,0.0,0.997019504021749,0.0,-0.997019504021749
1767282577.2740726,8238,combined_score,0.0,0.997019504021749,0.0,-0.997019504021749
1767282628.8628662,8241,combined_score,0.0,0.997019504021749,0.0,-0.997019504021749
1767282637.567346,8240,combined_score,0.0,0.997019504021749,0.0,-0.997019504021749
1767282664.3094745,8239,combined_score,0.0,0.997019504021749,0.0,-0.997019504021749
1767282697.5661054,8244,combined_score,0.0,0.997019504021749,0.0,-0.997019504021749
1767282716.7161033,8242,combined_score,0.956452894769957,0.997019504021749,0.956452894769957,-0.04056660925179201
1767282763.9014254,8247,combined_score,0.0,0.997019504021749,-0.956452894769957,-0.997019504021749
1767282789.7493503,8243,combined_score,0.8140405167997206,0.997019504021749,0.8140405167997206,-0.18297898722202843
1767282818.4143376,8245,combined_score,0.0,0.997019504021749,-0.8140405167997206,-0.997019504021749
1767282828.8722649,8249,combined_score,0.0,0.997019504021749,0.0,-0.997019504021749
1767282917.3261313,8248,combined_score,0.9764616824022354,0.997019504021749,0.9764616824022354,-0.020557821619513583
1767282932.4416425,8246,combined_score,0.0,0.997019504021749,-0.9764616824022354,-0.997019504021749
1767282981.986739,8251,combined_score,0.9691143355726499,0.997019504021749,0.9691143355726499,-0.02790516844909907
1767283029.6582365,8250,combined_score,0.9870162052087669,0.997019504021749,0.01790186963611695,-0.01000329881298212
1767283106.0120292,8253,combined_score,0.9740268380118635,0.997019504021749,-0.012989367196903356,-0.022992666009885476
1767283138.8900955,8252,combined_score,0.0,0.997019504021749,-0.9740268380118635,-0.997019504021749
1767283166.1153927,8255,combined_score,0.0,0.997019504021749,0.0,-0.997019504021749
1767283178.8413124,8254,combined_score,0.9817682276688243,0.997019504021749,0.9817682276688243,-0.01525127635292467
1767283267.156897,8257,combined_score,0.8892145974569089,0.997019504021749,-0.09255363021191543,-0.1078049065648401
1767283369.517362,8256,combined_score,0.967053489002526,0.997019504021749,0.07783889154561707,-0.029966015019223025
1767283385.4735057,8258,combined_score,0.9755293141372124,0.997019504021749,0.008475825134686477,-0.021490189884536548
1767283395.6184332,8259,combined_score,0.9406168271381316,0.997019504021749,-0.034912486999080894,-0.05640267688361744
1767283449.4285295,8262,combined_score,0.8975530237114893,0.997019504021749,-0.04306380342664229,-0.09946648031025973
1767283469.5516436,8260,combined_score,0.980551104702197,0.997019504021749,0.08299808099070771,-0.01646839931955202
1767283520.7405968,8263,combined_score,0.8386527993253301,0.997019504021749,-0.14189830537686687,-0.1583667046964189
1767283574.683408,8261,combined_score,0.9825577900761939,0.997019504021749,0.14390499075086383,-0.014461713945555066
1767283576.242759,8265,combined_score,0.0,0.997019504021749,-0.9825577900761939,-0.997019504021749
1767283638.0758202,8264,combined_score,0.9831772586742753,0.997019504021749,0.9831772586742753,-0.013842245347473692
1767283798.3445625,8266,combined_score,0.9756226968233341,0.997019504021749,-0.007554561850941166,-0.021396807198414858
1767283800.3406932,8269,combined_score,0.912425156265066,0.997019504021749,-0.0631975405582681,-0.08459434775668295
1767283814.9471946,8268,combined_score,0.9859206680398153,0.997019504021749,0.07349551177474922,-0.01109883598193373
1767283888.6442134,8267,combined_score,0.0,0.997019504021749,-0.9859206680398153,-0.997019504021749
1767283968.8887513,8273,combined_score,0.0,0.997019504021749,0.0,-0.997019504021749
1767284001.8923159,8270,combined_score,0.9837152306921351,0.997019504021749,0.9837152306921351,-0.013304273329613925
1767284019.6118288,8271,combined_score,0.9830267060836801,0.997019504021749,-0.0006885246084549212,-0.013992797938068846
1767284179.362544,8275,combined_score,0.9765415023322025,0.997019504021749,-0.006485203751477653,-0.0204780016895465
1767284224.88105,8274,combined_score,0.0,0.997019504021749,-0.9765415023322025,-0.997019504021749
1767284233.3870492,8276,combined_score,0.0,0.997019504021749,0.0,-0.997019504021749
1767284252.0428023,8272,combined_score,0.0,0.997019504021749,0.0,-0.997019504021749
1767284287.216138,8279,combined_score,0.0,0.997019504021749,0.0,-0.997019504021749
1767284327.9327464,8277,combined_score,0.0,0.997019504021749,0.0,-0.997019504021749
1767284378.8773277,8282,combined_score,0.0,0.997019504021749,0.0,-0.997019504021749
1767284433.3226497,8278,combined_score,0.0,0.997019504021749,0.0,-0.997019504021749
1767284447.890611,8280,combined_score,0.0,0.997019504021749,0.0,-0.997019504021749
1767284455.5591078,8281,combined_score,0.9656991421610007,0.997019504021749,0.9656991421610007,-0.03132036186074827
1767284612.3049595,8284,combined_score,0.9656844452220313,0.997019504021749,-1.4696938969382956e-05,-0.03133505879971765
1767284681.115416,8285,combined_score,0.9741605860578226,0.997019504021749,0.00847614083579129,-0.022858917963926362
1767284783.933277,8288,combined_score,0.0,0.997019504021749,-0.9741605860578226,-0.997019504021749
1767284813.525154,8283,combined_score,0.0,0.997019504021749,0.0,-0.997019504021749
1767284815.7082348,8287,combined_score,0.9520383405386367,0.997019504021749,0.9520383405386367,-0.04498116348311232
1767284952.3342822,8286,combined_score,0.0,0.997019504021749,-0.9520383405386367,-0.997019504021749
1767285052.7796617,8289,combined_score,0.0,0.997019504021749,0.0,-0.997019504021749
1767285146.343714,8290,combined_score,0.0,0.997019504021749,0.0,-0.997019504021749
1767285156.9452999,8292,combined_score,0.8883742088786641,0.997019504021749,0.8883742088786641,-0.10864529514308485
1767285209.1901796,8293,combined_score,0.9860176209908268,0.997019504021749,0.09764341211216265,-0.0110018830309222
1767285236.23754,8294,combined_score,0.9001483546371212,0.997019504021749,-0.08586926635370562,-0.09687114938462782
1767285248.7587883,8291,combined_score,0.0,0.997019504021749,-0.9001483546371212,-0.997019504021749
1767285286.0132003,8297,combined_score,0.0,0.997019504021749,0.0,-0.997019504021749
1767285362.9851708,8295,combined_score,0.9813928947338607,0.997019504021749,0.9813928947338607,-0.015626609287888282
1767285465.675663,8299,combined_score,0.9688897381947988,0.997019504021749,-0.012503156539061866,-0.02812976582695015
1767285583.2380705,8300,combined_score,0.0,0.997019504021749,-0.9688897381947988,-0.997019504021749
1767285634.8470476,8301,combined_score,0.0,0.997019504021749,0.0,-0.997019504021749
1767285642.537221,8296,combined_score,0.0,0.997019504021749,0.0,-0.997019504021749
1767285677.4453204,8298,combined_score,0.0,0.997019504021749,0.0,-0.997019504021749
1767285700.8589954,8304,combined_score,0.8363828866684074,0.997019504021749,0.8363828866684074,-0.16063661735334156
1767285715.3432586,8302,combined_score,0.0,0.997019504021749,-0.8363828866684074,-0.997019504021749
1767285763.0823247,8307,combined_score,0.0,0.997019504021749,0.0,-0.997019504021749
1767285820.3361356,8303,combined_score,0.9743488627724672,0.997019504021749,0.9743488627724672,-0.022670641249281753
1767285823.0854378,8308,combined_score,0.0,0.997019504021749,-0.9743488627724672,-0.997019504021749
1767285832.5799649,8306,combined_score,0.933772021077185,0.997019504021749,0.933772021077185,-0.06324748294456395
1767285870.0545225,8309,combined_score,0.0,0.997019504021749,-0.933772021077185,-0.997019504021749
1767286017.9815118,8312,combined_score,0.9769484146164283,0.997019504021749,0.9769484146164283,-0.020071089405320652
1767286029.6009123,8310,combined_score,0.0,0.997019504021749,-0.9769484146164283,-0.997019504021749
1767286051.8657603,8311,combined_score,0.0,0.997019504021749,0.0,-0.997019504021749
1767286060.2857943,8305,combined_score,0.0,0.997019504021749,0.0,-0.997019504021749
1767286064.3330626,8313,combined_score,0.0,0.997019504021749,0.0,-0.997019504021749
1767286216.5108724,8317,combined_score,0.0,0.997019504021749,0.0,-0.997019504021749
1767286226.4706428,8316,combined_score,0.9787477711284918,0.997019504021749,0.9787477711284918,-0.01827173289325723
1767286323.5877967,8314,combined_score,0.0,0.997019504021749,-0.9787477711284918,-0.997019504021749
1767286423.9550023,8319,combined_score,0.0,0.997019504021749,0.0,-0.997019504021749
1767286480.147862,8315,combined_score,0.0,0.997019504021749,0.0,-0.997019504021749
1767286537.6658635,8321,combined_score,0.9062381868454387,0.997019504021749,0.9062381868454387,-0.09078131717631033
1767286654.4797575,8318,combined_score,0.0,0.997019504021749,-0.9062381868454387,-0.997019504021749
1767286673.9677224,8322,combined_score,0.9842266345320394,0.997019504021749,0.9842266345320394,-0.01279286948970959
1767286720.4908867,8325,combined_score,0.0,0.997019504021749,-0.9842266345320394,-0.997019504021749
1767286743.030679,8320,combined_score,0.0,0.997019504021749,0.0,-0.997019504021749
1767286775.699118,8326,combined_score,0.0,0.997019504021749,0.0,-0.997019504021749
1767286824.502083,8324,combined_score,0.0,0.997019504021749,0.0,-0.997019504021749
1767286878.7843592,8327,combined_score,0.0,0.997019504021749,0.0,-0.997019504021749
1767286908.9203012,8329,combined_score,0.8985382495136653,0.997019504021749,0.8985382495136653,-0.09848125450808365
1767286914.5185935,8330,combined_score,0.0,0.997019504021749,-0.8985382495136653,-0.997019504021749
1767286922.5859206,8328,combined_score,0.0,0.997019504021749,0.0,-0.997019504021749
1767286933.5796301,8323,combined_score,0.0,0.997019504021749,0.0,-0.997019504021749
1767286966.4457116,8333,combined_score,0.0,0.997019504021749,0.0,-0.997019504021749
1767287098.482288,8332,combined_score,0.9777296888873775,0.997019504021749,0.9777296888873775,-0.019289815134371446
1767287101.992734,8331,combined_score,0.9644234399751362,0.997019504021749,-0.013306248912241303,-0.03259606404661275
1767287156.9186416,8334,combined_score,0.9879519540652445,0.997019504021749,0.023528514090108255,-0.009067549956504495
1767287192.5056756,8335,combined_score,0.0,0.997019504021749,-0.9879519540652445,-0.997019504021749
1767287258.8448498,8337,combined_score,0.9143581590356452,0.997019504021749,0.9143581590356452,-0.08266134498610378
1767287316.2153068,8340,combined_score,0.0,0.997019504021749,-0.9143581590356452,-0.997019504021749
1767287338.7917433,8338,combined_score,0.0,0.997019504021749,0.0,-0.997019504021749
1767287354.4429526,8336,combined_score,0.8839900480156975,0.997019504021749,0.8839900480156975,-0.11302945600605152
1767287377.70943,8341,combined_score,0.0,0.997019504021749,-0.8839900480156975,-0.997019504021749
1767287384.357712,8339,combined_score,0.9715764172160977,0.997019504021749,0.9715764172160977,-0.025443086805651327
1767287507.5430012,8344,combined_score,0.8099674413559792,0.997019504021749,-0.16160897586011846,-0.1870520626657698
1767287550.6188323,8342,combined_score,0.989619348080759,0.997019504021749,0.17965190672477982,-0.007400155940989972
1767287564.9885008,8343,combined_score,0.0,0.997019504021749,-0.989619348080759,-0.997019504021749
1767287579.4879463,8345,combined_score,0.9765967181375329,0.997019504021749,0.9765967181375329,-0.020422785884216088
1767287661.1895134,8346,combined_score,0.0,0.997019504021749,-0.9765967181375329,-0.997019504021749
1767287680.2937202,8347,combined_score,0.0,0.997019504021749,0.0,-0.997019504021749
1767287788.96419,8348,combined_score,0.0,0.997019504021749,0.0,-0.997019504021749
1767287801.8093598,8349,combined_score,0.9810623491819336,0.997019504021749,0.9810623491819336,-0.015957154839815413
1767287840.571201,8351,combined_score,0.0,0.997019504021749,-0.9810623491819336,-0.997019504021749
1767287953.6520467,8354,combined_score,0.8223390585416763,0.997019504021749,0.8223390585416763,-0.17468044548007267
1767287999.3361437,8352,combined_score,0.0,0.997019504021749,-0.8223390585416763,-0.997019504021749
1767288003.953924,8355,combined_score,0.0,0.997019504021749,0.0,-0.997019504021749
1767288045.1215575,8353,combined_score,0.9788807614421811,0.997019504021749,0.9788807614421811,-0.018138742579567935
1767288091.225906,8358,combined_score,0.0,0.997019504021749,-0.9788807614421811,-0.997019504021749
1767288104.5900085,8350,combined_score,0.0,0.997019504021749,0.0,-0.997019504021749
1767288200.1804411,8357,combined_score,0.9722381096598222,0.997019504021749,0.9722381096598222,-0.024781394361926834
1767288349.0355642,8360,combined_score,0.0,0.997019504021749,-0.9722381096598222,-0.997019504021749
1767288363.1433413,8356,combined_score,0.0,0.997019504021749,0.0,-0.997019504021749
1767288417.7868247,8363,combined_score,0.0,0.997019504021749,0.0,-0.997019504021749
1767288422.2565212,8361,combined_score,0.9495295616895105,0.997019504021749,0.9495295616895105,-0.047489942332238466
1767288490.8290448,8359,combined_score,0.0,0.997019504021749,-0.9495295616895105,-0.997019504021749
1767288515.9078968,8362,combined_score,0.9734175185081226,0.997019504021749,0.9734175185081226,-0.023601985513626356
1767288611.8133197,8364,combined_score,0.0,0.997019504021749,-0.9734175185081226,-0.997019504021749
1767288649.6132889,8368,combined_score,0.0,0.997019504021749,0.0,-0.997019504021749
1767288650.4635723,8366,combined_score,0.0,0.997019504021749,0.0,-0.997019504021749
1767288738.8218782,8365,combined_score,0.0,0.997019504021749,0.0,-0.997019504021749
1767288752.409737,8367,combined_score,0.9772029558340082,0.997019504021749,0.9772029558340082,-0.019816548187740812
1767288951.8745067,8371,combined_score,0.9705501883598511,0.997019504021749,-0.006652767474157106,-0.02646931566189792
1767288983.6557224,8372,combined_score,0.9803706298185707,0.997019504021749,0.009820441458719631,-0.016648874203178288
1767289045.5273652,8370,combined_score,0.0,0.997019504021749,-0.9803706298185707,-0.997019504021749
1767289082.3729153,8369,combined_score,0.0,0.997019504021749,0.0,-0.997019504021749
1767289112.6593595,8373,combined_score,0.0,0.997019504021749,0.0,-0.997019504021749
1767289115.0372195,8375,combined_score,0.0,0.997019504021749,0.0,-0.997019504021749
1767289156.434007,8377,combined_score,0.0,0.997019504021749,0.0,-0.997019504021749
1767289166.8820071,8378,combined_score,0.0,0.997019504021749,0.0,-0.997019504021749
1767289206.341118,8379,combined_score,0.0,0.997019504021749,0.0,-0.997019504021749
1767289218.708477,8374,combined_score,0.9672679967126053,0.997019504021749,0.9672679967126053,-0.029751507309143665
1767289221.6193361,8380,combined_score,0.0,0.997019504021749,-0.9672679967126053,-0.997019504021749
1767289257.0502079,8383,combined_score,0.0,0.997019504021749,0.0,-0.997019504021749
1767289269.5775619,8382,combined_score,0.0,0.997019504021749,0.0,-0.997019504021749
1767289373.2264125,8376,combined_score,0.0,0.997019504021749,0.0,-0.997019504021749
1767289437.578761,8385,combined_score,0.9157208201897464,0.997019504021749,0.9157208201897464,-0.08129868383200256
1767289458.8769498,8384,combined_score,0.9842082536034286,0.997019504021749,0.06848743341368213,-0.01281125041832043
1767289499.6374238,8386,combined_score,0.0,0.997019504021749,-0.9842082536034286,-0.997019504021749
1767289519.0531676,8387,combined_score,0.890350814555064,0.997019504021749,0.890350814555064,-0.10666868946668495
1767289584.409654,8390,combined_score,0.0,0.997019504021749,-0.890350814555064,-0.997019504021749
1767289585.658513,8388,combined_score,0.0,0.997019504021749,0.0,-0.997019504021749
1767289651.271245,8381,combined_score,0.0,0.997019504021749,0.0,-0.997019504021749
1767289664.0393715,8391,combined_score,0.9437865941949405,0.997019504021749,0.9437865941949405,-0.053232909826808505
1767289789.3503602,8394,combined_score,0.0,0.997019504021749,-0.9437865941949405,-0.997019504021749
1767289804.279383,8392,combined_score,0.9773119538255319,0.997019504021749,0.9773119538255319,-0.01970755019621706
1767289874.7945743,8395,combined_score,0.9628055442651783,0.997019504021749,-0.01450640956035365,-0.03421395975657071
1767289931.699971,8398,combined_score,0.0,0.997019504021749,-0.9628055442651783,-0.997019504021749
1767289934.5878642,8397,combined_score,0.9135764763849986,0.997019504021749,0.9135764763849986,-0.08344302763675038
1767289995.1092367,8396,combined_score,0.9799365585098088,0.997019504021749,0.06636008212481015,-0.01708294551194023
1767290008.5325153,8393,combined_score,0.0,0.997019504021749,-0.9799365585098088,-0.997019504021749
1767290028.375953,8400,combined_score,0.0,0.997019504021749,0.0,-0.997019504021749
1767290135.4652104,8402,combined_score,0.9271477868891047,0.997019504021749,0.9271477868891047,-0.06987171713264428
1767290138.4290454,8401,combined_score,0.9679981150200861,0.997019504021749,0.04085032813098144,-0.029021389001662845
1767290307.896516,8399,combined_score,0.0,0.997019504021749,-0.9679981150200861,-0.997019504021749
1767290328.1233013,8403,combined_score,0.0,0.997019504021749,0.0,-0.997019504021749
1767290344.4981742,8404,combined_score,0.9815280523464375,0.997019504021749,0.9815280523464375,-0.015491451675311518
1767290365.447927,8406,combined_score,0.0,0.997019504021749,-0.9815280523464375,-0.997019504021749
1767290381.0859709,8405,combined_score,0.9570752829128145,0.997019504021749,0.9570752829128145,-0.039944221108934475
1767290406.739335,8409,combined_score,0.0,0.997019504021749,-0.9570752829128145,-0.997019504021749
1767290428.06492,8410,combined_score,0.0,0.997019504021749,0.0,-0.997019504021749
1767290478.4425406,8412,combined_score,0.0,0.997019504021749,0.0,-0.997019504021749
1767290548.1785767,8408,combined_score,0.9738792421948892,0.997019504021749,0.9738792421948892,-0.023140261826859798
1767290567.6488583,8413,combined_score,0.8364036703420963,0.997019504021749,-0.1374755718527929,-0.1606158336796527
1767290602.2547188,8411,combined_score,0.9827887545090811,0.997019504021749,0.1463850841669848,-0.014230749512667895
1767290706.1048102,8415,combined_score,0.0,0.997019504021749,-0.9827887545090811,-0.997019504021749
1767290722.113181,8414,combined_score,0.0,0.997019504021749,0.0,-0.997019504021749
1767290746.183084,8407,combined_score,0.0,0.997019504021749,0.0,-0.997019504021749
1767290768.3703804,8417,combined_score,0.8742349974177238,0.997019504021749,0.8742349974177238,-0.12278450660402518
1767290776.6050699,8416,combined_score,0.8980560948935489,0.997019504021749,0.02382109747582506,-0.09896340912820012
1767290819.7149808,8421,combined_score,0.0,0.997019504021749,-0.8980560948935489,-0.997019504021749
1767290854.7239747,8418,combined_score,0.9245274817848866,0.997019504021749,0.9245274817848866,-0.07249202223686235
1767290941.3864865,8420,combined_score,0.9301432607948076,0.997019504021749,0.00561577900992094,-0.06687624322694141
1767290969.5966182,8423,combined_score,0.0,0.997019504021749,-0.9301432607948076,-0.997019504021749
1767290980.0881426,8422,combined_score,0.0,0.997019504021749,0.0,-0.997019504021749
1767291006.091909,8425,combined_score,0.0,0.997019504021749,0.0,-0.997019504021749
1767291043.325287,8426,combined_score,0.0,0.997019504021749,0.0,-0.997019504021749
1767291051.2353675,8427,combined_score,0.0,0.997019504021749,0.0,-0.997019504021749
1767291136.2590828,8424,combined_score,0.9738166573081444,0.997019504021749,0.9738166573081444,-0.02320284671360462
1767291187.7852464,8419,combined_score,0.0,0.997019504021749,-0.9738166573081444,-0.997019504021749
1767291239.3291798,8429,combined_score,0.0,0.997019504021749,0.0,-0.997019504021749
1767291244.4225376,8431,combined_score,0.0,0.997019504021749,0.0,-0.997019504021749
1767291378.3540366,8428,combined_score,0.0,0.997019504021749,0.0,-0.997019504021749
1767291390.210707,8430,combined_score,0.0,0.997019504021749,0.0,-0.997019504021749
1767291393.4671924,8433,combined_score,0.0,0.997019504021749,0.0,-0.997019504021749
1767291441.476267,8432,combined_score,0.0,0.997019504021749,0.0,-0.997019504021749
1767291457.5136516,8435,combined_score,0.0,0.997019504021749,0.0,-0.997019504021749
1767291552.2624865,8434,combined_score,0.9754453745620346,0.997019504021749,0.9754453745620346,-0.021574129459714375
1767291593.7985888,8437,combined_score,0.0,0.997019504021749,-0.9754453745620346,-0.997019504021749
1767291625.678183,8436,combined_score,0.9778225160282724,0.997019504021749,0.9778225160282724,-0.019196987993476577
1767291728.250497,8439,combined_score,0.9465675815453872,0.997019504021749,-0.03125493448288519,-0.050451922476361766
1767291732.1299608,8440,combined_score,0.9145470041082873,0.997019504021749,-0.03202057743709996,-0.08247249991346173
1767291786.4271512,8441,combined_score,0.9360505623325985,0.997019504021749,0.02150355822431127,-0.06096894168915046
1767291788.8552191,8438,combined_score,0.0,0.997019504021749,-0.9360505623325985,-0.997019504021749
1767291926.585044,8442,combined_score,0.9680886200843032,0.997019504021749,0.9680886200843032,-0.028930883937445806
1767291935.9184148,8445,combined_score,0.0,0.997019504021749,-0.9680886200843032,-0.997019504021749
1767291936.4990144,8443,combined_score,0.9805415668763094,0.997019504021749,0.9805415668763094,-0.016477937145439547
1767291950.945585,8444,combined_score,0.9468685192361253,0.997019504021749,-0.033673047640184195,-0.05015098478562374
1767292102.341041,8449,combined_score,0.0,0.997019504021749,-0.9468685192361253,-0.997019504021749
1767292131.079474,8446,combined_score,0.0,0.997019504021749,0.0,-0.997019504021749
1767292169.352229,8448,combined_score,0.0,0.997019504021749,0.0,-0.997019504021749
1767292244.8704033,8451,combined_score,0.9234045369909907,0.997019504021749,0.9234045369909907,-0.07361496703075832
1767292307.0436125,8452,combined_score,0.0,0.997019504021749,-0.9234045369909907,-0.997019504021749
1767292361.4582932,8447,combined_score,0.0,0.997019504021749,0.0,-0.997019504021749
1767292373.8084702,8454,combined_score,0.0,0.997019504021749,0.0,-0.997019504021749
1767292387.0926344,8453,combined_score,0.0,0.997019504021749,0.0,-0.997019504021749
1767292527.1859097,8450,combined_score,0.0,0.997019504021749,0.0,-0.997019504021749
1767292533.1132684,8457,combined_score,0.0,0.997019504021749,0.0,-0.997019504021749
1767292596.794016,8456,combined_score,0.0,0.997019504021749,0.0,-0.997019504021749
1767292650.2493348,8458,combined_score,0.0,0.997019504021749,0.0,-0.997019504021749
1767292724.4549444,8459,combined_score,0.9901451142196077,0.997019504021749,0.9901451142196077,-0.006874389802141279
1767292764.189728,8462,combined_score,0.0,0.997019504021749,-0.9901451142196077,-0.997019504021749
1767292794.1422675,8455,combined_score,0.0,0.997019504021749,0.0,-0.997019504021749
1767292804.4149005,8461,combined_score,0.9834888757438844,0.997019504021749,0.9834888757438844,-0.013530628277864554
1767292839.2507267,8463,combined_score,0.9436041233458151,0.997019504021749,-0.03988475239806932,-0.05341538067593388
1767292871.982948,8460,combined_score,0.9782980903543427,0.997019504021749,0.03469396700852756,-0.018721413667406317
1767292919.934213,8464,combined_score,0.0,0.997019504021749,-0.9782980903543427,-0.997019504021749
1767292925.369841,8467,combined_score,0.8584383866513176,0.997019504021749,0.8584383866513176,-0.13858111737043144
1767292996.409337,8465,combined_score,0.9769623207576863,0.997019504021749,0.11852393410636874,-0.020057183264062695
1767293040.1895034,8466,combined_score,0.9816959989126031,0.997019504021749,0.004733678154916765,-0.01532350510914593
1767293088.3874793,8468,combined_score,0.968540741788405,0.997019504021749,-0.013155257124198072,-0.028478762233344
1767293116.6410196,8469,combined_score,0.9559869615547283,0.997019504021749,-0.012553780233676703,-0.041032542467020705
1767293184.5626924,8473,combined_score,0.0,0.997019504021749,-0.9559869615547283,-0.997019504021749
1767293199.4207141,8470,combined_score,0.9335120333690419,0.997019504021749,0.9335120333690419,-0.06350747065270712
1767293260.52707,8474,combined_score,0.854135335550637,0.997019504021749,-0.07937669781840484,-0.14288416847111196
1767293329.6812868,8475,combined_score,0.0,0.997019504021749,-0.854135335550637,-0.997019504021749
1767293353.8263426,8472,combined_score,0.997019504021749,0.997019504021749,0.997019504021749,0.0
1767293396.2064817,8476,combined_score,0.0,0.997019504021749,-0.997019504021749,-0.997019504021749
1767293465.0925534,8471,combined_score,0.0,0.997019504021749,0.0,-0.997019504021749
1767293499.451548,8477,combined_score,0.9721813661267643,0.997019504021749,0.9721813661267643,-0.02483813789498468
1767293517.950751,8479,combined_score,0.9363565049216699,0.997019504021749,-0.03582486120509443,-0.06066299910007911
1767293556.8181045,8482,combined_score,0.0,0.997019504021749,-0.9363565049216699,-0.997019504021749
1767293632.3026216,8478,combined_score,0.9791556772177041,0.997019504021749,0.9791556772177041,-0.017863826804044858
1767293642.1617296,8480,combined_score,0.986240671524502,0.997019504021749,0.007084994306797876,-0.010778832497246982
1767293648.29252,8481,combined_score,0.0,0.997019504021749,-0.986240671524502,-0.997019504021749
1767293767.2655854,8484,combined_score,0.8678577333594857,0.997019504021749,0.8678577333594857,-0.1291617706622633
1767293779.0431714,8486,combined_score,0.0,0.997019504021749,-0.8678577333594857,-0.997019504021749
1767293920.3328328,8487,combined_score,0.615339308674187,0.997019504021749,0.615339308674187,-0.38168019534756203
1767293927.116324,8488,combined_score,0.0,0.997019504021749,-0.615339308674187,-0.997019504021749
1767293943.7429028,8483,combined_score,0.0,0.997019504021749,0.0,-0.997019504021749
1767293990.0388935,8491,combined_score,0.0,0.997019504021749,0.0,-0.997019504021749
1767294001.9027345,8489,combined_score,0.8939320665138388,0.997019504021749,0.8939320665138388,-0.10308743750791016
1767294072.0668337,8485,combined_score,0.0,0.997019504021749,-0.8939320665138388,-0.997019504021749
1767294115.8724964,8493,combined_score,0.9789457558370298,0.997019504021749,0.9789457558370298,-0.018073748184719185
1767294254.4182956,8494,combined_score,0.9743980949174496,0.997019504021749,-0.004547660919580254,-0.02262140910429944
1767294267.3808277,8495,combined_score,0.0,0.997019504021749,-0.9743980949174496,-0.997019504021749
1767294348.471252,8490,combined_score,0.0,0.997019504021749,0.0,-0.997019504021749
1767294399.2310526,8492,combined_score,0.0,0.997019504021749,0.0,-0.997019504021749
1767294407.2727125,8497,combined_score,0.0,0.997019504021749,0.0,-0.997019504021749
1767294436.131551,8496,combined_score,0.9854560186337887,0.997019504021749,0.9854560186337887,-0.01156348538796026
1767294522.7561285,8499,combined_score,0.0,0.997019504021749,-0.9854560186337887,-0.997019504021749
1767294565.0737147,8498,combined_score,0.9736595642343255,0.997019504021749,0.9736595642343255,-0.023359939787423456
1767294587.8866198,8500,combined_score,0.9792791408229069,0.997019504021749,0.005619576588581365,-0.01774036319884209
1767294649.4583364,8501,combined_score,0.0,0.997019504021749,-0.9792791408229069,-0.997019504021749
1767294661.284227,8502,combined_score,0.0,0.997019504021749,0.0,-0.997019504021749
1767294712.598874,8506,combined_score,0.0,0.997019504021749,0.0,-0.997019504021749
1767294740.910351,8503,combined_score,0.9557652111972961,0.997019504021749,0.9557652111972961,-0.04125429282445292
1767294748.9918873,8507,combined_score,0.0,0.997019504021749,-0.9557652111972961,-0.997019504021749
1767294796.006651,8509,combined_score,0.0,0.997019504021749,0.0,-0.997019504021749
1767294798.591041,8504,combined_score,0.9903178126025223,0.997019504021749,0.9903178126025223,-0.0067016914192267185
1767294829.656992,8510,combined_score,0.0,0.997019504021749,-0.9903178126025223,-0.997019504021749
1767294948.16212,8508,combined_score,0.980920112923539,0.997019504021749,0.980920112923539,-0.016099391098210014
1767294983.0232952,8511,combined_score,0.0,0.997019504021749,-0.980920112923539,-0.997019504021749
1767295043.3608086,8512,combined_score,0.9917285427476358,0.997019504021749,0.9917285427476358,-0.005290961274113215
1767295079.969016,8505,combined_score,0.0,0.997019504021749,-0.9917285427476358,-0.997019504021749
1767295116.4205816,8513,combined_score,0.9533895524709216,0.997019504021749,0.9533895524709216,-0.043629951550827384
1767295152.3208125,8517,combined_score,0.0,0.997019504021749,-0.9533895524709216,-0.997019504021749
1767295200.3542073,8514,combined_score,0.9824562690838401,0.997019504021749,0.9824562690838401,-0.014563234937908898
1767295240.8018665,8519,combined_score,0.0,0.997019504021749,-0.9824562690838401,-0.997019504021749
1767295278.17779,8516,combined_score,0.0,0.997019504021749,0.0,-0.997019504021749
1767295292.3033364,8520,combined_score,0.0,0.997019504021749,0.0,-0.997019504021749
1767295332.8451338,8522,combined_score,0.0,0.997019504021749,0.0,-0.997019504021749
1767295441.1756277,8521,combined_score,0.9869124875664609,0.997019504021749,0.9869124875664609,-0.01010701645528811
1767295478.924683,8515,combined_score,0.0,0.997019504021749,-0.9869124875664609,-0.997019504021749
1767295490.9345052,8523,combined_score,0.9293000970319248,0.997019504021749,0.9293000970319248,-0.06771940698982415
1767295521.2770503,8525,combined_score,0.0,0.997019504021749,-0.9293000970319248,-0.997019504021749
1767295573.3525894,8518,combined_score,0.0,0.997019504021749,0.0,-0.997019504021749
1767295638.2816203,8526,combined_score,0.9747754692449985,0.997019504021749,0.9747754692449985,-0.02224403477675052
1767295646.2535524,8524,combined_score,0.0,0.997019504021749,-0.9747754692449985,-0.997019504021749
1767295694.4830294,8527,combined_score,0.0,0.997019504021749,0.0,-0.997019504021749
1767295695.4131973,8530,combined_score,0.0,0.997019504021749,0.0,-0.997019504021749
1767295835.2913716,8529,combined_score,0.9730259905343269,0.997019504021749,0.9730259905343269,-0.02399351348742207
1767295857.7708158,8532,combined_score,0.9739877038357492,0.997019504021749,0.0009617133014222512,-0.023031800185999818
1767295953.355233,8531,combined_score,0.9856288958268498,0.997019504021749,0.011641191991100586,-0.011390608194899232
1767296003.9203563,8528,combined_score,0.0,0.997019504021749,-0.9856288958268498,-0.997019504021749
1767296090.165805,8535,combined_score,0.0,0.997019504021749,0.0,-0.997019504021749
1767296132.471789,8533,combined_score,0.0,0.997019504021749,0.0,-0.997019504021749
1767296201.977581,8536,combined_score,0.9715889977072598,0.997019504021749,0.9715889977072598,-0.025430506314489176
1767296293.5714014,8534,combined_score,0.0,0.997019504021749,-0.9715889977072598,-0.997019504021749
1767296337.8631737,8539,combined_score,0.8927208924337208,0.997019504021749,0.8927208924337208,-0.10429861158802822
1767296398.9054286,8541,combined_score,0.0,0.997019504021749,-0.8927208924337208,-0.997019504021749
1767296409.7477279,8538,combined_score,0.0,0.997019504021749,0.0,-0.997019504021749
1767296474.701649,8543,combined_score,0.0,0.997019504021749,0.0,-0.997019504021749
1767296524.2487285,8537,combined_score,0.0,0.997019504021749,0.0,-0.997019504021749
1767296528.7257316,8540,combined_score,0.9647626601304865,0.997019504021749,0.9647626601304865,-0.03225684389126249
1767296589.4695375,8542,combined_score,0.95156536901246,0.997019504021749,-0.013197291118026477,-0.045454135009288965
1767296679.4599533,8544,combined_score,0.9728040194494431,0.997019504021749,0.02123865043698303,-0.024215484572305934
1767296684.3158917,8545,combined_score,0.0,0.997019504021749,-0.9728040194494431,-0.997019504021749
1767296737.2421248,8548,combined_score,0.0,0.997019504021749,0.0,-0.997019504021749
1767296815.7229977,8547,combined_score,0.9795301683740122,0.997019504021749,0.9795301683740122,-0.017489335647736803
1767296868.9791365,8549,combined_score,0.982109398287767,0.997019504021749,0.0025792299137548103,-0.014910105733981993
1767296872.023057,8550,combined_score,0.0,0.997019504021749,-0.982109398287767,-0.997019504021749
1767296926.7000053,8552,combined_score,0.0,0.997019504021749,0.0,-0.997019504021749
1767296958.4036028,8546,combined_score,0.0,0.997019504021749,0.0,-0.997019504021749
1767297052.328085,8553,combined_score,0.0,0.997019504021749,0.0,-0.997019504021749
1767297112.0205302,8554,combined_score,0.0,0.997019504021749,0.0,-0.997019504021749
1767297133.0652528,8551,combined_score,0.0,0.997019504021749,0.0,-0.997019504021749
1767297174.2004983,8555,combined_score,0.0,0.997019504021749,0.0,-0.997019504021749
1767297297.0151298,8556,combined_score,0.0,0.997019504021749,0.0,-0.997019504021749
1767297298.1464388,8558,combined_score,0.9601818745203813,0.997019504021749,0.9601818745203813,-0.03683762950136771
1767297320.895892,8559,combined_score,0.0,0.997019504021749,-0.9601818745203813,-0.997019504021749
1767297394.2914588,8557,combined_score,0.9758528497881178,0.997019504021749,0.9758528497881178,-0.021166654233631177
1767297466.119023,8561,combined_score,0.9831283904052043,0.997019504021749,0.007275540617086462,-0.013891113616544715
1767297506.6158328,8560,combined_score,0.9880399950414909,0.997019504021749,0.004911604636286593,-0.008979508980258122
1767297542.4332614,8562,combined_score,0.9912635435552526,0.997019504021749,0.0032235485137617204,-0.0057559604664964015
1767297561.1906958,8565,combined_score,0.0,0.997019504021749,-0.9912635435552526,-0.997019504021749
1767297599.5987017,8566,combined_score,0.0,0.997019504021749,0.0,-0.997019504021749
1767297652.1376374,8568,combined_score,0.0,0.997019504021749,0.0,-0.997019504021749
1767297725.6796768,8569,combined_score,0.8836308779810985,0.997019504021749,0.8836308779810985,-0.11338862604065048
1767297771.4207823,8564,combined_score,0.0,0.997019504021749,-0.8836308779810985,-0.997019504021749
1767297821.6654623,8563,combined_score,0.0,0.997019504021749,0.0,-0.997019504021749
1767297856.0336754,8570,combined_score,0.9749305964186896,0.997019504021749,0.9749305964186896,-0.02208890760305937
1767297870.2919824,8572,combined_score,0.0,0.997019504021749,-0.9749305964186896,-0.997019504021749
1767297981.7896852,8567,combined_score,0.0,0.997019504021749,0.0,-0.997019504021749
1767298000.3896065,8571,combined_score,0.9819567468746441,0.997019504021749,0.9819567468746441,-0.015062757147104922
1767298024.2738776,8573,combined_score,0.0,0.997019504021749,-0.9819567468746441,-0.997019504021749
1767298035.4597645,8574,combined_score,0.9827549207189165,0.997019504021749,0.9827549207189165,-0.014264583302832534
1767298064.1968565,8575,combined_score,0.8439767948367584,0.997019504021749,-0.1387781258821581,-0.15304270918499063
1767298111.3055038,8579,combined_score,0.0,0.997019504021749,-0.8439767948367584,-0.997019504021749
1767298131.8826954,8578,combined_score,0.0,0.997019504021749,0.0,-0.997019504021749
1767298138.666015,8576,combined_score,0.0,0.997019504021749,0.0,-0.997019504021749
1767298252.3203962,8581,combined_score,0.9591316832496978,0.997019504021749,0.9591316832496978,-0.03788782077205122
1767298270.2754936,8577,combined_score,0.9846753837404698,0.997019504021749,0.025543700490772037,-0.01234412028127918
1767298285.2813833,8580,combined_score,0.0,0.997019504021749,-0.9846753837404698,-0.997019504021749
1767298382.3502393,8583,combined_score,0.0,0.997019504021749,0.0,-0.997019504021749
1767298426.6026704,8585,combined_score,0.9636102661845408,0.997019504021749,0.9636102661845408,-0.03340923783720817
1767298460.4960806,8584,combined_score,0.0,0.997019504021749,-0.9636102661845408,-0.997019504021749
1767298513.652692,8588,combined_score,0.0,0.997019504021749,0.0,-0.997019504021749
1767298557.901438,8589,combined_score,0.0,0.997019504021749,0.0,-0.997019504021749
1767298621.7154548,8586,combined_score,0.0,0.997019504021749,0.0,-0.997019504021749
1767298631.6924965,8582,combined_score,0.0,0.997019504021749,0.0,-0.997019504021749
1767298777.09048,8591,combined_score,0.9821646681560802,0.997019504021749,0.9821646681560802,-0.014854835865668825
1767298812.0161579,8587,combined_score,0.0,0.997019504021749,-0.9821646681560802,-0.997019504021749
1767298852.6238606,8592,combined_score,0.0,0.997019504021749,0.0,-0.997019504021749
1767298979.7816224,8590,combined_score,0.0,0.997019504021749,0.0,-0.997019504021749
1767299009.2650244,8594,combined_score,0.9741028080669545,0.997019504021749,0.9741028080669545,-0.022916695954794508
1767299059.506436,8597,combined_score,0.0,0.997019504021749,-0.9741028080669545,-0.997019504021749
1767299096.109835,8593,combined_score,0.0,0.997019504021749,0.0,-0.997019504021749
1767299139.6180494,8599,combined_score,0.0,0.997019504021749,0.0,-0.997019504021749
1767299186.9298928,8596,combined_score,0.9853290047980083,0.997019504021749,0.9853290047980083,-0.011690499223740658
1767299192.5706398,8600,combined_score,0.0,0.997019504021749,-0.9853290047980083,-0.997019504021749
1767299228.14266,8601,combined_score,0.0,0.997019504021749,0.0,-0.997019504021749
1767299293.312172,8598,combined_score,0.0,0.997019504021749,0.0,-0.997019504021749
1767299325.45804,8595,combined_score,0.0,0.997019504021749,0.0,-0.997019504021749
1767299353.1281762,8602,combined_score,0.9654226402512802,0.997019504021749,0.9654226402512802,-0.031596863770468775
1767299394.3144193,8605,combined_score,0.9693690651541736,0.997019504021749,0.003946424902893431,-0.027650438867575344
1767299442.1597724,8603,combined_score,0.9719013417539706,0.997019504021749,0.0025322765997969343,-0.02511816226777841
1767299517.888046,8606,combined_score,0.9788554438216067,0.997019504021749,0.0069541020676361365,-0.018164060200142274
1767299612.2624426,8608,combined_score,0.0,0.997019504021749,-0.9788554438216067,-0.997019504021749
1767299644.9071558,8607,combined_score,0.0,0.997019504021749,0.0,-0.997019504021749
1767299733.99146,8604,combined_score,0.0,0.997019504021749,0.0,-0.997019504021749
1767299819.0924125,8610,combined_score,0.0,0.997019504021749,0.0,-0.997019504021749
1767299876.494588,8613,combined_score,0.0,0.997019504021749,0.0,-0.997019504021749
1767299881.4420407,8611,combined_score,0.0,0.997019504021749,0.0,-0.997019504021749
1767299918.300212,8612,combined_score,0.9890291454823573,0.997019504021749,0.9890291454823573,-0.007990358539391673
1767299947.3248925,8609,combined_score,0.0,0.997019504021749,-0.9890291454823573,-0.997019504021749
1767300096.7746227,8615,combined_score,0.9862392467793926,0.997019504021749,0.9862392467793926,-0.010780257242356428
1767300158.1411695,8614,combined_score,0.968570694580158,0.997019504021749,-0.017668552199234577,-0.028448809441591005
1767300180.4027529,8617,combined_score,0.9801397621752045,0.997019504021749,0.0115690675950465,-0.016879741846544505
1767300247.99642,8620,combined_score,0.0,0.997019504021749,-0.9801397621752045,-0.997019504021749
1767300354.9766653,8616,combined_score,0.0,0.997019504021749,0.0,-0.997019504021749
1767300373.877371,8619,combined_score,0.9766898311647952,0.997019504021749,0.9766898311647952,-0.02032967285695375
1767300428.460735,8623,combined_score,0.0,0.997019504021749,-0.9766898311647952,-0.997019504021749
1767300475.9240057,8621,combined_score,0.9780434422716398,0.997019504021749,0.9780434422716398,-0.01897606175010924
1767300536.7404964,8618,combined_score,0.0,0.997019504021749,-0.9780434422716398,-0.997019504021749
1767300572.4882958,8622,combined_score,0.9850293596173221,0.997019504021749,0.9850293596173221,-0.011990144404426917
1767300607.3995626,8625,combined_score,0.0,0.997019504021749,-0.9850293596173221,-0.997019504021749
1767300697.3573546,8624,combined_score,0.9702384395438192,0.997019504021749,0.9702384395438192,-0.026781064477929828
1767300744.640999,8626,combined_score,0.9698857323036905,0.997019504021749,-0.00035270724012870236,-0.02713377171805853
1767300756.0912828,8628,combined_score,0.0,0.997019504021749,-0.9698857323036905,-0.997019504021749
1767300797.4392362,8627,combined_score,0.97797396778484,0.997019504021749,0.97797396778484,-0.019045536236908966
1767300800.305384,8629,combined_score,0.9429736699234189,0.997019504021749,-0.035000297861421115,-0.05404583409833008
1767300936.9213367,8630,combined_score,0.9832524977552488,0.997019504021749,0.0402788278318299,-0.013767006266500181
1767300953.632481,8631,combined_score,0.9853842347780278,0.997019504021749,0.0021317370227790233,-0.011635269243721158
1767301054.9465103,8632,combined_score,0.0,0.997019504021749,-0.9853842347780278,-0.997019504021749
1767301055.5118659,8633,combined_score,0.0,0.997019504021749,0.0,-0.997019504021749
1767301084.1757765,8634,combined_score,0.9870629870533739,0.997019504021749,0.9870629870533739,-0.009956516968375073
1767301105.6169739,8637,combined_score,0.0,0.997019504021749,-0.9870629870533739,-0.997019504021749
1767301118.917171,8635,combined_score,0.0,0.997019504021749,0.0,-0.997019504021749
1767301185.7830837,8636,combined_score,0.0,0.997019504021749,0.0,-0.997019504021749
1767301256.4303648,8640,combined_score,0.0,0.997019504021749,0.0,-0.997019504021749
1767301265.3073997,8638,combined_score,0.9778271722888735,0.997019504021749,0.9778271722888735,-0.01919233173287549
1767301284.7810998,8641,combined_score,0.8659379444569834,0.997019504021749,-0.11188922783189015,-0.13108155956476564
1767301329.939331,8644,combined_score,0.0,0.997019504021749,-0.8659379444569834,-0.997019504021749
1767301340.4628024,8639,combined_score,0.0,0.997019504021749,0.0,-0.997019504021749
1767301380.3751786,8646,combined_score,0.0,0.997019504021749,0.0,-0.997019504021749
1767301395.209669,8642,combined_score,0.9253363013176917,0.997019504021749,0.9253363013176917,-0.07168320270405726
1767301435.7739758,8648,combined_score,0.0,0.997019504021749,-0.9253363013176917,-0.997019504021749
1767301457.2330012,8643,combined_score,0.9759051261856314,0.997019504021749,0.9759051261856314,-0.02111437783611758
1767301469.6769023,8647,combined_score,0.9010152288279517,0.997019504021749,-0.0748898973576797,-0.09600427519379728
1767301473.3799787,8645,combined_score,0.0,0.997019504021749,-0.9010152288279517,-0.997019504021749
1767301519.6980774,8652,combined_score,0.0,0.997019504021749,0.0,-0.997019504021749
1767301537.69504,8651,combined_score,0.928961885165296,0.997019504021749,0.928961885165296,-0.068057618856453
1767301578.861284,8649,combined_score,0.0,0.997019504021749,-0.928961885165296,-0.997019504021749
1767301617.8074017,8650,combined_score,0.8654640919085752,0.997019504021749,0.8654640919085752,-0.1315554121131738
1767301660.2912102,8656,combined_score,0.0,0.997019504021749,-0.8654640919085752,-0.997019504021749
1767301662.9552457,8653,combined_score,0.0,0.997019504021749,0.0,-0.997019504021749
1767301708.8224342,8657,combined_score,0.0,0.997019504021749,0.0,-0.997019504021749
1767301737.1041172,8655,combined_score,0.9725477008135858,0.997019504021749,0.9725477008135858,-0.024471803208163223
1767301803.7611392,8658,combined_score,0.0,0.997019504021749,-0.9725477008135858,-0.997019504021749
1767301851.0809839,8660,combined_score,0.0,0.997019504021749,0.0,-0.997019504021749
1767301861.068524,8654,combined_score,0.0,0.997019504021749,0.0,-0.997019504021749
1767301891.890822,8662,combined_score,0.0,0.997019504021749,0.0,-0.997019504021749
1767301897.9986858,8659,combined_score,0.9709283453200336,0.997019504021749,0.9709283453200336,-0.02609115870171541
1767301914.780011,8661,combined_score,0.0,0.997019504021749,-0.9709283453200336,-0.997019504021749
1767301939.2620103,8665,combined_score,0.0,0.997019504021749,0.0,-0.997019504021749
1767302064.1606984,8666,combined_score,0.0,0.997019504021749,0.0,-0.997019504021749
1767302092.7194517,8664,combined_score,0.9681467830192011,0.997019504021749,0.9681467830192011,-0.028872721002547896
1767302137.5747905,8663,combined_score,0.997019504021749,0.997019504021749,0.028872721002547896,0.0
1767302143.8916554,8669,combined_score,0.8549565643768144,0.997019504021749,-0.14206293964493455,-0.14206293964493455
1767302166.740544,8667,combined_score,0.954580670045183,0.997019504021749,0.09962410566836855,-0.042438833976566004
1767302204.1201153,8668,combined_score,0.0,0.997019504021749,-0.954580670045183,-0.997019504021749
1767302305.3986533,8670,combined_score,0.0,0.997019504021749,0.0,-0.997019504021749
1767302310.4536972,8671,combined_score,0.9393754579058637,0.997019504021749,0.9393754579058637,-0.05764404611588525
1767302318.520035,8673,combined_score,0.8924288320419376,0.997019504021749,-0.04694662586392617,-0.10459067197981142
1767302372.9799874,8676,combined_score,0.8426363704918771,0.997019504021749,-0.04979246155006045,-0.15438313352987187
1767302401.1376996,8672,combined_score,0.9733768563009427,0.997019504021749,0.1307404858090656,-0.023642647720806265
1767302438.0527554,8678,combined_score,0.0,0.997019504021749,-0.9733768563009427,-0.997019504021749
1767302489.994887,8675,combined_score,0.9719864140362738,0.997019504021749,0.9719864140362738,-0.025033089985475154
1767302526.2804255,8674,combined_score,0.0,0.997019504021749,-0.9719864140362738,-0.997019504021749
1767302608.0845315,8679,combined_score,0.0,0.997019504021749,0.0,-0.997019504021749
1767302673.7536023,8680,combined_score,0.9724462872229004,0.997019504021749,0.9724462872229004,-0.024573216798848607
1767302678.3961802,8681,combined_score,0.0,0.997019504021749,-0.9724462872229004,-0.997019504021749
1767302755.5558155,8683,combined_score,0.8941220357241316,0.997019504021749,0.8941220357241316,-0.10289746829761737
1767302794.7065928,8677,combined_score,0.0,0.997019504021749,-0.8941220357241316,-0.997019504021749
1767302837.2425575,8682,combined_score,0.0,0.997019504021749,0.0,-0.997019504021749
1767302880.404999,8684,combined_score,0.9789174785780176,0.997019504021749,0.9789174785780176,-0.018102025443731407
1767302954.898723,8685,combined_score,0.9721317180347455,0.997019504021749,-0.006785760543272068,-0.024887785987003475
1767302963.0242026,8687,combined_score,0.0,0.997019504021749,-0.9721317180347455,-0.997019504021749
1767303014.1407852,8689,combined_score,0.0,0.997019504021749,0.0,-0.997019504021749
1767303057.2868137,8686,combined_score,0.0,0.997019504021749,0.0,-0.997019504021749
1767303057.349577,8688,combined_score,0.97486781558319,0.997019504021749,0.97486781558319,-0.02215168843855897
1767303194.8631747,8692,combined_score,0.0,0.997019504021749,-0.97486781558319,-0.997019504021749
1767303205.7349691,8693,combined_score,0.0,0.997019504021749,0.0,-0.997019504021749
1767303210.4106996,8690,combined_score,0.0,0.997019504021749,0.0,-0.997019504021749
1767303227.0726762,8691,combined_score,0.9809867722175715,0.997019504021749,0.9809867722175715,-0.016032731804177525
1767303248.392347,8695,combined_score,0.0,0.997019504021749,-0.9809867722175715,-0.997019504021749
1767303345.9036195,8696,combined_score,0.0,0.997019504021749,0.0,-0.997019504021749
1767303410.471379,8694,combined_score,0.0,0.997019504021749,0.0,-0.997019504021749
1767303420.2037473,8697,combined_score,0.9826047975278377,0.997019504021749,0.9826047975278377,-0.0144147064939113
1767303437.9848912,8698,combined_score,0.9643577372030805,0.997019504021749,-0.018247060324757203,-0.0326617668186685
1767303454.6629143,8699,combined_score,0.0,0.997019504021749,-0.9643577372030805,-0.997019504021749
1767303519.5917916,8704,combined_score,0.0,0.997019504021749,0.0,-0.997019504021749
1767303528.8751018,8702,combined_score,0.9285833525939172,0.997019504021749,0.9285833525939172,-0.06843615142783177
1767303568.7285035,8705,combined_score,0.0,0.997019504021749,-0.9285833525939172,-0.997019504021749
1767303579.6883848,8703,combined_score,0.0,0.997019504021749,0.0,-0.997019504021749
1767303611.4263654,8707,combined_score,0.0,0.997019504021749,0.0,-0.997019504021749
1767303612.6983252,8701,combined_score,0.9698438988466179,0.997019504021749,0.9698438988466179,-0.027175605175131068
1767303783.6274893,8709,combined_score,0.9899859312060824,0.997019504021749,0.020142032359464435,-0.007033572815666633
1767303813.6459308,8708,combined_score,0.9834413852101529,0.997019504021749,-0.006544545995929463,-0.013578118811596096
1767303850.9224796,8710,combined_score,0.0,0.997019504021749,-0.9834413852101529,-0.997019504021749
1767303937.9657905,8712,combined_score,0.9357997491956782,0.997019504021749,0.9357997491956782,-0.06121975482607078
1767303972.2224686,8706,combined_score,0.0,0.997019504021749,-0.9357997491956782,-0.997019504021749
1767304012.1122756,8711,combined_score,0.9876135702737602,0.997019504021749,0.9876135702737602,-0.009405933747988815
